{"level":"info","ts":1787682503.9682431,"msg":"maxprocs: Leaving GOMAXPROCS=28: CPU quota undefined"}
{"level":"info","ts":1787682503.9682431,"msg":"GOMEMLIMIT is updated","GOMEMLIMIT":77089462272,"previous":9223372036854775807}
{"level":"info","ts":1787682503.9682431,"msg":"using config from file","file":"C:\\Project\\LocalAgentApi-WebU - OpenCode\\caddy\\Caddyfile"}
{"level":"info","ts":1787682503.9682431,"msg":"adapted config to JSON","adapter":"caddyfile"}
{"level":"warn","ts":1787682503.9682431,"msg":"Caddyfile input is not formatted; run 'caddy fmt --overwrite' to fix inconsistencies","adapter":"caddyfile","file":"C:\\Project\\LocalAgentApi-WebU - OpenCode\\caddy\\Caddyfile","line":16}
{"level":"info","ts":1787682503.9838772,"logger":"admin","msg":"admin endpoint started","address":"localhost:2019","enforce_origin":false,"origins":["//localhost:2019","//[::1]:2019","//127.0.0.1:2019"]}
{"level":"info","ts":1787682503.9843955,"logger":"tls.cache.maintenance","msg":"started background certificate maintenance","cache":"0x1d7bbbcb6800"}
{"level":"info","ts":1787682503.9843955,"logger":"http.auto_https","msg":"server is listening only on the HTTPS port but has no TLS connection policies; adding one to enable TLS","server_name":"srv0","https_port":443}
{"level":"info","ts":1787682503.9843955,"logger":"http.auto_https","msg":"enabling automatic HTTP->HTTPS redirects","server_name":"srv0"}
{"level":"info","ts":1787682503.9880402,"logger":"http","msg":"enabling HTTP/3 listener","addr":":443"}
{"level":"info","ts":1787682503.9886007,"logger":"http.log","msg":"server running","name":"srv0","protocols":["h1","h2","h3"]}
{"level":"warn","ts":1787682503.9886007,"logger":"http","msg":"HTTP/2 skipped because it requires TLS","network":"tcp","addr":":80"}
{"level":"warn","ts":1787682503.9886007,"logger":"http","msg":"HTTP/3 skipped because it requires TLS","network":"tcp","addr":":80"}
{"level":"info","ts":1787682503.9886007,"logger":"http.log","msg":"server running","name":"remaining_auto_https_redirects","protocols":["h1","h2","h3"]}
{"level":"info","ts":1787682503.9886007,"logger":"http","msg":"enabling automatic TLS certificate management","domains":["kitap.rorcun.com","rorcun.com","www.rorcun.com"]}
{"level":"info","ts":1787682503.9901478,"msg":"autosaved config (load with --resume flag)","file":"C:\\WINDOWS\\system32\\config\\systemprofile\\AppData\\Roaming\\Caddy\\autosave.json"}
{"level":"info","ts":1787682503.9901478,"msg":"serving initial configuration"}
{"level":"info","ts":1787682504.0041518,"logger":"tls","msg":"storage cleaning happened too recently; skipping for now","storage":"FileStorage:C:/Project/LocalAgentApi-WebU - OpenCode/caddy/data","instance":"b236dd29-3b0c-4f18-961f-5b37a9be84f6","try_again":1787768904.0041518,"try_again_in":86400}
{"level":"info","ts":1787682504.0041518,"logger":"tls","msg":"finished cleaning storage units"}
{"level":"info","ts":1787695704.9388855,"logger":"http.acme_client","msg":"got renewal info","names":["rorcun.com"],"window_start":1788130905,"window_end":1788286354,"selected_time":1788211281,"recheck_after":1787720492.9388855,"explanation_url":""}
{"level":"info","ts":1787695704.9430845,"logger":"tls.cache.maintenance","msg":"updated and stored ACME renewal information","identifiers":["rorcun.com"],"cert_hash":"e43ef4628ddbc969851f2715a4c00886c6055c563b183770bf55e137e15ef8f9","ari_unique_id":"uVnyjs8i8IbTN0j_dhQYuoLYVYc.BqVHK705Np_day4Mpjrfjsr3","cert_expiry":1790799460,"selected_time":1788133578,"next_update":1787720492.9388855,"explanation_url":""}
{"level":"info","ts":1787696304.6557207,"logger":"http.acme_client","msg":"got renewal info","names":["www.rorcun.com"],"window_start":1788130905,"window_end":1788286355,"selected_time":1788150708,"recheck_after":1787718863.6557207,"explanation_url":""}
{"level":"info","ts":1787696304.6599073,"logger":"tls.cache.maintenance","msg":"updated and stored ACME renewal information","identifiers":["www.rorcun.com"],"cert_hash":"402725242beaedcd63ff31bb073420a6a5876bdaa5730af1f388ee385ace124e","ari_unique_id":"uVnyjs8i8IbTN0j_dhQYuoLYVYc.BsHGsk9ngaoGK0xrZ6JBV4-N","cert_expiry":1790799460,"selected_time":1788198756,"next_update":1787718863.6557207,"explanation_url":""}
{"level":"info","ts":1787697504.8648973,"logger":"http.acme_client","msg":"got renewal info","names":["kitap.rorcun.com"],"window_start":1792626120,"window_end":1792781570,"selected_time":1792691735,"recheck_after":1787721324.8648973,"explanation_url":""}
{"level":"info","ts":1787697504.8690975,"logger":"tls.cache.maintenance","msg":"updated and stored ACME renewal information","identifiers":["kitap.rorcun.com"],"cert_hash":"fd0e8ad1bdbc174e847d4fc116ba575b4e8e2567d97e05095a85b34073590464","ari_unique_id":"uyDKRwv-1-Wc-Y8JKqOMN0WxvNg.BlnYk7Ci4YCBHKKKKFSmGLjw","cert_expiry":1795294675,"selected_time":1792672397,"next_update":1787721324.8648973,"explanation_url":""}
{"level":"info","ts":1787699526.676725,"msg":"maxprocs: Leaving GOMAXPROCS=28: CPU quota undefined"}
{"level":"info","ts":1787699526.676725,"msg":"GOMEMLIMIT is updated","GOMEMLIMIT":77089462272,"previous":9223372036854775807}
{"level":"info","ts":1787699526.676725,"msg":"using config from file","file":"C:\\Project\\LocalAgentApi-WebU - OpenCode\\caddy\\Caddyfile"}
{"level":"info","ts":1787699526.676725,"msg":"adapted config to JSON","adapter":"caddyfile"}
{"level":"warn","ts":1787699526.676725,"msg":"Caddyfile input is not formatted; run 'caddy fmt --overwrite' to fix inconsistencies","adapter":"caddyfile","file":"C:\\Project\\LocalAgentApi-WebU - OpenCode\\caddy\\Caddyfile","line":16}
{"level":"info","ts":1787699526.6928964,"logger":"admin","msg":"admin endpoint started","address":"localhost:2019","enforce_origin":false,"origins":["//localhost:2019","//[::1]:2019","//127.0.0.1:2019"]}
{"level":"info","ts":1787699526.693422,"logger":"tls.cache.maintenance","msg":"started background certificate maintenance","cache":"0x31e604892f00"}
{"level":"info","ts":1787699526.693422,"logger":"http.auto_https","msg":"server is listening only on the HTTPS port but has no TLS connection policies; adding one to enable TLS","server_name":"srv0","https_port":443}
{"level":"info","ts":1787699526.693422,"logger":"http.auto_https","msg":"enabling automatic HTTP->HTTPS redirects","server_name":"srv0"}
{"level":"warn","ts":1787699526.6970732,"logger":"http","msg":"HTTP/2 skipped because it requires TLS","network":"tcp","addr":":80"}
{"level":"warn","ts":1787699526.6970732,"logger":"http","msg":"HTTP/3 skipped because it requires TLS","network":"tcp","addr":":80"}
{"level":"info","ts":1787699526.6970732,"logger":"http.log","msg":"server running","name":"remaining_auto_https_redirects","protocols":["h1","h2","h3"]}
{"level":"info","ts":1787699526.6970732,"logger":"http","msg":"enabling HTTP/3 listener","addr":":443"}
{"level":"info","ts":1787699526.6970732,"logger":"http.log","msg":"server running","name":"srv0","protocols":["h1","h2","h3"]}
{"level":"info","ts":1787699526.6970732,"logger":"http","msg":"enabling automatic TLS certificate management","domains":["kitap.rorcun.com","rorcun.com","www.rorcun.com"]}
{"level":"info","ts":1787699526.6970732,"msg":"autosaved config (load with --resume flag)","file":"C:\\WINDOWS\\system32\\config\\systemprofile\\AppData\\Roaming\\Caddy\\autosave.json"}
{"level":"info","ts":1787699526.6970732,"msg":"serving initial configuration"}
{"level":"info","ts":1787699526.700844,"logger":"tls","msg":"storage cleaning happened too recently; skipping for now","storage":"FileStorage:C:/Project/LocalAgentApi-WebU - OpenCode/caddy/data","instance":"b236dd29-3b0c-4f18-961f-5b37a9be84f6","try_again":1787785926.700844,"try_again_in":86400}
{"level":"info","ts":1787699526.700844,"logger":"tls","msg":"finished cleaning storage units"}
{"level":"info","ts":1787719327.6120028,"logger":"http.acme_client","msg":"got renewal info","names":["www.rorcun.com"],"window_start":1788130905,"window_end":1788286355,"selected_time":1788172623,"recheck_after":1787741019.6120028,"explanation_url":""}
{"level":"info","ts":1787719327.6216547,"logger":"tls.cache.maintenance","msg":"updated and stored ACME renewal information","identifiers":["www.rorcun.com"],"cert_hash":"402725242beaedcd63ff31bb073420a6a5876bdaa5730af1f388ee385ace124e","ari_unique_id":"uVnyjs8i8IbTN0j_dhQYuoLYVYc.BsHGsk9ngaoGK0xrZ6JBV4-N","cert_expiry":1790799460,"selected_time":1788198756,"next_update":1787741019.6120028,"explanation_url":""}
{"level":"info","ts":1787720527.404026,"logger":"http.acme_client","msg":"got renewal info","names":["rorcun.com"],"window_start":1788130905,"window_end":1788286354,"selected_time":1788197234,"recheck_after":1787738668.404026,"explanation_url":""}
{"level":"info","ts":1787720527.414368,"logger":"tls.cache.maintenance","msg":"updated and stored ACME renewal information","identifiers":["rorcun.com"],"cert_hash":"e43ef4628ddbc969851f2715a4c00886c6055c563b183770bf55e137e15ef8f9","ari_unique_id":"uVnyjs8i8IbTN0j_dhQYuoLYVYc.BqVHK705Np_day4Mpjrfjsr3","cert_expiry":1790799460,"selected_time":1788133578,"next_update":1787738668.404026,"explanation_url":""}
{"level":"info","ts":1787721727.4569876,"logger":"http.acme_client","msg":"got renewal info","names":["kitap.rorcun.com"],"window_start":1792626120,"window_end":1792781570,"selected_time":1792690447,"recheck_after":1787742085.4569876,"explanation_url":""}
{"level":"info","ts":1787721727.4661946,"logger":"tls.cache.maintenance","msg":"updated and stored ACME renewal information","identifiers":["kitap.rorcun.com"],"cert_hash":"fd0e8ad1bdbc174e847d4fc116ba575b4e8e2567d97e05095a85b34073590464","ari_unique_id":"uyDKRwv-1-Wc-Y8JKqOMN0WxvNg.BlnYk7Ci4YCBHKKKKFSmGLjw","cert_expiry":1795294675,"selected_time":1792672397,"next_update":1787742085.4569876,"explanation_url":""}
{"level":"info","ts":1787739127.431915,"logger":"http.acme_client","msg":"got renewal info","names":["rorcun.com"],"window_start":1788130905,"window_end":1788286354,"selected_time":1788147762,"recheck_after":1787763493.431915,"explanation_url":""}
{"level":"info","ts":1787739127.4382625,"logger":"tls.cache.maintenance","msg":"updated and stored ACME renewal information","identifiers":["rorcun.com"],"cert_hash":"e43ef4628ddbc969851f2715a4c00886c6055c563b183770bf55e137e15ef8f9","ari_unique_id":"uVnyjs8i8IbTN0j_dhQYuoLYVYc.BqVHK705Np_day4Mpjrfjsr3","cert_expiry":1790799460,"selected_time":1788133578,"next_update":1787763493.431915,"explanation_url":""}
{"level":"info","ts":1787741527.4469879,"logger":"http.acme_client","msg":"got renewal info","names":["www.rorcun.com"],"window_start":1788130905,"window_end":1788286355,"selected_time":1788196376,"recheck_after":1787762090.4469879,"explanation_url":""}
{"level":"info","ts":1787741527.4524791,"logger":"tls.cache.maintenance","msg":"updated and stored ACME renewal information","identifiers":["www.rorcun.com"],"cert_hash":"402725242beaedcd63ff31bb073420a6a5876bdaa5730af1f388ee385ace124e","ari_unique_id":"uVnyjs8i8IbTN0j_dhQYuoLYVYc.BsHGsk9ngaoGK0xrZ6JBV4-N","cert_expiry":1790799460,"selected_time":1788198756,"next_update":1787762090.4469879,"explanation_url":""}
{"level":"info","ts":1787742127.394423,"logger":"http.acme_client","msg":"got renewal info","names":["kitap.rorcun.com"],"window_start":1792626120,"window_end":1792781570,"selected_time":1792700446,"recheck_after":1787766023.394423,"explanation_url":""}
{"level":"info","ts":1787742127.3998964,"logger":"tls.cache.maintenance","msg":"updated and stored ACME renewal information","identifiers":["kitap.rorcun.com"],"cert_hash":"fd0e8ad1bdbc174e847d4fc116ba575b4e8e2567d97e05095a85b34073590464","ari_unique_id":"uyDKRwv-1-Wc-Y8JKqOMN0WxvNg.BlnYk7Ci4YCBHKKKKFSmGLjw","cert_expiry":1795294675,"selected_time":1792672397,"next_update":1787766023.394423,"explanation_url":""}
{"level":"info","ts":1787762527.4120135,"logger":"http.acme_client","msg":"got renewal info","names":["www.rorcun.com"],"window_start":1788130905,"window_end":1788286355,"selected_time":1788282987,"recheck_after":1787785530.4120135,"explanation_url":""}
{"level":"info","ts":1787762527.4184704,"logger":"tls.cache.maintenance","msg":"updated and stored ACME renewal information","identifiers":["www.rorcun.com"],"cert_hash":"402725242beaedcd63ff31bb073420a6a5876bdaa5730af1f388ee385ace124e","ari_unique_id":"uVnyjs8i8IbTN0j_dhQYuoLYVYc.BsHGsk9ngaoGK0xrZ6JBV4-N","cert_expiry":1790799460,"selected_time":1788198756,"next_update":1787785530.4120135,"explanation_url":""}
{"level":"info","ts":1787763727.5868132,"logger":"http.acme_client","msg":"got renewal info","names":["rorcun.com"],"window_start":1788130905,"window_end":1788286354,"selected_time":1788153200,"recheck_after":1787788545.5868132,"explanation_url":""}
{"level":"info","ts":1787763727.592296,"logger":"tls.cache.maintenance","msg":"updated and stored ACME renewal information","identifiers":["rorcun.com"],"cert_hash":"e43ef4628ddbc969851f2715a4c00886c6055c563b183770bf55e137e15ef8f9","ari_unique_id":"uVnyjs8i8IbTN0j_dhQYuoLYVYc.BqVHK705Np_day4Mpjrfjsr3","cert_expiry":1790799460,"selected_time":1788133578,"next_update":1787788545.5868132,"explanation_url":""}
{"level":"info","ts":1787766127.353581,"logger":"http.acme_client","msg":"got renewal info","names":["kitap.rorcun.com"],"window_start":1792626120,"window_end":1792781570,"selected_time":1792691724,"recheck_after":1787783571.353581,"explanation_url":""}
{"level":"info","ts":1787766127.3596268,"logger":"tls.cache.maintenance","msg":"updated and stored ACME renewal information","identifiers":["kitap.rorcun.com"],"cert_hash":"fd0e8ad1bdbc174e847d4fc116ba575b4e8e2567d97e05095a85b34073590464","ari_unique_id":"uyDKRwv-1-Wc-Y8JKqOMN0WxvNg.BlnYk7Ci4YCBHKKKKFSmGLjw","cert_expiry":1795294675,"selected_time":1792672397,"next_update":1787783571.353581,"explanation_url":""}
{"level":"info","ts":1787781514.0645719,"msg":"maxprocs: Leaving GOMAXPROCS=28: CPU quota undefined"}
{"level":"info","ts":1787781514.0645719,"msg":"GOMEMLIMIT is updated","GOMEMLIMIT":77089462272,"previous":9223372036854775807}
{"level":"info","ts":1787781514.0645719,"msg":"using config from file","file":"C:\\Project\\LocalAgentApi-WebU - OpenCode\\caddy\\Caddyfile"}
{"level":"info","ts":1787781514.0645719,"msg":"adapted config to JSON","adapter":"caddyfile"}
{"level":"warn","ts":1787781514.0645719,"msg":"Caddyfile input is not formatted; run 'caddy fmt --overwrite' to fix inconsistencies","adapter":"caddyfile","file":"C:\\Project\\LocalAgentApi-WebU - OpenCode\\caddy\\Caddyfile","line":16}
{"level":"info","ts":1787781514.073497,"logger":"admin","msg":"admin endpoint started","address":"localhost:2019","enforce_origin":false,"origins":["//127.0.0.1:2019","//localhost:2019","//[::1]:2019"]}
{"level":"info","ts":1787781514.073497,"logger":"tls.cache.maintenance","msg":"started background certificate maintenance","cache":"0x168c3e238880"}
{"level":"info","ts":1787781514.073497,"logger":"http.auto_https","msg":"server is listening only on the HTTPS port but has no TLS connection policies; adding one to enable TLS","server_name":"srv0","https_port":443}
{"level":"info","ts":1787781514.073497,"logger":"http.auto_https","msg":"enabling automatic HTTP->HTTPS redirects","server_name":"srv0"}
{"level":"info","ts":1787781514.077673,"logger":"http","msg":"enabling HTTP/3 listener","addr":":443"}
{"level":"info","ts":1787781514.0781941,"logger":"http.log","msg":"server running","name":"srv0","protocols":["h1","h2","h3"]}
{"level":"warn","ts":1787781514.0781941,"logger":"http","msg":"HTTP/2 skipped because it requires TLS","network":"tcp","addr":":80"}
{"level":"warn","ts":1787781514.0781941,"logger":"http","msg":"HTTP/3 skipped because it requires TLS","network":"tcp","addr":":80"}
{"level":"info","ts":1787781514.0781941,"logger":"http.log","msg":"server running","name":"remaining_auto_https_redirects","protocols":["h1","h2","h3"]}
{"level":"info","ts":1787781514.0781941,"logger":"http","msg":"enabling automatic TLS certificate management","domains":["www.rorcun.com","kitap.rorcun.com","rorcun.com"]}
{"level":"info","ts":1787781514.0787222,"msg":"autosaved config (load with --resume flag)","file":"C:\\WINDOWS\\system32\\config\\systemprofile\\AppData\\Roaming\\Caddy\\autosave.json"}
{"level":"info","ts":1787781514.0787222,"msg":"serving initial configuration"}
{"level":"info","ts":1787781514.0813084,"logger":"tls","msg":"cleaning storage unit","storage":"FileStorage:C:/Project/LocalAgentApi-WebU - OpenCode/caddy/data"}
{"level":"info","ts":1787781514.084936,"logger":"tls","msg":"finished cleaning storage units"}
{"level":"warn","ts":1787784277.7852342,"logger":"http.acme_client","msg":"HTTP request failed; retrying","url":"https://acme-v02.api.letsencrypt.org/directory","error":"performing request: Get \"https://acme-v02.api.letsencrypt.org/directory\": dial tcp: lookup acme-v02.api.letsencrypt.org: no such host"}
{"level":"info","ts":1787784285.7418022,"logger":"http.acme_client","msg":"got renewal info","names":["kitap.rorcun.com"],"window_start":1792626120,"window_end":1792781570,"selected_time":1792778354,"recheck_after":1787802431.7418022,"explanation_url":""}
{"level":"info","ts":1787784285.7457082,"logger":"tls.cache.maintenance","msg":"updated and stored ACME renewal information","identifiers":["kitap.rorcun.com"],"cert_hash":"fd0e8ad1bdbc174e847d4fc116ba575b4e8e2567d97e05095a85b34073590464","ari_unique_id":"uyDKRwv-1-Wc-Y8JKqOMN0WxvNg.BlnYk7Ci4YCBHKKKKFSmGLjw","cert_expiry":1795294675,"selected_time":1792672397,"next_update":1787802431.7418022,"explanation_url":""}
{"level":"info","ts":1787785714.7112823,"logger":"http.acme_client","msg":"got renewal info","names":["www.rorcun.com"],"window_start":1788130905,"window_end":1788286355,"selected_time":1788132445,"recheck_after":1787805594.7112823,"explanation_url":""}
{"level":"info","ts":1787785714.716035,"logger":"tls.cache.maintenance","msg":"updated and stored ACME renewal information","identifiers":["www.rorcun.com"],"cert_hash":"402725242beaedcd63ff31bb073420a6a5876bdaa5730af1f388ee385ace124e","ari_unique_id":"uVnyjs8i8IbTN0j_dhQYuoLYVYc.BsHGsk9ngaoGK0xrZ6JBV4-N","cert_expiry":1790799460,"selected_time":1788198756,"next_update":1787805594.7112823,"explanation_url":""}
{"level":"info","ts":1787788714.7842357,"logger":"http.acme_client","msg":"got renewal info","names":["rorcun.com"],"window_start":1788130905,"window_end":1788286354,"selected_time":1788275347,"recheck_after":1787811202.7842357,"explanation_url":""}
{"level":"info","ts":1787788714.7895255,"logger":"tls.cache.maintenance","msg":"updated and stored ACME renewal information","identifiers":["rorcun.com"],"cert_hash":"e43ef4628ddbc969851f2715a4c00886c6055c563b183770bf55e137e15ef8f9","ari_unique_id":"uVnyjs8i8IbTN0j_dhQYuoLYVYc.BqVHK705Np_day4Mpjrfjsr3","cert_expiry":1790799460,"selected_time":1788133578,"next_update":1787811202.7842357,"explanation_url":""}
{"level":"info","ts":1787827351.562759,"msg":"maxprocs: Leaving GOMAXPROCS=28: CPU quota undefined"}
{"level":"info","ts":1787827351.5632722,"msg":"GOMEMLIMIT is updated","GOMEMLIMIT":77089462272,"previous":9223372036854775807}
{"level":"info","ts":1787827351.5632722,"msg":"using config from file","file":"C:\\Project\\LocalAgentApi-WebU - OpenCode\\caddy\\Caddyfile"}
{"level":"info","ts":1787827351.5632722,"msg":"adapted config to JSON","adapter":"caddyfile"}
{"level":"warn","ts":1787827351.5632722,"msg":"Caddyfile input is not formatted; run 'caddy fmt --overwrite' to fix inconsistencies","adapter":"caddyfile","file":"C:\\Project\\LocalAgentApi-WebU - OpenCode\\caddy\\Caddyfile","line":16}
{"level":"info","ts":1787827351.573138,"logger":"admin","msg":"admin endpoint started","address":"localhost:2019","enforce_origin":false,"origins":["//localhost:2019","//[::1]:2019","//127.0.0.1:2019"]}
{"level":"info","ts":1787827351.5736468,"logger":"tls.cache.maintenance","msg":"started background certificate maintenance","cache":"0x170c5d786380"}
{"level":"info","ts":1787827351.5736468,"logger":"http.auto_https","msg":"server is listening only on the HTTPS port but has no TLS connection policies; adding one to enable TLS","server_name":"srv0","https_port":443}
{"level":"info","ts":1787827351.5736468,"logger":"http.auto_https","msg":"enabling automatic HTTP->HTTPS redirects","server_name":"srv0"}
{"level":"info","ts":1787827351.5773637,"logger":"http","msg":"enabling HTTP/3 listener","addr":":443"}
{"level":"info","ts":1787827351.577951,"logger":"http.log","msg":"server running","name":"srv0","protocols":["h1","h2","h3"]}
{"level":"warn","ts":1787827351.577951,"logger":"http","msg":"HTTP/2 skipped because it requires TLS","network":"tcp","addr":":80"}
{"level":"warn","ts":1787827351.577951,"logger":"http","msg":"HTTP/3 skipped because it requires TLS","network":"tcp","addr":":80"}
{"level":"info","ts":1787827351.577951,"logger":"http.log","msg":"server running","name":"remaining_auto_https_redirects","protocols":["h1","h2","h3"]}
{"level":"info","ts":1787827351.577951,"logger":"http","msg":"enabling automatic TLS certificate management","domains":["kitap.rorcun.com","rorcun.com","www.rorcun.com"]}
{"level":"info","ts":1787827351.5784721,"msg":"autosaved config (load with --resume flag)","file":"C:\\WINDOWS\\system32\\config\\systemprofile\\AppData\\Roaming\\Caddy\\autosave.json"}
{"level":"info","ts":1787827351.5784721,"msg":"serving initial configuration"}
{"level":"info","ts":1787827351.5815754,"logger":"tls","msg":"storage cleaning happened too recently; skipping for now","storage":"FileStorage:C:/Project/LocalAgentApi-WebU - OpenCode/caddy/data","instance":"9047db74-d012-4a64-ac30-dbcf057dbd10","try_again":1787913751.5815754,"try_again_in":86400}
{"level":"info","ts":1787827351.5815754,"logger":"tls","msg":"finished cleaning storage units"}
{"level":"warn","ts":1787827351.5856826,"logger":"http.acme_client","msg":"HTTP request failed; retrying","url":"https://acme-v02.api.letsencrypt.org/directory","error":"performing request: Get \"https://acme-v02.api.letsencrypt.org/directory\": dial tcp: lookup acme-v02.api.letsencrypt.org: no such host"}
{"level":"warn","ts":1787827351.836421,"logger":"http.acme_client","msg":"HTTP request failed; retrying","url":"https://acme-v02.api.letsencrypt.org/directory","error":"performing request: Get \"https://acme-v02.api.letsencrypt.org/directory\": dial tcp: lookup acme-v02.api.letsencrypt.org: no such host"}
{"level":"warn","ts":1787827352.08682,"logger":"http.acme_client","msg":"HTTP request failed; retrying","url":"https://acme-v02.api.letsencrypt.org/directory","error":"performing request: Get \"https://acme-v02.api.letsencrypt.org/directory\": dial tcp: lookup acme-v02.api.letsencrypt.org: no such host"}
{"level":"error","ts":1787827352.0873227,"logger":"tls","msg":"failed updating renewal info from ACME CA","identifiers":["www.rorcun.com"],"cert_hash":"402725242beaedcd63ff31bb073420a6a5876bdaa5730af1f388ee385ace124e","ari_unique_id":"uVnyjs8i8IbTN0j_dhQYuoLYVYc.BsHGsk9ngaoGK0xrZ6JBV4-N","cert_expiry":1790799460,"issuer":"acme-v02.api.letsencrypt.org-directory","error":"provisioning client: performing request: Get \"https://acme-v02.api.letsencrypt.org/directory\": dial tcp: lookup acme-v02.api.letsencrypt.org: no such host"}
{"level":"warn","ts":1787827352.0873227,"logger":"tls","msg":"ARI window or selected renewal time changed","identifiers":["www.rorcun.com"],"cert_hash":"402725242beaedcd63ff31bb073420a6a5876bdaa5730af1f388ee385ace124e","ari_unique_id":"uVnyjs8i8IbTN0j_dhQYuoLYVYc.BsHGsk9ngaoGK0xrZ6JBV4-N","cert_expiry":1790799460,"prev_start":1788130905,"next_start":-6795364578.8713455,"prev_end":1788286355,"next_end":-6795364578.8713455,"prev_selected_time":1788198756,"next_selected_time":-6795364578.8713455,"explanation_url":""}
{"level":"warn","ts":1787827352.0873227,"logger":"http.acme_client","msg":"HTTP request failed; retrying","url":"https://acme-v02.api.letsencrypt.org/directory","error":"performing request: Get \"https://acme-v02.api.letsencrypt.org/directory\": dial tcp: lookup acme-v02.api.letsencrypt.org: no such host"}
{"level":"error","ts":1787827352.0873227,"logger":"tls","msg":"updating ARI upon managing","error":"could not fully update ACME renewal info: either no issuer supporting ARI is configured for certificate, or all such failed (make sure the ACME CA that issued the certificate is configured)"}
{"level":"warn","ts":1787827352.3377914,"logger":"http.acme_client","msg":"HTTP request failed; retrying","url":"https://acme-v02.api.letsencrypt.org/directory","error":"performing request: Get \"https://acme-v02.api.letsencrypt.org/directory\": dial tcp: lookup acme-v02.api.letsencrypt.org: no such host"}
{"level":"warn","ts":1787827352.5882988,"logger":"http.acme_client","msg":"HTTP request failed; retrying","url":"https://acme-v02.api.letsencrypt.org/directory","error":"performing request: Get \"https://acme-v02.api.letsencrypt.org/directory\": dial tcp: lookup acme-v02.api.letsencrypt.org: no such host"}
{"level":"error","ts":1787827352.5882988,"logger":"tls","msg":"failed updating renewal info from ACME CA","identifiers":["rorcun.com"],"cert_hash":"e43ef4628ddbc969851f2715a4c00886c6055c563b183770bf55e137e15ef8f9","ari_unique_id":"uVnyjs8i8IbTN0j_dhQYuoLYVYc.BqVHK705Np_day4Mpjrfjsr3","cert_expiry":1790799460,"issuer":"acme-v02.api.letsencrypt.org-directory","error":"provisioning client: performing request: Get \"https://acme-v02.api.letsencrypt.org/directory\": dial tcp: lookup acme-v02.api.letsencrypt.org: no such host"}
{"level":"warn","ts":1787827352.5882988,"logger":"tls","msg":"ARI window or selected renewal time changed","identifiers":["rorcun.com"],"cert_hash":"e43ef4628ddbc969851f2715a4c00886c6055c563b183770bf55e137e15ef8f9","ari_unique_id":"uVnyjs8i8IbTN0j_dhQYuoLYVYc.BqVHK705Np_day4Mpjrfjsr3","cert_expiry":1790799460,"prev_start":1788130905,"next_start":-6795364578.8713455,"prev_end":1788286354,"next_end":-6795364578.8713455,"prev_selected_time":1788133578,"next_selected_time":-6795364578.8713455,"explanation_url":""}
{"level":"error","ts":1787827352.5882988,"logger":"tls","msg":"updating ARI upon managing","error":"could not fully update ACME renewal info: either no issuer supporting ARI is configured for certificate, or all such failed (make sure the ACME CA that issued the certificate is configured)"}
{"level":"warn","ts":1787827352.5882988,"logger":"http.acme_client","msg":"HTTP request failed; retrying","url":"https://acme-v02.api.letsencrypt.org/directory","error":"performing request: Get \"https://acme-v02.api.letsencrypt.org/directory\": dial tcp: lookup acme-v02.api.letsencrypt.org: no such host"}
{"level":"warn","ts":1787827352.8392322,"logger":"http.acme_client","msg":"HTTP request failed; retrying","url":"https://acme-v02.api.letsencrypt.org/directory","error":"performing request: Get \"https://acme-v02.api.letsencrypt.org/directory\": dial tcp: lookup acme-v02.api.letsencrypt.org: no such host"}
{"level":"warn","ts":1787827353.0896761,"logger":"http.acme_client","msg":"HTTP request failed; retrying","url":"https://acme-v02.api.letsencrypt.org/directory","error":"performing request: Get \"https://acme-v02.api.letsencrypt.org/directory\": dial tcp: lookup acme-v02.api.letsencrypt.org: no such host"}
{"level":"error","ts":1787827353.0896761,"logger":"tls","msg":"failed updating renewal info from ACME CA","identifiers":["kitap.rorcun.com"],"cert_hash":"fd0e8ad1bdbc174e847d4fc116ba575b4e8e2567d97e05095a85b34073590464","ari_unique_id":"uyDKRwv-1-Wc-Y8JKqOMN0WxvNg.BlnYk7Ci4YCBHKKKKFSmGLjw","cert_expiry":1795294675,"issuer":"acme-v02.api.letsencrypt.org-directory","error":"provisioning client: performing request: Get \"https://acme-v02.api.letsencrypt.org/directory\": dial tcp: lookup acme-v02.api.letsencrypt.org: no such host"}
{"level":"warn","ts":1787827353.0896761,"logger":"tls","msg":"ARI window or selected renewal time changed","identifiers":["kitap.rorcun.com"],"cert_hash":"fd0e8ad1bdbc174e847d4fc116ba575b4e8e2567d97e05095a85b34073590464","ari_unique_id":"uyDKRwv-1-Wc-Y8JKqOMN0WxvNg.BlnYk7Ci4YCBHKKKKFSmGLjw","cert_expiry":1795294675,"prev_start":1792626120,"next_start":-6795364578.8713455,"prev_end":1792781570,"next_end":-6795364578.8713455,"prev_selected_time":1792672397,"next_selected_time":-6795364578.8713455,"explanation_url":""}
{"level":"error","ts":1787827353.0896761,"logger":"tls","msg":"updating ARI upon managing","error":"could not fully update ACME renewal info: either no issuer supporting ARI is configured for certificate, or all such failed (make sure the ACME CA that issued the certificate is configured)"}
{"level":"info","ts":1787827952.5464804,"logger":"http.acme_client","msg":"got renewal info","names":["www.rorcun.com"],"window_start":1788130905,"window_end":1788286355,"selected_time":1788154886,"recheck_after":1787845487.5464804,"explanation_url":""}
{"level":"info","ts":1787827952.552605,"logger":"tls.cache.maintenance","msg":"updated and stored ACME renewal information","identifiers":["www.rorcun.com"],"cert_hash":"402725242beaedcd63ff31bb073420a6a5876bdaa5730af1f388ee385ace124e","ari_unique_id":"uVnyjs8i8IbTN0j_dhQYuoLYVYc.BsHGsk9ngaoGK0xrZ6JBV4-N","cert_expiry":1790799460,"selected_time":1788198756,"next_update":1787845487.5464804,"explanation_url":""}
{"level":"info","ts":1787827952.7854614,"logger":"http.acme_client","msg":"got renewal info","names":["rorcun.com"],"window_start":1788130905,"window_end":1788286354,"selected_time":1788232538,"recheck_after":1787853515.7854614,"explanation_url":""}
{"level":"info","ts":1787827952.79355,"logger":"tls.cache.maintenance","msg":"updated and stored ACME renewal information","identifiers":["rorcun.com"],"cert_hash":"e43ef4628ddbc969851f2715a4c00886c6055c563b183770bf55e137e15ef8f9","ari_unique_id":"uVnyjs8i8IbTN0j_dhQYuoLYVYc.BqVHK705Np_day4Mpjrfjsr3","cert_expiry":1790799460,"selected_time":1788133578,"next_update":1787853515.7854614,"explanation_url":""}
{"level":"info","ts":1787827953.0247307,"logger":"http.acme_client","msg":"got renewal info","names":["kitap.rorcun.com"],"window_start":1792626120,"window_end":1792781570,"selected_time":1792655685,"recheck_after":1787851087.0247307,"explanation_url":""}
{"level":"info","ts":1787827953.0279489,"logger":"tls.cache.maintenance","msg":"updated and stored ACME renewal information","identifiers":["kitap.rorcun.com"],"cert_hash":"fd0e8ad1bdbc174e847d4fc116ba575b4e8e2567d97e05095a85b34073590464","ari_unique_id":"uyDKRwv-1-Wc-Y8JKqOMN0WxvNg.BlnYk7Ci4YCBHKKKKFSmGLjw","cert_expiry":1795294675,"selected_time":1792672397,"next_update":1787851087.0247307,"explanation_url":""}
{"level":"info","ts":1787845952.2161548,"logger":"http.acme_client","msg":"got renewal info","names":["www.rorcun.com"],"window_start":1788130905,"window_end":1788286355,"selected_time":1788247870,"recheck_after":1787870560.2161548,"explanation_url":""}
{"level":"info","ts":1787845952.2221694,"logger":"tls.cache.maintenance","msg":"updated and stored ACME renewal information","identifiers":["www.rorcun.com"],"cert_hash":"402725242beaedcd63ff31bb073420a6a5876bdaa5730af1f388ee385ace124e","ari_unique_id":"uVnyjs8i8IbTN0j_dhQYuoLYVYc.BsHGsk9ngaoGK0xrZ6JBV4-N","cert_expiry":1790799460,"selected_time":1788198756,"next_update":1787870560.2161548,"explanation_url":""}
{"level":"info","ts":1787851352.3533945,"logger":"http.acme_client","msg":"got renewal info","names":["kitap.rorcun.com"],"window_start":1792626120,"window_end":1792781570,"selected_time":1792689930,"recheck_after":1787876838.3533945,"explanation_url":""}
{"level":"info","ts":1787851352.3610954,"logger":"tls.cache.maintenance","msg":"updated and stored ACME renewal information","identifiers":["kitap.rorcun.com"],"cert_hash":"fd0e8ad1bdbc174e847d4fc116ba575b4e8e2567d97e05095a85b34073590464","ari_unique_id":"uyDKRwv-1-Wc-Y8JKqOMN0WxvNg.BlnYk7Ci4YCBHKKKKFSmGLjw","cert_expiry":1795294675,"selected_time":1792672397,"next_update":1787876838.3533945,"explanation_url":""}
{"level":"info","ts":1787853752.2281404,"logger":"http.acme_client","msg":"got renewal info","names":["rorcun.com"],"window_start":1788130905,"window_end":1788286354,"selected_time":1788184282,"recheck_after":1787873806.2281404,"explanation_url":""}
{"level":"info","ts":1787853752.2339492,"logger":"tls.cache.maintenance","msg":"updated and stored ACME renewal information","identifiers":["rorcun.com"],"cert_hash":"e43ef4628ddbc969851f2715a4c00886c6055c563b183770bf55e137e15ef8f9","ari_unique_id":"uVnyjs8i8IbTN0j_dhQYuoLYVYc.BqVHK705Np_day4Mpjrfjsr3","cert_expiry":1790799460,"selected_time":1788133578,"next_update":1787873806.2281404,"explanation_url":""}
{"level":"info","ts":1787871152.2471974,"logger":"http.acme_client","msg":"got renewal info","names":["www.rorcun.com"],"window_start":1788130905,"window_end":1788286355,"selected_time":1788256975,"recheck_after":1787890311.2471974,"explanation_url":""}
{"level":"info","ts":1787871152.2570782,"logger":"tls.cache.maintenance","msg":"updated and stored ACME renewal information","identifiers":["www.rorcun.com"],"cert_hash":"402725242beaedcd63ff31bb073420a6a5876bdaa5730af1f388ee385ace124e","ari_unique_id":"uVnyjs8i8IbTN0j_dhQYuoLYVYc.BsHGsk9ngaoGK0xrZ6JBV4-N","cert_expiry":1790799460,"selected_time":1788198756,"next_update":1787890311.2471974,"explanation_url":""}
{"level":"info","ts":1787874154.0498662,"logger":"http.acme_client","msg":"got renewal info","names":["rorcun.com"],"window_start":1788130905,"window_end":1788286354,"selected_time":1788186112,"recheck_after":1787897252.0498662,"explanation_url":""}
{"level":"info","ts":1787874154.0549276,"logger":"tls.cache.maintenance","msg":"updated and stored ACME renewal information","identifiers":["rorcun.com"],"cert_hash":"e43ef4628ddbc969851f2715a4c00886c6055c563b183770bf55e137e15ef8f9","ari_unique_id":"uVnyjs8i8IbTN0j_dhQYuoLYVYc.BqVHK705Np_day4Mpjrfjsr3","cert_expiry":1790799460,"selected_time":1788133578,"next_update":1787897252.0498662,"explanation_url":""}
{"level":"info","ts":1787877153.8487134,"logger":"http.acme_client","msg":"got renewal info","names":["kitap.rorcun.com"],"window_start":1792626120,"window_end":1792781570,"selected_time":1792686119,"recheck_after":1787902660.8487134,"explanation_url":""}
{"level":"info","ts":1787877153.8517945,"logger":"tls.cache.maintenance","msg":"updated and stored ACME renewal information","identifiers":["kitap.rorcun.com"],"cert_hash":"fd0e8ad1bdbc174e847d4fc116ba575b4e8e2567d97e05095a85b34073590464","ari_unique_id":"uyDKRwv-1-Wc-Y8JKqOMN0WxvNg.BlnYk7Ci4YCBHKKKKFSmGLjw","cert_expiry":1795294675,"selected_time":1792672397,"next_update":1787902660.8487134,"explanation_url":""}
{"level":"info","ts":1787890353.9066558,"logger":"http.acme_client","msg":"got renewal info","names":["www.rorcun.com"],"window_start":1788130905,"window_end":1788286355,"selected_time":1788149307,"recheck_after":1787914868.9066558,"explanation_url":""}
{"level":"info","ts":1787890353.9162073,"logger":"tls.cache.maintenance","msg":"updated and stored ACME renewal information","identifiers":["www.rorcun.com"],"cert_hash":"402725242beaedcd63ff31bb073420a6a5876bdaa5730af1f388ee385ace124e","ari_unique_id":"uVnyjs8i8IbTN0j_dhQYuoLYVYc.BsHGsk9ngaoGK0xrZ6JBV4-N","cert_expiry":1790799460,"selected_time":1788198756,"next_update":1787914868.9066558,"explanation_url":""}
{"level":"info","ts":1787897553.825071,"logger":"http.acme_client","msg":"got renewal info","names":["rorcun.com"],"window_start":1788130905,"window_end":1788286354,"selected_time":1788170892,"recheck_after":1787915345.825071,"explanation_url":""}
{"level":"info","ts":1787897553.8293173,"logger":"tls.cache.maintenance","msg":"updated and stored ACME renewal information","identifiers":["rorcun.com"],"cert_hash":"e43ef4628ddbc969851f2715a4c00886c6055c563b183770bf55e137e15ef8f9","ari_unique_id":"uVnyjs8i8IbTN0j_dhQYuoLYVYc.BqVHK705Np_day4Mpjrfjsr3","cert_expiry":1790799460,"selected_time":1788133578,"next_update":1787915345.825071,"explanation_url":""}
{"level":"info","ts":1787902953.9352245,"logger":"http.acme_client","msg":"got renewal info","names":["kitap.rorcun.com"],"window_start":1792626120,"window_end":1792781570,"selected_time":1792738092,"recheck_after":1787924230.9352245,"explanation_url":""}
{"level":"info","ts":1787902953.9399211,"logger":"tls.cache.maintenance","msg":"updated and stored ACME renewal information","identifiers":["kitap.rorcun.com"],"cert_hash":"fd0e8ad1bdbc174e847d4fc116ba575b4e8e2567d97e05095a85b34073590464","ari_unique_id":"uyDKRwv-1-Wc-Y8JKqOMN0WxvNg.BlnYk7Ci4YCBHKKKKFSmGLjw","cert_expiry":1795294675,"selected_time":1792672397,"next_update":1787924230.9352245,"explanation_url":""}
{"level":"warn","ts":1787908551.3432965,"logger":"http.handlers.reverse_proxy","msg":"aborting with incomplete response","upstream":"127.0.0.1:9000","duration":0.0024818,"request":{"remote_ip":"66.132.172.219","remote_port":"46956","client_ip":"66.132.172.219","proto":"HTTP/1.1","method":"GET","host":"rorcun.com","uri":"/favicon.png","headers":{"User-Agent":["Mozilla/5.0 (compatible; CensysInspect/1.1; +https://about.censys.io/)"],"Accept-Encoding":["gzip"],"X-Forwarded-For":["66.132.172.219"],"X-Forwarded-Proto":["https"],"X-Forwarded-Host":["rorcun.com"],"Via":["1.1 Caddy"]},"tls":{"resumed":false,"version":772,"cipher_suite":4865,"proto":"","server_name":"rorcun.com","ech":false}},"error":"writing: write tcp 192.168.1.100:443->66.132.172.219:46956: wsasend: Varolan bir bağlantı uzaktaki bir ana bilgisayar tarafından zorla kapatıldı."}
{"level":"info","ts":1787913753.2404106,"logger":"tls","msg":"cleaning storage unit","storage":"FileStorage:C:/Project/LocalAgentApi-WebU - OpenCode/caddy/data"}
{"level":"info","ts":1787913753.274646,"logger":"tls","msg":"finished cleaning storage units"}
{"level":"info","ts":1787914953.9436898,"logger":"http.acme_client","msg":"got renewal info","names":["www.rorcun.com"],"window_start":1788130905,"window_end":1788286355,"selected_time":1788152330,"recheck_after":1787934671.9436898,"explanation_url":""}
{"level":"info","ts":1787914953.9470034,"logger":"tls.cache.maintenance","msg":"updated and stored ACME renewal information","identifiers":["www.rorcun.com"],"cert_hash":"402725242beaedcd63ff31bb073420a6a5876bdaa5730af1f388ee385ace124e","ari_unique_id":"uVnyjs8i8IbTN0j_dhQYuoLYVYc.BsHGsk9ngaoGK0xrZ6JBV4-N","cert_expiry":1790799460,"selected_time":1788198756,"next_update":1787934671.9436898,"explanation_url":""}
{"level":"info","ts":1787915553.8913045,"logger":"http.acme_client","msg":"got renewal info","names":["rorcun.com"],"window_start":1788130905,"window_end":1788286354,"selected_time":1788243113,"recheck_after":1787938900.8913045,"explanation_url":""}
{"level":"info","ts":1787915553.8962586,"logger":"tls.cache.maintenance","msg":"updated and stored ACME renewal information","identifiers":["rorcun.com"],"cert_hash":"e43ef4628ddbc969851f2715a4c00886c6055c563b183770bf55e137e15ef8f9","ari_unique_id":"uVnyjs8i8IbTN0j_dhQYuoLYVYc.BqVHK705Np_day4Mpjrfjsr3","cert_expiry":1790799460,"selected_time":1788133578,"next_update":1787938900.8913045,"explanation_url":""}
{"level":"info","ts":1787924554.1359968,"logger":"http.acme_client","msg":"got renewal info","names":["kitap.rorcun.com"],"window_start":1792626120,"window_end":1792781570,"selected_time":1792703568,"recheck_after":1787949078.1359968,"explanation_url":""}
{"level":"info","ts":1787924554.142763,"logger":"tls.cache.maintenance","msg":"updated and stored ACME renewal information","identifiers":["kitap.rorcun.com"],"cert_hash":"fd0e8ad1bdbc174e847d4fc116ba575b4e8e2567d97e05095a85b34073590464","ari_unique_id":"uyDKRwv-1-Wc-Y8JKqOMN0WxvNg.BlnYk7Ci4YCBHKKKKFSmGLjw","cert_expiry":1795294675,"selected_time":1792672397,"next_update":1787949078.1359968,"explanation_url":""}
{"level":"info","ts":1787933996.1210158,"logger":"admin.api","msg":"received request","method":"GET","host":"localhost:2019","uri":"/config/","remote_ip":"127.0.0.1","remote_port":"54776","headers":{"User-Agent":["curl/8.21.0"],"Accept":["*/*"]}}
{"level":"info","ts":1787934044.6505153,"logger":"admin.api","msg":"received request","method":"POST","host":"localhost:2019","uri":"/load","remote_ip":"127.0.0.1","remote_port":"59279","headers":{"Content-Length":["4901"],"Caddy-Config-Source-Adapter":["caddyfile"],"Caddy-Config-Source-File":["Caddyfile"],"Content-Type":["application/json"],"Origin":["http://localhost:2019"],"Accept-Encoding":["gzip"],"User-Agent":["Go-http-client/1.1"]}}
{"level":"info","ts":1787934044.6521547,"logger":"admin","msg":"admin endpoint started","address":"localhost:2019","enforce_origin":false,"origins":["//localhost:2019","//[::1]:2019","//127.0.0.1:2019"]}
{"level":"info","ts":1787934044.6521547,"logger":"http.auto_https","msg":"server is listening only on the HTTPS port but has no TLS connection policies; adding one to enable TLS","server_name":"srv0","https_port":443}
{"level":"info","ts":1787934044.6521547,"logger":"http.auto_https","msg":"enabling automatic HTTP->HTTPS redirects","server_name":"srv0"}
{"level":"info","ts":1787934044.6552348,"logger":"http","msg":"enabling HTTP/3 listener","addr":":443"}
{"level":"info","ts":1787934044.6552348,"logger":"http.log","msg":"server running","name":"srv0","protocols":["h1","h2","h3"]}
{"level":"warn","ts":1787934044.6552348,"logger":"http","msg":"HTTP/2 skipped because it requires TLS","network":"tcp","addr":":80"}
{"level":"warn","ts":1787934044.6552348,"logger":"http","msg":"HTTP/3 skipped because it requires TLS","network":"tcp","addr":":80"}
{"level":"info","ts":1787934044.6552348,"logger":"http.log","msg":"server running","name":"remaining_auto_https_redirects","protocols":["h1","h2","h3"]}
{"level":"info","ts":1787934044.6552348,"logger":"http","msg":"enabling automatic TLS certificate management","domains":["kitap.rorcun.com","irem.rorcun.com","rorcun.com","www.rorcun.com"]}
{"level":"info","ts":1787934044.6552348,"logger":"http","msg":"servers shutting down with eternal grace period"}
{"level":"info","ts":1787934044.6557488,"msg":"autosaved config (load with --resume flag)","file":"C:\\WINDOWS\\system32\\config\\systemprofile\\AppData\\Roaming\\Caddy\\autosave.json"}
{"level":"info","ts":1787934044.6557488,"logger":"admin.api","msg":"load complete"}
{"level":"info","ts":1787934044.6609936,"logger":"admin","msg":"stopped previous server","address":"localhost:2019"}
{"level":"info","ts":1787934044.6677418,"logger":"tls.obtain","msg":"acquiring lock","identifier":"irem.rorcun.com"}
{"level":"info","ts":1787934044.6707294,"logger":"tls.obtain","msg":"lock acquired","identifier":"irem.rorcun.com"}
{"level":"info","ts":1787934044.6707294,"logger":"tls.obtain","msg":"obtaining certificate","identifier":"irem.rorcun.com"}
{"level":"info","ts":1787934044.689663,"logger":"http","msg":"waiting on internal rate limiter","identifiers":["irem.rorcun.com"],"ca":"https://acme-v02.api.letsencrypt.org/directory","account":""}
{"level":"info","ts":1787934044.689663,"logger":"http","msg":"done waiting on internal rate limiter","identifiers":["irem.rorcun.com"],"ca":"https://acme-v02.api.letsencrypt.org/directory","account":""}
{"level":"info","ts":1787934044.689663,"logger":"http","msg":"using ACME account","account_id":"https://acme-v02.api.letsencrypt.org/acme/acct/3496609491","account_contact":[]}
{"level":"info","ts":1787934045.8060203,"logger":"http.acme_client","msg":"trying to solve challenge","identifier":"irem.rorcun.com","challenge_type":"http-01","ca":"https://acme-v02.api.letsencrypt.org/directory"}
{"level":"info","ts":1787934046.48321,"logger":"http","msg":"served key authentication","identifier":"irem.rorcun.com","challenge":"http-01","remote":"23.178.112.212:53011","distributed":false}
{"level":"info","ts":1787934046.8531585,"logger":"http","msg":"served key authentication","identifier":"irem.rorcun.com","challenge":"http-01","remote":"13.53.152.109:49048","distributed":false}
{"level":"info","ts":1787934046.9883237,"logger":"http","msg":"served key authentication","identifier":"irem.rorcun.com","challenge":"http-01","remote":"13.59.199.195:39238","distributed":false}
{"level":"info","ts":1787934047.1365151,"logger":"http","msg":"served key authentication","identifier":"irem.rorcun.com","challenge":"http-01","remote":"16.148.114.62:40422","distributed":false}
{"level":"info","ts":1787934047.3390236,"logger":"http","msg":"served key authentication","identifier":"irem.rorcun.com","challenge":"http-01","remote":"13.229.127.95:64774","distributed":false}
{"level":"info","ts":1787934048.6721416,"logger":"http.acme_client","msg":"authorization finalized","identifier":"irem.rorcun.com","authz_status":"valid"}
{"level":"info","ts":1787934048.6737676,"logger":"http.acme_client","msg":"validations succeeded; finalizing order","order":"https://acme-v02.api.letsencrypt.org/acme/order/3496609491/550454075105"}
{"level":"info","ts":1787934050.76775,"logger":"http.acme_client","msg":"got renewal info","names":["irem.rorcun.com"],"window_start":1793037983,"window_end":1793193433,"selected_time":1793051049,"recheck_after":1787952882.76775,"explanation_url":""}
{"level":"info","ts":1787934051.1481156,"logger":"http.acme_client","msg":"got renewal info","names":["irem.rorcun.com"],"window_start":1793037983,"window_end":1793193433,"selected_time":1793113093,"recheck_after":1787952245.1481156,"explanation_url":""}
{"level":"info","ts":1787934051.5464406,"logger":"http.acme_client","msg":"got renewal info","names":["irem.rorcun.com"],"window_start":1793037983,"window_end":1793193433,"selected_time":1793138243,"recheck_after":1787959917.5464406,"explanation_url":""}
{"level":"info","ts":1787934051.5464406,"logger":"http.acme_client","msg":"successfully downloaded available certificate chains","count":3,"first_url":"https://acme-v02.api.letsencrypt.org/acme/cert/06433c499a1356d7fc81a7a15adc1db691e0"}
{"level":"info","ts":1787934051.558162,"logger":"tls.obtain","msg":"certificate obtained successfully","identifier":"irem.rorcun.com","issuer":"acme-v02.api.letsencrypt.org-directory"}
{"level":"info","ts":1787934051.558162,"logger":"tls.obtain","msg":"releasing lock","identifier":"irem.rorcun.com"}
{"level":"warn","ts":1787934196.809685,"logger":"http.handlers.reverse_proxy","msg":"aborting with incomplete response","upstream":"127.0.0.1:8090","duration":1.9782997,"request":{"remote_ip":"31.223.116.89","remote_port":"58101","client_ip":"31.223.116.89","proto":"HTTP/1.1","method":"GET","host":"irem.rorcun.com","uri":"/listing/cmtd5pvo900012pp0il1u51wo-bogaz-manzarali-modern-daire/opengraph-image","headers":{"X-Forwarded-For":["31.223.116.89"],"X-Forwarded-Host":["irem.rorcun.com"],"X-Real-Ip":["31.223.116.89"],"Accept-Encoding":["br, gzip, deflate"],"Accept-Language":["*"],"Sec-Fetch-Mode":["cors"],"Via":["1.1 Caddy"],"User-Agent":["node"],"Accept":["*/*"],"X-Forwarded-Proto":["https"]},"tls":{"resumed":false,"version":772,"cipher_suite":4865,"proto":"http/1.1","server_name":"irem.rorcun.com","ech":false}},"error":"writing: write tcp 192.168.1.100:443->31.223.116.89:58101: wsasend: Varolan bir bağlantı uzaktaki bir ana bilgisayar tarafından zorla kapatıldı."}
{"level":"info","ts":1787934753.8352246,"logger":"http.acme_client","msg":"got renewal info","names":["www.rorcun.com"],"window_start":1788130905,"window_end":1788286355,"selected_time":1788136352,"recheck_after":1787955745.8352246,"explanation_url":""}
{"level":"info","ts":1787934753.8433275,"logger":"tls.cache.maintenance","msg":"updated and stored ACME renewal information","identifiers":["www.rorcun.com"],"cert_hash":"402725242beaedcd63ff31bb073420a6a5876bdaa5730af1f388ee385ace124e","ari_unique_id":"uVnyjs8i8IbTN0j_dhQYuoLYVYc.BsHGsk9ngaoGK0xrZ6JBV4-N","cert_expiry":1790799460,"selected_time":1788198756,"next_update":1787955745.8352246,"explanation_url":""}
{"level":"info","ts":1787938953.989519,"logger":"http.acme_client","msg":"got renewal info","names":["rorcun.com"],"window_start":1788130905,"window_end":1788286354,"selected_time":1788231978,"recheck_after":1787963315.989519,"explanation_url":""}
{"level":"info","ts":1787938953.993936,"logger":"tls.cache.maintenance","msg":"updated and stored ACME renewal information","identifiers":["rorcun.com"],"cert_hash":"e43ef4628ddbc969851f2715a4c00886c6055c563b183770bf55e137e15ef8f9","ari_unique_id":"uVnyjs8i8IbTN0j_dhQYuoLYVYc.BqVHK705Np_day4Mpjrfjsr3","cert_expiry":1790799460,"selected_time":1788133578,"next_update":1787963315.989519,"explanation_url":""}
{"level":"warn","ts":1787942233.5579128,"logger":"http.handlers.reverse_proxy","msg":"aborting with incomplete response","upstream":"127.0.0.1:8090","duration":0.01574,"request":{"remote_ip":"31.223.116.89","remote_port":"52706","client_ip":"31.223.116.89","proto":"HTTP/2.0","method":"GET","host":"irem.rorcun.com","uri":"/uploads/143d7415-8f39-4f1c-ab6e-cd14bc12fcfc.jpg","headers":{"Referer":["https://irem.rorcun.com/account"],"Via":["2.0 Caddy"],"X-Real-Ip":["31.223.116.89"],"Sec-Ch-Ua":["\"Not;A=Brand\";v=\"8\", \"Chromium\";v=\"150\", \"Opera\";v=\"134\""],"Accept-Encoding":["gzip, deflate, br, zstd"],"X-Forwarded-Host":["irem.rorcun.com"],"Sec-Fetch-Dest":["image"],"X-Forwarded-Proto":["https"],"Sec-Fetch-Mode":["no-cors"],"Sec-Ch-Ua-Mobile":["?0"],"Accept":["image/avif,image/webp,image/apng,image/svg+xml,image/*,*/*;q=0.8"],"Sec-Ch-Ua-Platform":["\"Windows\""],"Priority":["i"],"X-Forwarded-For":["31.223.116.89"],"Cookie":["REDACTED"],"Sec-Fetch-Site":["same-origin"],"Accept-Language":["tr,en-US;q=0.9,en;q=0.8,id;q=0.7,th;q=0.6,ru;q=0.5,da;q=0.4"],"User-Agent":["Mozilla/5.0 (Windows NT 10.0; Win64; x64) AppleWebKit/537.36 (KHTML, like Gecko) Chrome/150.0.0.0 Safari/537.36 OPR/134.0.0.0"]},"tls":{"resumed":false,"version":772,"cipher_suite":4865,"proto":"h2","server_name":"irem.rorcun.com","ech":false}},"error":"reading: context canceled"}
{"level":"warn","ts":1787942416.6623445,"logger":"http.handlers.reverse_proxy","msg":"aborting with incomplete response","upstream":"127.0.0.1:8090","duration":0.0082839,"request":{"remote_ip":"31.223.116.89","remote_port":"52706","client_ip":"31.223.116.89","proto":"HTTP/2.0","method":"GET","host":"irem.rorcun.com","uri":"/uploads/b6194534-d782-4b36-ac34-50298fb8d206.png","headers":{"X-Forwarded-Host":["irem.rorcun.com"],"X-Forwarded-Proto":["https"],"Sec-Fetch-Site":["same-origin"],"User-Agent":["Mozilla/5.0 (Windows NT 10.0; Win64; x64) AppleWebKit/537.36 (KHTML, like Gecko) Chrome/150.0.0.0 Safari/537.36 OPR/134.0.0.0"],"X-Real-Ip":["31.223.116.89"],"Priority":["i"],"Sec-Fetch-Mode":["no-cors"],"Via":["2.0 Caddy"],"Sec-Ch-Ua":["\"Not;A=Brand\";v=\"8\", \"Chromium\";v=\"150\", \"Opera\";v=\"134\""],"Cookie":["REDACTED"],"X-Forwarded-For":["31.223.116.89"],"Sec-Ch-Ua-Platform":["\"Windows\""],"Accept-Language":["tr,en-US;q=0.9,en;q=0.8,id;q=0.7,th;q=0.6,ru;q=0.5,da;q=0.4"],"Sec-Ch-Ua-Mobile":["?0"],"Referer":["https://irem.rorcun.com/listing/cmtdab8qa000301li1hn1z13f-denizli-villa"],"Accept-Encoding":["gzip, deflate, br, zstd"],"Accept":["image/avif,image/webp,image/apng,image/svg+xml,image/*,*/*;q=0.8"],"Sec-Fetch-Dest":["image"]},"tls":{"resumed":false,"version":772,"cipher_suite":4865,"proto":"h2","server_name":"irem.rorcun.com","ech":false}},"error":"reading: context canceled"}
{"level":"warn","ts":1787942532.924193,"logger":"http.handlers.reverse_proxy","msg":"aborting with incomplete response","upstream":"127.0.0.1:8090","duration":0.0119277,"request":{"remote_ip":"31.223.116.89","remote_port":"52706","client_ip":"31.223.116.89","proto":"HTTP/2.0","method":"GET","host":"irem.rorcun.com","uri":"/kategori/villa?_rsc=m7ykGqoZKuJno8fp","headers":{"Priority":["i"],"Next-Router-Prefetch":["1"],"Referer":["https://irem.rorcun.com/listing/cmtdab8qa000301li1hn1z13f-denizli-villa/kurallar"],"Rsc":["1"],"Sec-Fetch-Dest":["empty"],"User-Agent":["Mozilla/5.0 (Windows NT 10.0; Win64; x64) AppleWebKit/537.36 (KHTML, like Gecko) Chrome/150.0.0.0 Safari/537.36 OPR/134.0.0.0"],"X-Forwarded-Proto":["https"],"Accept-Encoding":["gzip, deflate, br, zstd"],"X-Real-Ip":["31.223.116.89"],"Sec-Fetch-Site":["same-origin"],"Sec-Ch-Ua":["\"Not;A=Brand\";v=\"8\", \"Chromium\";v=\"150\", \"Opera\";v=\"134\""],"Sec-Fetch-Mode":["cors"],"Accept-Language":["tr,en-US;q=0.9,en;q=0.8,id;q=0.7,th;q=0.6,ru;q=0.5,da;q=0.4"],"Sec-Ch-Ua-Platform":["\"Windows\""],"Cookie":["REDACTED"],"Next-Router-Segment-Prefetch":["/_tree"],"Via":["2.0 Caddy"],"X-Forwarded-For":["31.223.116.89"],"X-Forwarded-Host":["irem.rorcun.com"],"Accept":["*/*"],"Next-Url":["/listing/cmtdab8qa000301li1hn1z13f-denizli-villa"],"Sec-Ch-Ua-Mobile":["?0"]},"tls":{"resumed":false,"version":772,"cipher_suite":4865,"proto":"h2","server_name":"irem.rorcun.com","ech":false}},"error":"reading: context canceled"}
{"level":"warn","ts":1787942532.924193,"logger":"http.handlers.reverse_proxy","msg":"aborting with incomplete response","upstream":"127.0.0.1:8090","duration":0.0877751,"request":{"remote_ip":"31.223.116.89","remote_port":"52706","client_ip":"31.223.116.89","proto":"HTTP/2.0","method":"GET","host":"irem.rorcun.com","uri":"/listing/cmtdab8qa000301li1hn1z13f-denizli-villa/kurallar?_rsc=-b3EdO7lxEiy04e7","headers":{"Next-Url":["/listing/cmtdab8qa000301li1hn1z13f-denizli-villa"],"Sec-Ch-Ua-Mobile":["?0"],"Cookie":["REDACTED"],"Accept-Language":["tr,en-US;q=0.9,en;q=0.8,id;q=0.7,th;q=0.6,ru;q=0.5,da;q=0.4"],"Sec-Ch-Ua-Platform":["\"Windows\""],"Via":["2.0 Caddy"],"Accept-Encoding":["gzip, deflate, br, zstd"],"Sec-Fetch-Mode":["cors"],"Sec-Fetch-Dest":["empty"],"Sec-Ch-Ua":["\"Not;A=Brand\";v=\"8\", \"Chromium\";v=\"150\", \"Opera\";v=\"134\""],"Next-Router-State-Tree":["%5B%22%22%2C%7B%22children%22%3A%5B%22listing%22%2C%7B%22children%22%3A%5B%5B%22slug%22%2C%22cmtdab8qa000301li1hn1z13f-denizli-villa%22%2C%22d%22%2Cnull%5D%2C%7B%22children%22%3A%5B%22kurallar%22%2C%7B%22children%22%3A%5B%22__PAGE__%22%2C%7B%7D%2Cnull%2Cnull%2C0%5D%7D%2Cnull%2C%22refetch%22%2C0%5D%7D%2Cnull%2Cnull%2C4%5D%7D%2Cnull%2Cnull%2C8%5D%7D%2Cnull%2Cnull%2C28%5D"],"X-Forwarded-For":["31.223.116.89"],"Rsc":["1"],"X-Forwarded-Host":["irem.rorcun.com"],"Sec-Fetch-Site":["same-origin"],"X-Forwarded-Proto":["https"],"Priority":["u=1, i"],"Referer":["https://irem.rorcun.com/listing/cmtdab8qa000301li1hn1z13f-denizli-villa"],"X-Real-Ip":["31.223.116.89"],"User-Agent":["Mozilla/5.0 (Windows NT 10.0; Win64; x64) AppleWebKit/537.36 (KHTML, like Gecko) Chrome/150.0.0.0 Safari/537.36 OPR/134.0.0.0"],"Accept":["*/*"]},"tls":{"resumed":false,"version":772,"cipher_suite":4865,"proto":"h2","server_name":"irem.rorcun.com","ech":false}},"error":"reading: context canceled"}
{"level":"warn","ts":1787942532.9384341,"logger":"http.handlers.reverse_proxy","msg":"aborting with incomplete response","upstream":"127.0.0.1:8090","duration":0.0105334,"request":{"remote_ip":"31.223.116.89","remote_port":"52706","client_ip":"31.223.116.89","proto":"HTTP/2.0","method":"GET","host":"irem.rorcun.com","uri":"/site-haritasi?_rsc=m7ykGqoZKuJno8fp","headers":{"Sec-Ch-Ua-Platform":["\"Windows\""],"Rsc":["1"],"Sec-Ch-Ua-Mobile":["?0"],"Sec-Fetch-Mode":["cors"],"User-Agent":["Mozilla/5.0 (Windows NT 10.0; Win64; x64) AppleWebKit/537.36 (KHTML, like Gecko) Chrome/150.0.0.0 Safari/537.36 OPR/134.0.0.0"],"X-Forwarded-Proto":["https"],"Next-Url":["/listing/cmtdab8qa000301li1hn1z13f-denizli-villa"],"Next-Router-Prefetch":["1"],"Sec-Fetch-Dest":["empty"],"Cookie":["REDACTED"],"X-Forwarded-For":["31.223.116.89"],"X-Forwarded-Host":["irem.rorcun.com"],"Accept-Encoding":["gzip, deflate, br, zstd"],"Sec-Fetch-Site":["same-origin"],"Accept":["*/*"],"Next-Router-Segment-Prefetch":["/_tree"],"Accept-Language":["tr,en-US;q=0.9,en;q=0.8,id;q=0.7,th;q=0.6,ru;q=0.5,da;q=0.4"],"Priority":["i"],"Via":["2.0 Caddy"],"X-Real-Ip":["31.223.116.89"],"Sec-Ch-Ua":["\"Not;A=Brand\";v=\"8\", \"Chromium\";v=\"150\", \"Opera\";v=\"134\""],"Referer":["https://irem.rorcun.com/listing/cmtdab8qa000301li1hn1z13f-denizli-villa/kurallar"]},"tls":{"resumed":false,"version":772,"cipher_suite":4865,"proto":"h2","server_name":"irem.rorcun.com","ech":false}},"error":"reading: context canceled"}
{"level":"info","ts":1787949153.879401,"logger":"http.acme_client","msg":"got renewal info","names":["kitap.rorcun.com"],"window_start":1792626120,"window_end":1792781570,"selected_time":1792706999,"recheck_after":1787971887.879401,"explanation_url":""}
{"level":"info","ts":1787949153.8834934,"logger":"tls.cache.maintenance","msg":"updated and stored ACME renewal information","identifiers":["kitap.rorcun.com"],"cert_hash":"fd0e8ad1bdbc174e847d4fc116ba575b4e8e2567d97e05095a85b34073590464","ari_unique_id":"uyDKRwv-1-Wc-Y8JKqOMN0WxvNg.BlnYk7Ci4YCBHKKKKFSmGLjw","cert_expiry":1795294675,"selected_time":1792672397,"next_update":1787971887.879401,"explanation_url":""}
{"level":"info","ts":1787953354.021494,"logger":"http.acme_client","msg":"got renewal info","names":["irem.rorcun.com"],"window_start":1793037983,"window_end":1793193433,"selected_time":1793041206,"recheck_after":1787977036.021494,"explanation_url":""}
{"level":"info","ts":1787953354.025749,"logger":"tls.cache.maintenance","msg":"updated and stored ACME renewal information","identifiers":["irem.rorcun.com"],"cert_hash":"bf7195d079318f23840257fc2ba78e4d762b5222b517dc6a98af79385f417a63","ari_unique_id":"uVnyjs8i8IbTN0j_dhQYuoLYVYc.BkM8SZoTVtf8gaehWtwdtpHg","cert_expiry":1795706538,"selected_time":1793051049,"next_update":1787977036.021494,"explanation_url":""}
{"level":"info","ts":1787955753.8500228,"logger":"http.acme_client","msg":"got renewal info","names":["www.rorcun.com"],"window_start":1788130905,"window_end":1788286355,"selected_time":1788141848,"recheck_after":1787974140.8500228,"explanation_url":""}
{"level":"info","ts":1787955753.8559492,"logger":"tls.cache.maintenance","msg":"updated and stored ACME renewal information","identifiers":["www.rorcun.com"],"cert_hash":"402725242beaedcd63ff31bb073420a6a5876bdaa5730af1f388ee385ace124e","ari_unique_id":"uVnyjs8i8IbTN0j_dhQYuoLYVYc.BsHGsk9ngaoGK0xrZ6JBV4-N","cert_expiry":1790799460,"selected_time":1788198756,"next_update":1787974140.8500228,"explanation_url":""}
{"level":"info","ts":1787963553.8923788,"logger":"http.acme_client","msg":"got renewal info","names":["rorcun.com"],"window_start":1788130905,"window_end":1788286354,"selected_time":1788243612,"recheck_after":1787982644.8923788,"explanation_url":""}
{"level":"info","ts":1787963553.897064,"logger":"tls.cache.maintenance","msg":"updated and stored ACME renewal information","identifiers":["rorcun.com"],"cert_hash":"e43ef4628ddbc969851f2715a4c00886c6055c563b183770bf55e137e15ef8f9","ari_unique_id":"uVnyjs8i8IbTN0j_dhQYuoLYVYc.BqVHK705Np_day4Mpjrfjsr3","cert_expiry":1790799460,"selected_time":1788133578,"next_update":1787982644.8923788,"explanation_url":""}
{"level":"info","ts":1787971955.7613206,"logger":"http.acme_client","msg":"got renewal info","names":["kitap.rorcun.com"],"window_start":1792626120,"window_end":1792781570,"selected_time":1792673759,"recheck_after":1787993692.7613206,"explanation_url":""}
{"level":"info","ts":1787971955.767784,"logger":"tls.cache.maintenance","msg":"updated and stored ACME renewal information","identifiers":["kitap.rorcun.com"],"cert_hash":"fd0e8ad1bdbc174e847d4fc116ba575b4e8e2567d97e05095a85b34073590464","ari_unique_id":"uyDKRwv-1-Wc-Y8JKqOMN0WxvNg.BlnYk7Ci4YCBHKKKKFSmGLjw","cert_expiry":1795294675,"selected_time":1792672397,"next_update":1787993692.7613206,"explanation_url":""}
{"level":"info","ts":1787974355.5971076,"logger":"http.acme_client","msg":"got renewal info","names":["www.rorcun.com"],"window_start":1788130905,"window_end":1788286355,"selected_time":1788266213,"recheck_after":1787994936.5962489,"explanation_url":""}
{"level":"info","ts":1787974355.6016812,"logger":"tls.cache.maintenance","msg":"updated and stored ACME renewal information","identifiers":["www.rorcun.com"],"cert_hash":"402725242beaedcd63ff31bb073420a6a5876bdaa5730af1f388ee385ace124e","ari_unique_id":"uVnyjs8i8IbTN0j_dhQYuoLYVYc.BsHGsk9ngaoGK0xrZ6JBV4-N","cert_expiry":1790799460,"selected_time":1788198756,"next_update":1787994936.5962489,"explanation_url":""}
{"level":"info","ts":1787977355.6563191,"logger":"http.acme_client","msg":"got renewal info","names":["irem.rorcun.com"],"window_start":1793037983,"window_end":1793193433,"selected_time":1793170488,"recheck_after":1787995974.6563191,"explanation_url":""}
{"level":"info","ts":1787977355.6632779,"logger":"tls.cache.maintenance","msg":"updated and stored ACME renewal information","identifiers":["irem.rorcun.com"],"cert_hash":"bf7195d079318f23840257fc2ba78e4d762b5222b517dc6a98af79385f417a63","ari_unique_id":"uVnyjs8i8IbTN0j_dhQYuoLYVYc.BkM8SZoTVtf8gaehWtwdtpHg","cert_expiry":1795706538,"selected_time":1793051049,"next_update":1787995974.6563191,"explanation_url":""}
{"level":"info","ts":1787982755.5639594,"logger":"http.acme_client","msg":"got renewal info","names":["rorcun.com"],"window_start":1788130905,"window_end":1788286354,"selected_time":1788191719,"recheck_after":1788005774.5639594,"explanation_url":""}
{"level":"info","ts":1787982755.5681076,"logger":"tls.cache.maintenance","msg":"updated and stored ACME renewal information","identifiers":["rorcun.com"],"cert_hash":"e43ef4628ddbc969851f2715a4c00886c6055c563b183770bf55e137e15ef8f9","ari_unique_id":"uVnyjs8i8IbTN0j_dhQYuoLYVYc.BqVHK705Np_day4Mpjrfjsr3","cert_expiry":1790799460,"selected_time":1788133578,"next_update":1788005774.5639594,"explanation_url":""}
{"level":"info","ts":1787994155.5815756,"logger":"http.acme_client","msg":"got renewal info","names":["kitap.rorcun.com"],"window_start":1792626120,"window_end":1792781570,"selected_time":1792663487,"recheck_after":1788018978.5815756,"explanation_url":""}
{"level":"info","ts":1787994155.5854132,"logger":"tls.cache.maintenance","msg":"updated and stored ACME renewal information","identifiers":["kitap.rorcun.com"],"cert_hash":"fd0e8ad1bdbc174e847d4fc116ba575b4e8e2567d97e05095a85b34073590464","ari_unique_id":"uyDKRwv-1-Wc-Y8JKqOMN0WxvNg.BlnYk7Ci4YCBHKKKKFSmGLjw","cert_expiry":1795294675,"selected_time":1792672397,"next_update":1788018978.5815756,"explanation_url":""}
{"level":"info","ts":1787995355.7522678,"logger":"http.acme_client","msg":"got renewal info","names":["www.rorcun.com"],"window_start":1788130905,"window_end":1788286355,"selected_time":1788132315,"recheck_after":1788015129.7522678,"explanation_url":""}
{"level":"info","ts":1787995355.757544,"logger":"tls.cache.maintenance","msg":"updated and stored ACME renewal information","identifiers":["www.rorcun.com"],"cert_hash":"402725242beaedcd63ff31bb073420a6a5876bdaa5730af1f388ee385ace124e","ari_unique_id":"uVnyjs8i8IbTN0j_dhQYuoLYVYc.BsHGsk9ngaoGK0xrZ6JBV4-N","cert_expiry":1790799460,"selected_time":1788198756,"next_update":1788015129.7522678,"explanation_url":""}
{"level":"info","ts":1787996555.57116,"logger":"http.acme_client","msg":"got renewal info","names":["irem.rorcun.com"],"window_start":1793037983,"window_end":1793193433,"selected_time":1793176539,"recheck_after":1788018932.57116,"explanation_url":""}
{"level":"info","ts":1787996555.5799482,"logger":"tls.cache.maintenance","msg":"updated and stored ACME renewal information","identifiers":["irem.rorcun.com"],"cert_hash":"bf7195d079318f23840257fc2ba78e4d762b5222b517dc6a98af79385f417a63","ari_unique_id":"uVnyjs8i8IbTN0j_dhQYuoLYVYc.BkM8SZoTVtf8gaehWtwdtpHg","cert_expiry":1795706538,"selected_time":1793051049,"next_update":1788018932.57116,"explanation_url":""}
{"level":"info","ts":1787996738.2845912,"msg":"shutting down","signal":"SIGINT"}
{"level":"warn","ts":1787996738.2881193,"msg":"exiting; byeee!! 👋","signal":"SIGINT"}
{"level":"info","ts":1787996738.2881193,"logger":"http","msg":"servers shutting down with eternal grace period"}
{"level":"info","ts":1787996738.2913756,"logger":"admin","msg":"stopped previous server","address":"localhost:2019"}
{"level":"info","ts":1787996738.2913756,"msg":"shutdown complete","signal":"SIGINT","exit_code":0}
{"level":"info","ts":1787996779.5656004,"msg":"maxprocs: Leaving GOMAXPROCS=28: CPU quota undefined"}
{"level":"info","ts":1787996779.5656004,"msg":"GOMEMLIMIT is updated","GOMEMLIMIT":77089462272,"previous":9223372036854775807}
{"level":"info","ts":1787996779.5656004,"msg":"using config from file","file":"C:\\Project\\LocalAgentApi-WebU - OpenCode\\caddy\\Caddyfile"}
{"level":"info","ts":1787996779.5656004,"msg":"adapted config to JSON","adapter":"caddyfile"}
{"level":"warn","ts":1787996779.5656004,"msg":"Caddyfile input is not formatted; run 'caddy fmt --overwrite' to fix inconsistencies","adapter":"caddyfile","file":"C:\\Project\\LocalAgentApi-WebU - OpenCode\\caddy\\Caddyfile","line":16}
{"level":"info","ts":1787996779.5707033,"logger":"admin","msg":"admin endpoint started","address":"localhost:2019","enforce_origin":false,"origins":["//localhost:2019","//[::1]:2019","//127.0.0.1:2019"]}
{"level":"info","ts":1787996779.5707033,"logger":"tls.cache.maintenance","msg":"started background certificate maintenance","cache":"0x5db79471d80"}
{"level":"info","ts":1787996779.5707033,"logger":"http.auto_https","msg":"server is listening only on the HTTPS port but has no TLS connection policies; adding one to enable TLS","server_name":"srv0","https_port":443}
{"level":"info","ts":1787996779.572723,"logger":"http.auto_https","msg":"enabling automatic HTTP->HTTPS redirects","server_name":"srv0"}
{"level":"info","ts":1787996779.5757425,"logger":"http","msg":"enabling HTTP/3 listener","addr":":443"}
{"level":"info","ts":1787996779.5757425,"logger":"http.log","msg":"server running","name":"srv0","protocols":["h1","h2","h3"]}
{"level":"warn","ts":1787996779.5757425,"logger":"http","msg":"HTTP/2 skipped because it requires TLS","network":"tcp","addr":":80"}
{"level":"warn","ts":1787996779.5757425,"logger":"http","msg":"HTTP/3 skipped because it requires TLS","network":"tcp","addr":":80"}
{"level":"info","ts":1787996779.5757425,"logger":"http.log","msg":"server running","name":"remaining_auto_https_redirects","protocols":["h1","h2","h3"]}
{"level":"info","ts":1787996779.5757425,"logger":"http","msg":"enabling automatic TLS certificate management","domains":["kitap.rorcun.com","irem.rorcun.com","rorcun.com","www.rorcun.com"]}
{"level":"info","ts":1787996779.5757425,"msg":"autosaved config (load with --resume flag)","file":"C:\\WINDOWS\\system32\\config\\systemprofile\\AppData\\Roaming\\Caddy\\autosave.json"}
{"level":"info","ts":1787996779.5757425,"msg":"serving initial configuration"}
{"level":"info","ts":1787996779.5798542,"logger":"tls","msg":"storage cleaning happened too recently; skipping for now","storage":"FileStorage:C:/Project/LocalAgentApi-WebU - OpenCode/caddy/data","instance":"9047db74-d012-4a64-ac30-dbcf057dbd10","try_again":1788083179.5798542,"try_again_in":86400}
{"level":"info","ts":1787996779.5798542,"logger":"tls","msg":"finished cleaning storage units"}
{"level":"info","ts":1788000743.566603,"logger":"admin.api","msg":"received request","method":"POST","host":"localhost:2019","uri":"/load","remote_ip":"127.0.0.1","remote_port":"63096","headers":{"User-Agent":["Go-http-client/1.1"],"Cache-Control":["must-revalidate"],"Caddy-Config-Source-File":["Caddyfile"],"Origin":["http://localhost:2019"],"Accept-Encoding":["gzip"],"Content-Length":["6307"],"Caddy-Config-Source-Adapter":["caddyfile"],"Content-Type":["application/json"]}}
{"level":"info","ts":1788000743.5671217,"logger":"admin","msg":"admin endpoint started","address":"localhost:2019","enforce_origin":false,"origins":["//localhost:2019","//[::1]:2019","//127.0.0.1:2019"]}
{"level":"info","ts":1788000743.5671217,"logger":"http.auto_https","msg":"server is listening only on the HTTPS port but has no TLS connection policies; adding one to enable TLS","server_name":"srv0","https_port":443}
{"level":"info","ts":1788000743.5671217,"logger":"http.auto_https","msg":"enabling automatic HTTP->HTTPS redirects","server_name":"srv0"}
{"level":"info","ts":1788000743.5691705,"logger":"http","msg":"enabling HTTP/3 listener","addr":":443"}
{"level":"info","ts":1788000743.5691705,"logger":"http.log","msg":"server running","name":"srv0","protocols":["h1","h2","h3"]}
{"level":"warn","ts":1788000743.5691705,"logger":"http","msg":"HTTP/2 skipped because it requires TLS","network":"tcp","addr":":80"}
{"level":"warn","ts":1788000743.5691705,"logger":"http","msg":"HTTP/3 skipped because it requires TLS","network":"tcp","addr":":80"}
{"level":"info","ts":1788000743.5691705,"logger":"http.log","msg":"server running","name":"remaining_auto_https_redirects","protocols":["h1","h2","h3"]}
{"level":"info","ts":1788000743.5691705,"logger":"http","msg":"enabling automatic TLS certificate management","domains":["irem.rorcun.com","rorcun.com","www.rorcun.com","api.rorcun.com","kitap.rorcun.com"]}
{"level":"info","ts":1788000743.5691705,"logger":"http","msg":"servers shutting down with eternal grace period"}
{"level":"info","ts":1788000743.569689,"msg":"autosaved config (load with --resume flag)","file":"C:\\WINDOWS\\system32\\config\\systemprofile\\AppData\\Roaming\\Caddy\\autosave.json"}
{"level":"info","ts":1788000743.569689,"logger":"admin.api","msg":"load complete"}
{"level":"info","ts":1788000743.570719,"logger":"admin","msg":"stopped previous server","address":"localhost:2019"}
{"level":"info","ts":1788000743.580527,"logger":"tls.obtain","msg":"acquiring lock","identifier":"api.rorcun.com"}
{"level":"info","ts":1788000743.5832949,"logger":"tls.obtain","msg":"lock acquired","identifier":"api.rorcun.com"}
{"level":"info","ts":1788000743.5832949,"logger":"tls.obtain","msg":"obtaining certificate","identifier":"api.rorcun.com"}
{"level":"info","ts":1788000743.5984335,"logger":"http","msg":"waiting on internal rate limiter","identifiers":["api.rorcun.com"],"ca":"https://acme-v02.api.letsencrypt.org/directory","account":""}
{"level":"info","ts":1788000743.5984335,"logger":"http","msg":"done waiting on internal rate limiter","identifiers":["api.rorcun.com"],"ca":"https://acme-v02.api.letsencrypt.org/directory","account":""}
{"level":"info","ts":1788000743.5984335,"logger":"http","msg":"using ACME account","account_id":"https://acme-v02.api.letsencrypt.org/acme/acct/3496609491","account_contact":[]}
{"level":"info","ts":1788000744.946005,"logger":"http.acme_client","msg":"trying to solve challenge","identifier":"api.rorcun.com","challenge_type":"http-01","ca":"https://acme-v02.api.letsencrypt.org/directory"}
{"level":"info","ts":1788000745.5958958,"logger":"http","msg":"served key authentication","identifier":"api.rorcun.com","challenge":"http-01","remote":"23.178.112.210:35785","distributed":false}
{"level":"info","ts":1788000745.9703538,"logger":"http","msg":"served key authentication","identifier":"api.rorcun.com","challenge":"http-01","remote":"16.171.224.5:39226","distributed":false}
{"level":"info","ts":1788000746.0970483,"logger":"http","msg":"served key authentication","identifier":"api.rorcun.com","challenge":"http-01","remote":"3.21.34.49:42622","distributed":false}
{"level":"info","ts":1788000746.2525935,"logger":"http","msg":"served key authentication","identifier":"api.rorcun.com","challenge":"http-01","remote":"34.221.184.206:32892","distributed":false}
{"level":"info","ts":1788000746.4503975,"logger":"http","msg":"served key authentication","identifier":"api.rorcun.com","challenge":"http-01","remote":"47.129.2.216:47946","distributed":false}
{"level":"info","ts":1788000747.815187,"logger":"http.acme_client","msg":"authorization finalized","identifier":"api.rorcun.com","authz_status":"valid"}
{"level":"info","ts":1788000747.815187,"logger":"http.acme_client","msg":"validations succeeded; finalizing order","order":"https://acme-v02.api.letsencrypt.org/acme/order/3496609491/550758860585"}
{"level":"info","ts":1788000750.7004993,"logger":"http.acme_client","msg":"got renewal info","names":["api.rorcun.com"],"window_start":1793104682,"window_end":1793260132,"selected_time":1793165676,"recheck_after":1788023559.7004993,"explanation_url":""}
{"level":"info","ts":1788000751.088618,"logger":"http.acme_client","msg":"got renewal info","names":["api.rorcun.com"],"window_start":1793104682,"window_end":1793260132,"selected_time":1793232543,"recheck_after":1788019601.088618,"explanation_url":""}
{"level":"info","ts":1788000751.4634233,"logger":"http.acme_client","msg":"got renewal info","names":["api.rorcun.com"],"window_start":1793104682,"window_end":1793260132,"selected_time":1793230583,"recheck_after":1788019938.4634233,"explanation_url":""}
{"level":"info","ts":1788000751.4634233,"logger":"http.acme_client","msg":"successfully downloaded available certificate chains","count":3,"first_url":"https://acme-v02.api.letsencrypt.org/acme/cert/06d5b98f951a7afa352873fadfaa3808e3a6"}
{"level":"info","ts":1788000751.4710515,"logger":"tls.obtain","msg":"certificate obtained successfully","identifier":"api.rorcun.com","issuer":"acme-v02.api.letsencrypt.org-directory"}
{"level":"info","ts":1788000751.4710515,"logger":"tls.obtain","msg":"releasing lock","identifier":"api.rorcun.com"}
{"level":"info","ts":1788001640.0611482,"logger":"admin.api","msg":"received request","method":"POST","host":"localhost:2019","uri":"/load","remote_ip":"127.0.0.1","remote_port":"57104","headers":{"User-Agent":["Go-http-client/1.1"],"Caddy-Config-Source-Adapter":["caddyfile"],"Origin":["http://localhost:2019"],"Accept-Encoding":["gzip"],"Content-Length":["6488"],"Cache-Control":["must-revalidate"],"Caddy-Config-Source-File":["Caddyfile"],"Content-Type":["application/json"]}}
{"level":"info","ts":1788001640.0616598,"logger":"admin","msg":"admin endpoint started","address":"localhost:2019","enforce_origin":false,"origins":["//localhost:2019","//[::1]:2019","//127.0.0.1:2019"]}
{"level":"info","ts":1788001640.0621765,"logger":"http.auto_https","msg":"server is listening only on the HTTPS port but has no TLS connection policies; adding one to enable TLS","server_name":"srv0","https_port":443}
{"level":"info","ts":1788001640.0621765,"logger":"http.auto_https","msg":"enabling automatic HTTP->HTTPS redirects","server_name":"srv0"}
{"level":"info","ts":1788001640.0637066,"logger":"http","msg":"enabling HTTP/3 listener","addr":":443"}
{"level":"info","ts":1788001640.0637066,"logger":"http.log","msg":"server running","name":"srv0","protocols":["h1","h2","h3"]}
{"level":"warn","ts":1788001640.0637066,"logger":"http","msg":"HTTP/2 skipped because it requires TLS","network":"tcp","addr":":80"}
{"level":"warn","ts":1788001640.0637066,"logger":"http","msg":"HTTP/3 skipped because it requires TLS","network":"tcp","addr":":80"}
{"level":"info","ts":1788001640.0637066,"logger":"http.log","msg":"server running","name":"remaining_auto_https_redirects","protocols":["h1","h2","h3"]}
{"level":"info","ts":1788001640.0637066,"logger":"http","msg":"enabling automatic TLS certificate management","domains":["kitap.rorcun.com","irem.rorcun.com","rorcun.com","www.rorcun.com","api.rorcun.com"]}
{"level":"info","ts":1788001640.0637066,"logger":"http","msg":"servers shutting down with eternal grace period"}
{"level":"info","ts":1788001640.0642238,"msg":"autosaved config (load with --resume flag)","file":"C:\\WINDOWS\\system32\\config\\systemprofile\\AppData\\Roaming\\Caddy\\autosave.json"}
{"level":"info","ts":1788001640.0642238,"logger":"admin.api","msg":"load complete"}
{"level":"info","ts":1788001640.0657446,"logger":"admin","msg":"stopped previous server","address":"localhost:2019"}
{"level":"info","ts":1788005780.2234151,"logger":"http.acme_client","msg":"got renewal info","names":["rorcun.com"],"window_start":1788130905,"window_end":1788286354,"selected_time":1788253724,"recheck_after":1788025015.2234151,"explanation_url":""}
{"level":"info","ts":1788005780.2259474,"logger":"tls.cache.maintenance","msg":"updated and stored ACME renewal information","identifiers":["rorcun.com"],"cert_hash":"e43ef4628ddbc969851f2715a4c00886c6055c563b183770bf55e137e15ef8f9","ari_unique_id":"uVnyjs8i8IbTN0j_dhQYuoLYVYc.BqVHK705Np_day4Mpjrfjsr3","cert_expiry":1790799460,"selected_time":1788133578,"next_update":1788025015.2234151,"explanation_url":""}
{"level":"info","ts":1788007779.8710487,"logger":"admin.api","msg":"received request","method":"POST","host":"localhost:2019","uri":"/load","remote_ip":"127.0.0.1","remote_port":"64195","headers":{"Cache-Control":["must-revalidate"],"Caddy-Config-Source-Adapter":["caddyfile"],"Caddy-Config-Source-File":["Caddyfile"],"Content-Type":["application/json"],"Accept-Encoding":["gzip"],"User-Agent":["Go-http-client/1.1"],"Content-Length":["6637"],"Origin":["http://localhost:2019"]}}
{"level":"info","ts":1788007779.8731937,"logger":"admin","msg":"admin endpoint started","address":"localhost:2019","enforce_origin":false,"origins":["//localhost:2019","//[::1]:2019","//127.0.0.1:2019"]}
{"level":"info","ts":1788007779.8731937,"logger":"http.auto_https","msg":"server is listening only on the HTTPS port but has no TLS connection policies; adding one to enable TLS","server_name":"srv0","https_port":443}
{"level":"info","ts":1788007779.8731937,"logger":"http.auto_https","msg":"enabling automatic HTTP->HTTPS redirects","server_name":"srv0"}
{"level":"info","ts":1788007779.8755283,"logger":"http","msg":"enabling HTTP/3 listener","addr":":443"}
{"level":"info","ts":1788007779.8755283,"logger":"http.log","msg":"server running","name":"srv0","protocols":["h1","h2","h3"]}
{"level":"warn","ts":1788007779.8755283,"logger":"http","msg":"HTTP/2 skipped because it requires TLS","network":"tcp","addr":":80"}
{"level":"warn","ts":1788007779.8755283,"logger":"http","msg":"HTTP/3 skipped because it requires TLS","network":"tcp","addr":":80"}
{"level":"info","ts":1788007779.8755283,"logger":"http.log","msg":"server running","name":"remaining_auto_https_redirects","protocols":["h1","h2","h3"]}
{"level":"info","ts":1788007779.8755283,"logger":"http","msg":"enabling automatic TLS certificate management","domains":["www.rorcun.com","api.rorcun.com","kitap.rorcun.com","irem.rorcun.com","rorcun.com"]}
{"level":"info","ts":1788007779.8755283,"logger":"http","msg":"servers shutting down with eternal grace period"}
{"level":"info","ts":1788007779.8761513,"msg":"autosaved config (load with --resume flag)","file":"C:\\WINDOWS\\system32\\config\\systemprofile\\AppData\\Roaming\\Caddy\\autosave.json"}
{"level":"info","ts":1788007779.8761513,"logger":"admin.api","msg":"load complete"}
{"level":"info","ts":1788007779.8778474,"logger":"admin","msg":"stopped previous server","address":"localhost:2019"}
{"level":"info","ts":1788008096.7610738,"logger":"admin.api","msg":"received request","method":"POST","host":"localhost:2019","uri":"/load","remote_ip":"127.0.0.1","remote_port":"62146","headers":{"User-Agent":["Go-http-client/1.1"],"Content-Length":["6875"],"Caddy-Config-Source-File":["Caddyfile"],"Content-Type":["application/json"],"Accept-Encoding":["gzip"],"Cache-Control":["must-revalidate"],"Caddy-Config-Source-Adapter":["caddyfile"],"Origin":["http://localhost:2019"]}}
{"level":"info","ts":1788008096.7630332,"logger":"admin","msg":"admin endpoint started","address":"localhost:2019","enforce_origin":false,"origins":["//[::1]:2019","//127.0.0.1:2019","//localhost:2019"]}
{"level":"info","ts":1788008096.7630332,"logger":"http.auto_https","msg":"server is listening only on the HTTPS port but has no TLS connection policies; adding one to enable TLS","server_name":"srv0","https_port":443}
{"level":"info","ts":1788008096.7630332,"logger":"http.auto_https","msg":"enabling automatic HTTP->HTTPS redirects","server_name":"srv0"}
{"level":"info","ts":1788008096.766961,"logger":"http","msg":"enabling HTTP/3 listener","addr":":443"}
{"level":"info","ts":1788008096.766961,"logger":"http.log","msg":"server running","name":"srv0","protocols":["h1","h2","h3"]}
{"level":"warn","ts":1788008096.766961,"logger":"http","msg":"HTTP/2 skipped because it requires TLS","network":"tcp","addr":":80"}
{"level":"warn","ts":1788008096.766961,"logger":"http","msg":"HTTP/3 skipped because it requires TLS","network":"tcp","addr":":80"}
{"level":"info","ts":1788008096.766961,"logger":"http.log","msg":"server running","name":"remaining_auto_https_redirects","protocols":["h1","h2","h3"]}
{"level":"info","ts":1788008096.766961,"logger":"http","msg":"enabling automatic TLS certificate management","domains":["www.rorcun.com","api.rorcun.com","kitap.rorcun.com","irem.rorcun.com","rorcun.com"]}
{"level":"info","ts":1788008096.766961,"logger":"http","msg":"servers shutting down with eternal grace period"}
{"level":"info","ts":1788008096.7681015,"msg":"autosaved config (load with --resume flag)","file":"C:\\WINDOWS\\system32\\config\\systemprofile\\AppData\\Roaming\\Caddy\\autosave.json"}
{"level":"info","ts":1788008096.7681015,"logger":"admin.api","msg":"load complete"}
{"level":"info","ts":1788008096.7731793,"logger":"admin","msg":"stopped previous server","address":"localhost:2019"}
{"level":"info","ts":1788008513.9588864,"logger":"admin.api","msg":"received request","method":"POST","host":"localhost:2019","uri":"/load","remote_ip":"127.0.0.1","remote_port":"59726","headers":{"Content-Length":["7031"],"Origin":["http://localhost:2019"],"Accept-Encoding":["gzip"],"User-Agent":["Go-http-client/1.1"],"Cache-Control":["must-revalidate"],"Caddy-Config-Source-Adapter":["caddyfile"],"Caddy-Config-Source-File":["Caddyfile"],"Content-Type":["application/json"]}}
{"level":"info","ts":1788008513.9606488,"logger":"admin","msg":"admin endpoint started","address":"localhost:2019","enforce_origin":false,"origins":["//localhost:2019","//[::1]:2019","//127.0.0.1:2019"]}
{"level":"info","ts":1788008513.9606488,"logger":"http.auto_https","msg":"server is listening only on the HTTPS port but has no TLS connection policies; adding one to enable TLS","server_name":"srv0","https_port":443}
{"level":"info","ts":1788008513.9606488,"logger":"http.auto_https","msg":"enabling automatic HTTP->HTTPS redirects","server_name":"srv0"}
{"level":"info","ts":1788008513.9632764,"logger":"http","msg":"enabling HTTP/3 listener","addr":":443"}
{"level":"info","ts":1788008513.9632764,"logger":"http.log","msg":"server running","name":"srv0","protocols":["h1","h2","h3"]}
{"level":"warn","ts":1788008513.9632764,"logger":"http","msg":"HTTP/2 skipped because it requires TLS","network":"tcp","addr":":80"}
{"level":"warn","ts":1788008513.9632764,"logger":"http","msg":"HTTP/3 skipped because it requires TLS","network":"tcp","addr":":80"}
{"level":"info","ts":1788008513.9632764,"logger":"http.log","msg":"server running","name":"remaining_auto_https_redirects","protocols":["h1","h2","h3"]}
{"level":"info","ts":1788008513.9632764,"logger":"http","msg":"enabling automatic TLS certificate management","domains":["rorcun.com","www.rorcun.com","api.rorcun.com","kitap.rorcun.com","irem.rorcun.com"]}
{"level":"info","ts":1788008513.9637806,"logger":"http","msg":"servers shutting down with eternal grace period"}
{"level":"info","ts":1788008513.9642954,"msg":"autosaved config (load with --resume flag)","file":"C:\\WINDOWS\\system32\\config\\systemprofile\\AppData\\Roaming\\Caddy\\autosave.json"}
{"level":"info","ts":1788008513.9642954,"logger":"admin.api","msg":"load complete"}
{"level":"info","ts":1788008513.9690351,"logger":"admin","msg":"stopped previous server","address":"localhost:2019"}
{"level":"warn","ts":1788009582.2872293,"logger":"http.handlers.reverse_proxy","msg":"aborting with incomplete response","upstream":"127.0.0.1:9000","duration":0.3177273,"request":{"remote_ip":"31.223.116.89","remote_port":"47668","client_ip":"31.223.116.89","proto":"HTTP/1.1","method":"POST","host":"api.rorcun.com","uri":"/api/v2/openai/v1/chat/completions","headers":{"Content-Length":["3077"],"X-Stainless-Os":["Linux"],"X-Stainless-Arch":["x64"],"X-Forwarded-For":["31.223.116.89"],"Via":["1.1 Caddy"],"Content-Type":["application/json"],"X-Stainless-Runtime-Version":["3.12.3"],"X-Stainless-Package-Version":["2.20.0"],"X-Stainless-Raw-Response":["true"],"Accept":["application/json"],"X-Stainless-Read-Timeout":["600.0"],"X-Stainless-Lang":["python"],"Authorization":["REDACTED"],"X-Stainless-Retry-Count":["0"],"X-Forwarded-Proto":["https"],"Accept-Encoding":["gzip, deflate"],"X-Stainless-Async":["false"],"X-Forwarded-Host":["api.rorcun.com"],"X-Stainless-Runtime":["CPython"],"User-Agent":["OpenAI/Python 2.20.0"]},"tls":{"resumed":false,"version":772,"cipher_suite":4865,"proto":"http/1.1","server_name":"api.rorcun.com","ech":false}},"error":"reading: context canceled"}
{"level":"info","ts":1788015380.2295141,"logger":"http.acme_client","msg":"got renewal info","names":["www.rorcun.com"],"window_start":1788130905,"window_end":1788286355,"selected_time":1788175262,"recheck_after":1788034938.2295141,"explanation_url":""}
{"level":"info","ts":1788015380.2336085,"logger":"tls.cache.maintenance","msg":"updated and stored ACME renewal information","identifiers":["www.rorcun.com"],"cert_hash":"402725242beaedcd63ff31bb073420a6a5876bdaa5730af1f388ee385ace124e","ari_unique_id":"uVnyjs8i8IbTN0j_dhQYuoLYVYc.BsHGsk9ngaoGK0xrZ6JBV4-N","cert_expiry":1790799460,"selected_time":1788198756,"next_update":1788034938.2295141,"explanation_url":""}
{"level":"info","ts":1788016337.8479023,"msg":"maxprocs: Leaving GOMAXPROCS=28: CPU quota undefined"}
{"level":"info","ts":1788016337.8479023,"msg":"GOMEMLIMIT is updated","GOMEMLIMIT":77089462272,"previous":9223372036854775807}
{"level":"info","ts":1788016337.8479023,"msg":"using config from file","file":"C:\\Project\\LocalAgentApi-WebU - OpenCode\\caddy\\Caddyfile"}
{"level":"info","ts":1788016337.8479023,"msg":"adapted config to JSON","adapter":"caddyfile"}
{"level":"warn","ts":1788016337.8479023,"msg":"Caddyfile input is not formatted; run 'caddy fmt --overwrite' to fix inconsistencies","adapter":"caddyfile","file":"C:\\Project\\LocalAgentApi-WebU - OpenCode\\caddy\\Caddyfile","line":16}
{"level":"info","ts":1788016337.8583822,"logger":"admin","msg":"admin endpoint started","address":"localhost:2019","enforce_origin":false,"origins":["//localhost:2019","//[::1]:2019","//127.0.0.1:2019"]}
{"level":"info","ts":1788016337.858914,"logger":"tls.cache.maintenance","msg":"started background certificate maintenance","cache":"0x3e6746809900"}
{"level":"info","ts":1788016337.858914,"logger":"http.auto_https","msg":"server is listening only on the HTTPS port but has no TLS connection policies; adding one to enable TLS","server_name":"srv0","https_port":443}
{"level":"info","ts":1788016337.858914,"logger":"http.auto_https","msg":"enabling automatic HTTP->HTTPS redirects","server_name":"srv0"}
{"level":"warn","ts":1788016337.8636515,"logger":"http","msg":"HTTP/2 skipped because it requires TLS","network":"tcp","addr":":80"}
{"level":"warn","ts":1788016337.8636515,"logger":"http","msg":"HTTP/3 skipped because it requires TLS","network":"tcp","addr":":80"}
{"level":"info","ts":1788016337.8636515,"logger":"http.log","msg":"server running","name":"remaining_auto_https_redirects","protocols":["h1","h2","h3"]}
{"level":"info","ts":1788016337.8636515,"logger":"http","msg":"enabling HTTP/3 listener","addr":":443"}
{"level":"info","ts":1788016337.8641768,"logger":"http.log","msg":"server running","name":"srv0","protocols":["h1","h2","h3"]}
{"level":"info","ts":1788016337.8647082,"logger":"http","msg":"enabling automatic TLS certificate management","domains":["api.rorcun.com","kitap.rorcun.com","irem.rorcun.com","rorcun.com","www.rorcun.com"]}
{"level":"info","ts":1788016337.865221,"msg":"autosaved config (load with --resume flag)","file":"C:\\WINDOWS\\system32\\config\\systemprofile\\AppData\\Roaming\\Caddy\\autosave.json"}
{"level":"info","ts":1788016337.865221,"msg":"serving initial configuration"}
{"level":"info","ts":1788016337.8678887,"logger":"tls","msg":"cleaning storage unit","storage":"FileStorage:C:/Project/LocalAgentApi-WebU - OpenCode/caddy/data"}
{"level":"info","ts":1788016337.8726456,"logger":"tls","msg":"finished cleaning storage units"}
{"level":"info","ts":1788019338.7251055,"logger":"http.acme_client","msg":"got renewal info","names":["irem.rorcun.com"],"window_start":1793037983,"window_end":1793193433,"selected_time":1793137445,"recheck_after":1788042778.7251055,"explanation_url":""}
{"level":"info","ts":1788019338.7313755,"logger":"tls.cache.maintenance","msg":"updated and stored ACME renewal information","identifiers":["irem.rorcun.com"],"cert_hash":"bf7195d079318f23840257fc2ba78e4d762b5222b517dc6a98af79385f417a63","ari_unique_id":"uVnyjs8i8IbTN0j_dhQYuoLYVYc.BkM8SZoTVtf8gaehWtwdtpHg","cert_expiry":1795706538,"selected_time":1793051049,"next_update":1788042778.7251055,"explanation_url":""}
{"level":"info","ts":1788019338.939739,"logger":"http.acme_client","msg":"got renewal info","names":["kitap.rorcun.com"],"window_start":1792626120,"window_end":1792781570,"selected_time":1792696994,"recheck_after":1788037183.939739,"explanation_url":""}
{"level":"info","ts":1788019338.9494638,"logger":"tls.cache.maintenance","msg":"updated and stored ACME renewal information","identifiers":["kitap.rorcun.com"],"cert_hash":"fd0e8ad1bdbc174e847d4fc116ba575b4e8e2567d97e05095a85b34073590464","ari_unique_id":"uyDKRwv-1-Wc-Y8JKqOMN0WxvNg.BlnYk7Ci4YCBHKKKKFSmGLjw","cert_expiry":1795294675,"selected_time":1792672397,"next_update":1788037183.939739,"explanation_url":""}
{"level":"info","ts":1788024138.582781,"logger":"http.acme_client","msg":"got renewal info","names":["api.rorcun.com"],"window_start":1793104682,"window_end":1793260132,"selected_time":1793239933,"recheck_after":1788043296.582781,"explanation_url":""}
{"level":"info","ts":1788024138.5928445,"logger":"tls.cache.maintenance","msg":"updated and stored ACME renewal information","identifiers":["api.rorcun.com"],"cert_hash":"9785f01e4e654c2061c7f84a8f4a4244d0dbb5804c8004428768f2cb2ab7e49c","ari_unique_id":"uVnyjs8i8IbTN0j_dhQYuoLYVYc.BtW5j5Uaevo1KHP636o4COOm","cert_expiry":1795773237,"selected_time":1793165676,"next_update":1788043296.582781,"explanation_url":""}
{"level":"info","ts":1788025338.4929886,"logger":"http.acme_client","msg":"got renewal info","names":["rorcun.com"],"window_start":1788130905,"window_end":1788286354,"selected_time":1788201470,"recheck_after":1788047952.4929886,"explanation_url":""}
{"level":"info","ts":1788025338.5028787,"logger":"tls.cache.maintenance","msg":"updated and stored ACME renewal information","identifiers":["rorcun.com"],"cert_hash":"e43ef4628ddbc969851f2715a4c00886c6055c563b183770bf55e137e15ef8f9","ari_unique_id":"uVnyjs8i8IbTN0j_dhQYuoLYVYc.BqVHK705Np_day4Mpjrfjsr3","cert_expiry":1790799460,"selected_time":1788133578,"next_update":1788047952.4929886,"explanation_url":""}
{"level":"warn","ts":1788030715.7567267,"logger":"http.handlers.reverse_proxy","msg":"aborting with incomplete response","upstream":"127.0.0.1:8080","duration":0.0165969,"request":{"remote_ip":"31.223.116.89","remote_port":"60318","client_ip":"31.223.116.89","proto":"HTTP/2.0","method":"GET","host":"kitap.rorcun.com","uri":"/mesajlar/1/akis","headers":{"Cache-Control":["no-cache"],"User-Agent":["Mozilla/5.0 (Windows NT 10.0; Win64; x64) AppleWebKit/537.36 (KHTML, like Gecko) Chrome/150.0.0.0 Safari/537.36 OPR/134.0.0.0"],"Priority":["u=1, i"],"Accept":["text/event-stream"],"Sec-Fetch-Mode":["cors"],"X-Forwarded-Host":["kitap.rorcun.com"],"X-Real-Ip":["31.223.116.89"],"Cookie":["REDACTED"],"Sec-Fetch-Site":["same-origin"],"X-Forwarded-Proto":["https"],"Accept-Encoding":["gzip, deflate, br, zstd"],"Sec-Ch-Ua-Platform":["\"Windows\""],"Referer":["https://kitap.rorcun.com/mesajlar/1"],"Via":["2.0 Caddy"],"Accept-Language":["tr,en-US;q=0.9,en;q=0.8,id;q=0.7,th;q=0.6,ru;q=0.5,da;q=0.4"],"Pragma":["no-cache"],"Sec-Ch-Ua-Mobile":["?0"],"Sec-Fetch-Dest":["empty"],"X-Forwarded-For":["31.223.116.89"],"Sec-Ch-Ua":["\"Not;A=Brand\";v=\"8\", \"Chromium\";v=\"150\", \"Opera\";v=\"134\""]},"tls":{"resumed":true,"version":772,"cipher_suite":4865,"proto":"h2","server_name":"kitap.rorcun.com","ech":false}},"error":"reading: context canceled"}
{"level":"info","ts":1788035538.5546207,"logger":"http.acme_client","msg":"got renewal info","names":["www.rorcun.com"],"window_start":1788130905,"window_end":1788286355,"selected_time":1788203639,"recheck_after":1788054235.5546207,"explanation_url":""}
{"level":"info","ts":1788035538.5601075,"logger":"tls.cache.maintenance","msg":"updated and stored ACME renewal information","identifiers":["www.rorcun.com"],"cert_hash":"402725242beaedcd63ff31bb073420a6a5876bdaa5730af1f388ee385ace124e","ari_unique_id":"uVnyjs8i8IbTN0j_dhQYuoLYVYc.BsHGsk9ngaoGK0xrZ6JBV4-N","cert_expiry":1790799460,"selected_time":1788198756,"next_update":1788054235.5546207,"explanation_url":""}
{"level":"info","ts":1788037338.5426695,"logger":"http.acme_client","msg":"got renewal info","names":["kitap.rorcun.com"],"window_start":1792626120,"window_end":1792781570,"selected_time":1792671410,"recheck_after":1788058800.5426695,"explanation_url":""}
{"level":"info","ts":1788037338.5482597,"logger":"tls.cache.maintenance","msg":"updated and stored ACME renewal information","identifiers":["kitap.rorcun.com"],"cert_hash":"fd0e8ad1bdbc174e847d4fc116ba575b4e8e2567d97e05095a85b34073590464","ari_unique_id":"uyDKRwv-1-Wc-Y8JKqOMN0WxvNg.BlnYk7Ci4YCBHKKKKFSmGLjw","cert_expiry":1795294675,"selected_time":1792672397,"next_update":1788058800.5426695,"explanation_url":""}
{"level":"warn","ts":1788072375.876913,"logger":"http.acme_client","msg":"HTTP request failed; retrying","url":"https://acme-v02.api.letsencrypt.org/directory","error":"performing request: Get \"https://acme-v02.api.letsencrypt.org/directory\": dial tcp: lookup acme-v02.api.letsencrypt.org: no such host"}
{"level":"info","ts":1788072382.1874213,"logger":"http.acme_client","msg":"got renewal info","names":["irem.rorcun.com"],"window_start":1793037983,"window_end":1793193433,"selected_time":1793187816,"recheck_after":1788097057.1874213,"explanation_url":""}
{"level":"info","ts":1788072382.1916146,"logger":"tls.cache.maintenance","msg":"updated and stored ACME renewal information","identifiers":["irem.rorcun.com"],"cert_hash":"bf7195d079318f23840257fc2ba78e4d762b5222b517dc6a98af79385f417a63","ari_unique_id":"uVnyjs8i8IbTN0j_dhQYuoLYVYc.BkM8SZoTVtf8gaehWtwdtpHg","cert_expiry":1795706538,"selected_time":1793051049,"next_update":1788097057.1874213,"explanation_url":""}
{"level":"info","ts":1788072382.4089084,"logger":"http.acme_client","msg":"got renewal info","names":["api.rorcun.com"],"window_start":1793104682,"window_end":1793260132,"selected_time":1793225722,"recheck_after":1788093103.4089084,"explanation_url":""}
{"level":"info","ts":1788072382.4120677,"logger":"tls.cache.maintenance","msg":"updated and stored ACME renewal information","identifiers":["api.rorcun.com"],"cert_hash":"9785f01e4e654c2061c7f84a8f4a4244d0dbb5804c8004428768f2cb2ab7e49c","ari_unique_id":"uVnyjs8i8IbTN0j_dhQYuoLYVYc.BtW5j5Uaevo1KHP636o4COOm","cert_expiry":1795773237,"selected_time":1793165676,"next_update":1788093103.4089084,"explanation_url":""}
{"level":"info","ts":1788072382.640711,"logger":"http.acme_client","msg":"got renewal info","names":["kitap.rorcun.com"],"window_start":1792626120,"window_end":1792781570,"selected_time":1792762203,"recheck_after":1788093325.640711,"explanation_url":""}
{"level":"info","ts":1788072382.6440172,"logger":"tls.cache.maintenance","msg":"updated and stored ACME renewal information","identifiers":["kitap.rorcun.com"],"cert_hash":"fd0e8ad1bdbc174e847d4fc116ba575b4e8e2567d97e05095a85b34073590464","ari_unique_id":"uyDKRwv-1-Wc-Y8JKqOMN0WxvNg.BlnYk7Ci4YCBHKKKKFSmGLjw","cert_expiry":1795294675,"selected_time":1792672397,"next_update":1788093325.640711,"explanation_url":""}
{"level":"info","ts":1788072382.8480806,"logger":"http.acme_client","msg":"got renewal info","names":["rorcun.com"],"window_start":1788130905,"window_end":1788286354,"selected_time":1788255712,"recheck_after":1788092973.8480806,"explanation_url":""}
{"level":"info","ts":1788072382.8614483,"logger":"tls.cache.maintenance","msg":"updated and stored ACME renewal information","identifiers":["rorcun.com"],"cert_hash":"e43ef4628ddbc969851f2715a4c00886c6055c563b183770bf55e137e15ef8f9","ari_unique_id":"uVnyjs8i8IbTN0j_dhQYuoLYVYc.BqVHK705Np_day4Mpjrfjsr3","cert_expiry":1790799460,"selected_time":1788133578,"next_update":1788092973.8480806,"explanation_url":""}
{"level":"info","ts":1788072383.0640948,"logger":"http.acme_client","msg":"got renewal info","names":["www.rorcun.com"],"window_start":1788130905,"window_end":1788286355,"selected_time":1788132807,"recheck_after":1788089679.0640948,"explanation_url":""}
{"level":"info","ts":1788072383.0683696,"logger":"tls.cache.maintenance","msg":"updated and stored ACME renewal information","identifiers":["www.rorcun.com"],"cert_hash":"402725242beaedcd63ff31bb073420a6a5876bdaa5730af1f388ee385ace124e","ari_unique_id":"uVnyjs8i8IbTN0j_dhQYuoLYVYc.BsHGsk9ngaoGK0xrZ6JBV4-N","cert_expiry":1790799460,"selected_time":1788198756,"next_update":1788089679.0640948,"explanation_url":""}
{"level":"warn","ts":1788085862.8320148,"logger":"http.handlers.reverse_proxy","msg":"aborting with incomplete response","upstream":"127.0.0.1:9000","duration":0.3114932,"request":{"remote_ip":"31.223.116.89","remote_port":"41418","client_ip":"31.223.116.89","proto":"HTTP/1.1","method":"POST","host":"api.rorcun.com","uri":"/api/v2/openai/v1/chat/completions","headers":{"User-Agent":["opencode/1.18.25 ai-sdk/provider-utils/4.0.23 runtime/node.js/24"],"X-Session-Affinity":["ses_fadc902bfffePmBaUru221IIWX"],"X-Forwarded-For":["31.223.116.89"],"X-Forwarded-Proto":["https"],"X-Forwarded-Host":["api.rorcun.com"],"Via":["1.1 Caddy"],"Authorization":["REDACTED"],"Accept-Language":["*"],"Content-Type":["application/json"],"X-Session-Id":["ses_fadc902bfffePmBaUru221IIWX"],"Content-Length":["32319"],"Accept":["*/*"],"Sec-Fetch-Mode":["cors"],"Accept-Encoding":["br, gzip, deflate"]},"tls":{"resumed":false,"version":772,"cipher_suite":4865,"proto":"http/1.1","server_name":"api.rorcun.com","ech":false}},"error":"reading: context canceled"}
{"level":"info","ts":1788090138.6591375,"logger":"http.acme_client","msg":"got renewal info","names":["www.rorcun.com"],"window_start":1788130905,"window_end":1788286355,"selected_time":1788223219,"recheck_after":1788115862.6591375,"explanation_url":""}
{"level":"info","ts":1788090138.6675184,"logger":"tls.cache.maintenance","msg":"updated and stored ACME renewal information","identifiers":["www.rorcun.com"],"cert_hash":"402725242beaedcd63ff31bb073420a6a5876bdaa5730af1f388ee385ace124e","ari_unique_id":"uVnyjs8i8IbTN0j_dhQYuoLYVYc.BsHGsk9ngaoGK0xrZ6JBV4-N","cert_expiry":1790799460,"selected_time":1788198756,"next_update":1788115862.6591375,"explanation_url":""}
{"level":"info","ts":1788091253.4108942,"logger":"admin.api","msg":"received request","method":"POST","host":"localhost:2019","uri":"/load","remote_ip":"127.0.0.1","remote_port":"51552","headers":{"Content-Length":["7934"],"Caddy-Config-Source-Adapter":["caddyfile"],"Caddy-Config-Source-File":["Caddyfile"],"Content-Type":["application/json"],"Origin":["http://localhost:2019"],"Accept-Encoding":["gzip"],"User-Agent":["Go-http-client/1.1"]}}
{"level":"info","ts":1788091253.4141634,"logger":"admin","msg":"admin endpoint started","address":"localhost:2019","enforce_origin":false,"origins":["//localhost:2019","//[::1]:2019","//127.0.0.1:2019"]}
{"level":"info","ts":1788091253.4141634,"logger":"http.auto_https","msg":"server is listening only on the HTTPS port but has no TLS connection policies; adding one to enable TLS","server_name":"srv0","https_port":443}
{"level":"info","ts":1788091253.4141634,"logger":"http.auto_https","msg":"enabling automatic HTTP->HTTPS redirects","server_name":"srv0"}
{"level":"info","ts":1788091253.419092,"logger":"http","msg":"enabling HTTP/3 listener","addr":":443"}
{"level":"info","ts":1788091253.419092,"logger":"http.log","msg":"server running","name":"srv0","protocols":["h1","h2","h3"]}
{"level":"warn","ts":1788091253.419092,"logger":"http","msg":"HTTP/2 skipped because it requires TLS","network":"tcp","addr":":80"}
{"level":"warn","ts":1788091253.419092,"logger":"http","msg":"HTTP/3 skipped because it requires TLS","network":"tcp","addr":":80"}
{"level":"info","ts":1788091253.419092,"logger":"http.log","msg":"server running","name":"remaining_auto_https_redirects","protocols":["h1","h2","h3"]}
{"level":"info","ts":1788091253.419092,"logger":"http","msg":"enabling automatic TLS certificate management","domains":["agent.rorcun.com","kitap.rorcun.com","irem.rorcun.com","rorcun.com","www.rorcun.com","api.rorcun.com"]}
{"level":"info","ts":1788091253.419092,"logger":"http","msg":"servers shutting down with eternal grace period"}
{"level":"info","ts":1788091253.4202762,"msg":"autosaved config (load with --resume flag)","file":"C:\\WINDOWS\\system32\\config\\systemprofile\\AppData\\Roaming\\Caddy\\autosave.json"}
{"level":"info","ts":1788091253.4202762,"logger":"admin.api","msg":"load complete"}
{"level":"info","ts":1788091253.4226477,"logger":"admin","msg":"stopped previous server","address":"localhost:2019"}
{"level":"info","ts":1788091253.4339354,"logger":"tls.obtain","msg":"acquiring lock","identifier":"agent.rorcun.com"}
{"level":"info","ts":1788091253.4373422,"logger":"tls.obtain","msg":"lock acquired","identifier":"agent.rorcun.com"}
{"level":"info","ts":1788091253.4373422,"logger":"tls.obtain","msg":"obtaining certificate","identifier":"agent.rorcun.com"}
{"level":"info","ts":1788091253.4456496,"logger":"tls","msg":"storage cleaning happened too recently; skipping for now","storage":"FileStorage:C:/Project/LocalAgentApi-WebU - OpenCode/caddy/data","instance":"9047db74-d012-4a64-ac30-dbcf057dbd10","try_again":1788177653.4456496,"try_again_in":86400}
{"level":"info","ts":1788091253.4456496,"logger":"tls","msg":"finished cleaning storage units"}
{"level":"info","ts":1788091253.4588008,"logger":"http","msg":"waiting on internal rate limiter","identifiers":["agent.rorcun.com"],"ca":"https://acme-v02.api.letsencrypt.org/directory","account":""}
{"level":"info","ts":1788091253.4588008,"logger":"http","msg":"done waiting on internal rate limiter","identifiers":["agent.rorcun.com"],"ca":"https://acme-v02.api.letsencrypt.org/directory","account":""}
{"level":"info","ts":1788091253.4588008,"logger":"http","msg":"using ACME account","account_id":"https://acme-v02.api.letsencrypt.org/acme/acct/3496609491","account_contact":[]}
{"level":"info","ts":1788091254.7462952,"logger":"http.acme_client","msg":"trying to solve challenge","identifier":"agent.rorcun.com","challenge_type":"tls-alpn-01","ca":"https://acme-v02.api.letsencrypt.org/directory"}
{"level":"info","ts":1788091255.4036188,"logger":"tls","msg":"served key authentication certificate","server_name":"agent.rorcun.com","challenge":"tls-alpn-01","remote":"23.178.112.108:56431","distributed":false}
{"level":"info","ts":1788091255.7928226,"logger":"tls","msg":"served key authentication certificate","server_name":"agent.rorcun.com","challenge":"tls-alpn-01","remote":"16.171.54.68:51220","distributed":false}
{"level":"info","ts":1788091255.9213526,"logger":"tls","msg":"served key authentication certificate","server_name":"agent.rorcun.com","challenge":"tls-alpn-01","remote":"18.116.170.13:43700","distributed":false}
{"level":"info","ts":1788091256.0613089,"logger":"tls","msg":"served key authentication certificate","server_name":"agent.rorcun.com","challenge":"tls-alpn-01","remote":"35.92.194.152:17642","distributed":false}
{"level":"info","ts":1788091256.3995445,"logger":"tls","msg":"served key authentication certificate","server_name":"agent.rorcun.com","challenge":"tls-alpn-01","remote":"3.1.23.145:53662","distributed":false}
{"level":"info","ts":1788091257.76965,"logger":"http.acme_client","msg":"authorization finalized","identifier":"agent.rorcun.com","authz_status":"valid"}
{"level":"info","ts":1788091257.76965,"logger":"http.acme_client","msg":"validations succeeded; finalizing order","order":"https://acme-v02.api.letsencrypt.org/acme/order/3496609491/551164799605"}
{"level":"info","ts":1788091258.6347125,"logger":"http.acme_client","msg":"got renewal info","names":["agent.rorcun.com"],"window_start":1793195192,"window_end":1793350641,"selected_time":1793240649,"recheck_after":1788109625.6347125,"explanation_url":""}
{"level":"info","ts":1788091259.0550764,"logger":"http.acme_client","msg":"got renewal info","names":["agent.rorcun.com"],"window_start":1793195192,"window_end":1793350641,"selected_time":1793253877,"recheck_after":1788114217.0550764,"explanation_url":""}
{"level":"info","ts":1788091259.485397,"logger":"http.acme_client","msg":"got renewal info","names":["agent.rorcun.com"],"window_start":1793195192,"window_end":1793350641,"selected_time":1793216369,"recheck_after":1788112113.485397,"explanation_url":""}
{"level":"info","ts":1788091259.485397,"logger":"http.acme_client","msg":"successfully downloaded available certificate chains","count":3,"first_url":"https://acme-v02.api.letsencrypt.org/acme/cert/051e9a4f7460573a4add228599244c166f32"}
{"level":"info","ts":1788091259.4964526,"logger":"tls.obtain","msg":"certificate obtained successfully","identifier":"agent.rorcun.com","issuer":"acme-v02.api.letsencrypt.org-directory"}
{"level":"info","ts":1788091259.4969573,"logger":"tls.obtain","msg":"releasing lock","identifier":"agent.rorcun.com"}
{"level":"info","ts":1788091261.4905014,"logger":"admin.api","msg":"received request","method":"GET","host":"localhost:2019","uri":"/config/apps/http/servers/","remote_ip":"127.0.0.1","remote_port":"57767","headers":{"User-Agent":["curl/8.19.0"],"Accept":["*/*"]}}
{"level":"info","ts":1788091269.9150572,"logger":"admin.api","msg":"received request","method":"GET","host":"127.0.0.1:2019","uri":"/config/","remote_ip":"127.0.0.1","remote_port":"53787","headers":{"User-Agent":["curl/8.19.0"],"Accept":["*/*"]}}
{"level":"info","ts":1788091907.2320383,"logger":"admin.api","msg":"received request","method":"POST","host":"localhost:2019","uri":"/load","remote_ip":"127.0.0.1","remote_port":"59410","headers":{"User-Agent":["Go-http-client/1.1"],"Content-Length":["8896"],"Caddy-Config-Source-Adapter":["caddyfile"],"Caddy-Config-Source-File":["Caddyfile"],"Content-Type":["application/json"],"Origin":["http://localhost:2019"],"Accept-Encoding":["gzip"]}}
{"level":"info","ts":1788091907.2332,"logger":"admin","msg":"admin endpoint started","address":"localhost:2019","enforce_origin":false,"origins":["//localhost:2019","//[::1]:2019","//127.0.0.1:2019"]}
{"level":"info","ts":1788091907.2339485,"logger":"http.auto_https","msg":"server is listening only on the HTTPS port but has no TLS connection policies; adding one to enable TLS","server_name":"srv0","https_port":443}
{"level":"info","ts":1788091907.2339485,"logger":"http.auto_https","msg":"enabling automatic HTTP->HTTPS redirects","server_name":"srv0"}
{"level":"info","ts":1788091907.2377598,"logger":"http","msg":"enabling HTTP/3 listener","addr":":443"}
{"level":"info","ts":1788091907.2377598,"logger":"http.log","msg":"server running","name":"srv0","protocols":["h1","h2","h3"]}
{"level":"warn","ts":1788091907.2377598,"logger":"http","msg":"HTTP/2 skipped because it requires TLS","network":"tcp","addr":":80"}
{"level":"warn","ts":1788091907.2377598,"logger":"http","msg":"HTTP/3 skipped because it requires TLS","network":"tcp","addr":":80"}
{"level":"info","ts":1788091907.2377598,"logger":"http.log","msg":"server running","name":"remaining_auto_https_redirects","protocols":["h1","h2","h3"]}
{"level":"info","ts":1788091907.2377598,"logger":"http","msg":"enabling automatic TLS certificate management","domains":["rorcun.com","www.rorcun.com","api.rorcun.com","agent.rorcun.com","kitap.rorcun.com","irem.rorcun.com"]}
{"level":"info","ts":1788091907.2377598,"logger":"http","msg":"servers shutting down with eternal grace period"}
{"level":"info","ts":1788091907.238958,"msg":"autosaved config (load with --resume flag)","file":"C:\\WINDOWS\\system32\\config\\systemprofile\\AppData\\Roaming\\Caddy\\autosave.json"}
{"level":"info","ts":1788091907.238958,"logger":"admin.api","msg":"load complete"}
{"level":"info","ts":1788091907.2425013,"logger":"admin","msg":"stopped previous server","address":"localhost:2019"}
{"level":"info","ts":1788093138.5608382,"logger":"http.acme_client","msg":"got renewal info","names":["rorcun.com"],"window_start":1788130905,"window_end":1788286354,"selected_time":1788267466,"recheck_after":1788110899.5608382,"explanation_url":""}
{"level":"info","ts":1788093138.5660927,"logger":"tls.cache.maintenance","msg":"updated and stored ACME renewal information","identifiers":["rorcun.com"],"cert_hash":"e43ef4628ddbc969851f2715a4c00886c6055c563b183770bf55e137e15ef8f9","ari_unique_id":"uVnyjs8i8IbTN0j_dhQYuoLYVYc.BqVHK705Np_day4Mpjrfjsr3","cert_expiry":1790799460,"selected_time":1788133578,"next_update":1788110899.5608382,"explanation_url":""}
{"level":"info","ts":1788093138.7731128,"logger":"http.acme_client","msg":"got renewal info","names":["api.rorcun.com"],"window_start":1793104682,"window_end":1793260132,"selected_time":1793204211,"recheck_after":1788112954.7731128,"explanation_url":""}
{"level":"info","ts":1788093138.7804863,"logger":"tls.cache.maintenance","msg":"updated and stored ACME renewal information","identifiers":["api.rorcun.com"],"cert_hash":"9785f01e4e654c2061c7f84a8f4a4244d0dbb5804c8004428768f2cb2ab7e49c","ari_unique_id":"uVnyjs8i8IbTN0j_dhQYuoLYVYc.BtW5j5Uaevo1KHP636o4COOm","cert_expiry":1795773237,"selected_time":1793165676,"next_update":1788112954.7731128,"explanation_url":""}
{"level":"info","ts":1788093738.637561,"logger":"http.acme_client","msg":"got renewal info","names":["kitap.rorcun.com"],"window_start":1792626120,"window_end":1792781570,"selected_time":1792640866,"recheck_after":1788118519.637561,"explanation_url":""}
{"level":"info","ts":1788093738.6533337,"logger":"tls.cache.maintenance","msg":"updated and stored ACME renewal information","identifiers":["kitap.rorcun.com"],"cert_hash":"fd0e8ad1bdbc174e847d4fc116ba575b4e8e2567d97e05095a85b34073590464","ari_unique_id":"uyDKRwv-1-Wc-Y8JKqOMN0WxvNg.BlnYk7Ci4YCBHKKKKFSmGLjw","cert_expiry":1795294675,"selected_time":1792672397,"next_update":1788118519.637561,"explanation_url":""}
{"level":"info","ts":1788097338.645254,"logger":"http.acme_client","msg":"got renewal info","names":["irem.rorcun.com"],"window_start":1793037983,"window_end":1793193433,"selected_time":1793053533,"recheck_after":1788116372.645254,"explanation_url":""}
{"level":"info","ts":1788097338.6522894,"logger":"tls.cache.maintenance","msg":"updated and stored ACME renewal information","identifiers":["irem.rorcun.com"],"cert_hash":"bf7195d079318f23840257fc2ba78e4d762b5222b517dc6a98af79385f417a63","ari_unique_id":"uVnyjs8i8IbTN0j_dhQYuoLYVYc.BkM8SZoTVtf8gaehWtwdtpHg","cert_expiry":1795706538,"selected_time":1793051049,"next_update":1788116372.645254,"explanation_url":""}
{"level":"info","ts":1788109938.551416,"logger":"http.acme_client","msg":"got renewal info","names":["agent.rorcun.com"],"window_start":1793195192,"window_end":1793350641,"selected_time":1793272959,"recheck_after":1788127656.551416,"explanation_url":""}
{"level":"info","ts":1788109938.5611827,"logger":"tls.cache.maintenance","msg":"updated and stored ACME renewal information","identifiers":["agent.rorcun.com"],"cert_hash":"cced208ae08cfff5a61cf0a89ebe6be6576fb8db659e3ee524acd92eaea807c2","ari_unique_id":"uVnyjs8i8IbTN0j_dhQYuoLYVYc.BR6aT3RgVzpK3SKFmSRMFm8y","cert_expiry":1795863747,"selected_time":1793240649,"next_update":1788127656.551416,"explanation_url":""}
{"level":"info","ts":1788111138.7774854,"logger":"http.acme_client","msg":"got renewal info","names":["rorcun.com"],"window_start":1788130905,"window_end":1788286354,"selected_time":1788137033,"recheck_after":1788134554.7774854,"explanation_url":""}
{"level":"info","ts":1788111138.7880673,"logger":"tls.cache.maintenance","msg":"updated and stored ACME renewal information","identifiers":["rorcun.com"],"cert_hash":"e43ef4628ddbc969851f2715a4c00886c6055c563b183770bf55e137e15ef8f9","ari_unique_id":"uVnyjs8i8IbTN0j_dhQYuoLYVYc.BqVHK705Np_day4Mpjrfjsr3","cert_expiry":1790799460,"selected_time":1788133578,"next_update":1788134554.7774854,"explanation_url":""}
{"level":"info","ts":1788113538.4912298,"logger":"http.acme_client","msg":"got renewal info","names":["api.rorcun.com"],"window_start":1793104682,"window_end":1793260132,"selected_time":1793136128,"recheck_after":1788133885.4912298,"explanation_url":""}
{"level":"info","ts":1788113538.496395,"logger":"tls.cache.maintenance","msg":"updated and stored ACME renewal information","identifiers":["api.rorcun.com"],"cert_hash":"9785f01e4e654c2061c7f84a8f4a4244d0dbb5804c8004428768f2cb2ab7e49c","ari_unique_id":"uVnyjs8i8IbTN0j_dhQYuoLYVYc.BtW5j5Uaevo1KHP636o4COOm","cert_expiry":1795773237,"selected_time":1793165676,"next_update":1788133885.4912298,"explanation_url":""}
{"level":"info","ts":1788115938.6541448,"logger":"http.acme_client","msg":"got renewal info","names":["www.rorcun.com"],"window_start":1788130905,"window_end":1788286355,"selected_time":1788146599,"recheck_after":1788133409.6541448,"explanation_url":""}
{"level":"info","ts":1788115938.6582448,"logger":"tls.cache.maintenance","msg":"updated and stored ACME renewal information","identifiers":["www.rorcun.com"],"cert_hash":"402725242beaedcd63ff31bb073420a6a5876bdaa5730af1f388ee385ace124e","ari_unique_id":"uVnyjs8i8IbTN0j_dhQYuoLYVYc.BsHGsk9ngaoGK0xrZ6JBV4-N","cert_expiry":1790799460,"selected_time":1788198756,"next_update":1788133409.6541448,"explanation_url":""}
{"level":"info","ts":1788116538.4917061,"logger":"http.acme_client","msg":"got renewal info","names":["irem.rorcun.com"],"window_start":1793037983,"window_end":1793193433,"selected_time":1793086736,"recheck_after":1788136456.4917061,"explanation_url":""}
{"level":"info","ts":1788116538.495625,"logger":"tls.cache.maintenance","msg":"updated and stored ACME renewal information","identifiers":["irem.rorcun.com"],"cert_hash":"bf7195d079318f23840257fc2ba78e4d762b5222b517dc6a98af79385f417a63","ari_unique_id":"uVnyjs8i8IbTN0j_dhQYuoLYVYc.BkM8SZoTVtf8gaehWtwdtpHg","cert_expiry":1795706538,"selected_time":1793051049,"next_update":1788136456.4917061,"explanation_url":""}
{"level":"info","ts":1788118938.5761178,"logger":"http.acme_client","msg":"got renewal info","names":["kitap.rorcun.com"],"window_start":1792626120,"window_end":1792781570,"selected_time":1792738805,"recheck_after":1788140096.5761178,"explanation_url":""}
{"level":"info","ts":1788118938.5818806,"logger":"tls.cache.maintenance","msg":"updated and stored ACME renewal information","identifiers":["kitap.rorcun.com"],"cert_hash":"fd0e8ad1bdbc174e847d4fc116ba575b4e8e2567d97e05095a85b34073590464","ari_unique_id":"uyDKRwv-1-Wc-Y8JKqOMN0WxvNg.BlnYk7Ci4YCBHKKKKFSmGLjw","cert_expiry":1795294675,"selected_time":1792672397,"next_update":1788140096.5761178,"explanation_url":""}
{"level":"info","ts":1788127938.600571,"logger":"http.acme_client","msg":"got renewal info","names":["agent.rorcun.com"],"window_start":1793195192,"window_end":1793350641,"selected_time":1793305513,"recheck_after":1788150732.600571,"explanation_url":""}
{"level":"info","ts":1788127938.6064515,"logger":"tls.cache.maintenance","msg":"updated and stored ACME renewal information","identifiers":["agent.rorcun.com"],"cert_hash":"cced208ae08cfff5a61cf0a89ebe6be6576fb8db659e3ee524acd92eaea807c2","ari_unique_id":"uVnyjs8i8IbTN0j_dhQYuoLYVYc.BR6aT3RgVzpK3SKFmSRMFm8y","cert_expiry":1795863747,"selected_time":1793240649,"next_update":1788150732.600571,"explanation_url":""}
{"level":"info","ts":1788161223.8181279,"logger":"tls","msg":"certificate needs renewal based on ARI window","subjects":["rorcun.com"],"expiration":1790799461,"ari_cert_id":"uVnyjs8i8IbTN0j_dhQYuoLYVYc.BqVHK705Np_day4Mpjrfjsr3","next_ari_update":1788134554.7774854,"renew_check_interval":600,"window_start":1788130905,"window_end":1788286354,"selected_time":1788133578,"renewal_cutoff":1788132978}
{"level":"warn","ts":1788161223.9390209,"logger":"http.acme_client","msg":"HTTP request failed; retrying","url":"https://acme-v02.api.letsencrypt.org/directory","error":"performing request: Get \"https://acme-v02.api.letsencrypt.org/directory\": dial tcp: lookup acme-v02.api.letsencrypt.org: no such host"}
{"level":"info","ts":1788161228.47191,"logger":"http.acme_client","msg":"got renewal info","names":["www.rorcun.com"],"window_start":1788130905,"window_end":1788286355,"selected_time":1788286169,"recheck_after":1788184937.47191,"explanation_url":""}
{"level":"info","ts":1788161228.4760559,"logger":"tls.cache.maintenance","msg":"updated and stored ACME renewal information","identifiers":["www.rorcun.com"],"cert_hash":"402725242beaedcd63ff31bb073420a6a5876bdaa5730af1f388ee385ace124e","ari_unique_id":"uVnyjs8i8IbTN0j_dhQYuoLYVYc.BsHGsk9ngaoGK0xrZ6JBV4-N","cert_expiry":1790799460,"selected_time":1788198756,"next_update":1788184937.47191,"explanation_url":""}
{"level":"info","ts":1788161228.706665,"logger":"http.acme_client","msg":"got renewal info","names":["irem.rorcun.com"],"window_start":1793037983,"window_end":1793193433,"selected_time":1793044061,"recheck_after":1788183528.706665,"explanation_url":""}
{"level":"info","ts":1788161228.7110748,"logger":"tls.cache.maintenance","msg":"updated and stored ACME renewal information","identifiers":["irem.rorcun.com"],"cert_hash":"bf7195d079318f23840257fc2ba78e4d762b5222b517dc6a98af79385f417a63","ari_unique_id":"uVnyjs8i8IbTN0j_dhQYuoLYVYc.BkM8SZoTVtf8gaehWtwdtpHg","cert_expiry":1795706538,"selected_time":1793051049,"next_update":1788183528.706665,"explanation_url":""}
{"level":"info","ts":1788161228.9552143,"logger":"http.acme_client","msg":"got renewal info","names":["api.rorcun.com"],"window_start":1793104682,"window_end":1793260132,"selected_time":1793200603,"recheck_after":1788179931.9552143,"explanation_url":""}
{"level":"info","ts":1788161228.9605203,"logger":"tls.cache.maintenance","msg":"updated and stored ACME renewal information","identifiers":["api.rorcun.com"],"cert_hash":"9785f01e4e654c2061c7f84a8f4a4244d0dbb5804c8004428768f2cb2ab7e49c","ari_unique_id":"uVnyjs8i8IbTN0j_dhQYuoLYVYc.BtW5j5Uaevo1KHP636o4COOm","cert_expiry":1795773237,"selected_time":1793165676,"next_update":1788179931.9552143,"explanation_url":""}
{"level":"info","ts":1788161229.1698334,"logger":"http.acme_client","msg":"got renewal info","names":["agent.rorcun.com"],"window_start":1793195192,"window_end":1793350641,"selected_time":1793232747,"recheck_after":1788181047.1698334,"explanation_url":""}
{"level":"info","ts":1788161229.1739817,"logger":"tls.cache.maintenance","msg":"updated and stored ACME renewal information","identifiers":["agent.rorcun.com"],"cert_hash":"cced208ae08cfff5a61cf0a89ebe6be6576fb8db659e3ee524acd92eaea807c2","ari_unique_id":"uVnyjs8i8IbTN0j_dhQYuoLYVYc.BR6aT3RgVzpK3SKFmSRMFm8y","cert_expiry":1795863747,"selected_time":1793240649,"next_update":1788181047.1698334,"explanation_url":""}
{"level":"info","ts":1788161229.39407,"logger":"http.acme_client","msg":"got renewal info","names":["kitap.rorcun.com"],"window_start":1792626120,"window_end":1792781570,"selected_time":1792747682,"recheck_after":1788182302.39407,"explanation_url":""}
{"level":"info","ts":1788161229.398294,"logger":"tls.cache.maintenance","msg":"updated and stored ACME renewal information","identifiers":["kitap.rorcun.com"],"cert_hash":"fd0e8ad1bdbc174e847d4fc116ba575b4e8e2567d97e05095a85b34073590464","ari_unique_id":"uyDKRwv-1-Wc-Y8JKqOMN0WxvNg.BlnYk7Ci4YCBHKKKKFSmGLjw","cert_expiry":1795294675,"selected_time":1792672397,"next_update":1788182302.39407,"explanation_url":""}
{"level":"info","ts":1788161229.60505,"logger":"http.acme_client","msg":"got renewal info","names":["rorcun.com"],"window_start":1788130905,"window_end":1788286354,"selected_time":1788251646,"recheck_after":1788183944.60505,"explanation_url":""}
{"level":"info","ts":1788161229.6095076,"logger":"tls.cache.maintenance","msg":"updated and stored ACME renewal information","identifiers":["rorcun.com"],"cert_hash":"e43ef4628ddbc969851f2715a4c00886c6055c563b183770bf55e137e15ef8f9","ari_unique_id":"uVnyjs8i8IbTN0j_dhQYuoLYVYc.BqVHK705Np_day4Mpjrfjsr3","cert_expiry":1790799460,"selected_time":1788133578,"next_update":1788183944.60505,"explanation_url":""}
{"level":"info","ts":1788161229.6100554,"logger":"tls.cache.maintenance","msg":"certificate expires soon; queuing for renewal","identifiers":["rorcun.com"],"remaining":2638231.3899446}
{"level":"info","ts":1788161229.6100554,"logger":"tls.cache.maintenance","msg":"attempting certificate renewal","identifiers":["rorcun.com"],"remaining":2638231.3899446}
{"level":"info","ts":1788161229.6230247,"logger":"tls.renew","msg":"acquiring lock","identifier":"rorcun.com"}
{"level":"info","ts":1788161229.6252759,"logger":"tls.renew","msg":"lock acquired","identifier":"rorcun.com"}
{"level":"info","ts":1788161229.626894,"logger":"tls.renew","msg":"renewing certificate","identifier":"rorcun.com","remaining":2638231.373106}
{"level":"info","ts":1788161229.6412928,"logger":"http","msg":"waiting on internal rate limiter","identifiers":["rorcun.com"],"ca":"https://acme-v02.api.letsencrypt.org/directory","account":""}
{"level":"info","ts":1788161229.6412928,"logger":"http","msg":"done waiting on internal rate limiter","identifiers":["rorcun.com"],"ca":"https://acme-v02.api.letsencrypt.org/directory","account":""}
{"level":"info","ts":1788161229.6412928,"logger":"http","msg":"using ACME account","account_id":"https://acme-v02.api.letsencrypt.org/acme/acct/3496609491","account_contact":[]}
{"level":"info","ts":1788161230.331488,"logger":"http.acme_client","msg":"trying to solve challenge","identifier":"rorcun.com","challenge_type":"tls-alpn-01","ca":"https://acme-v02.api.letsencrypt.org/directory"}
{"level":"info","ts":1788161230.9907067,"logger":"tls","msg":"served key authentication certificate","server_name":"rorcun.com","challenge":"tls-alpn-01","remote":"23.178.112.210:60761","distributed":false}
{"level":"info","ts":1788161231.3474402,"logger":"tls","msg":"served key authentication certificate","server_name":"rorcun.com","challenge":"tls-alpn-01","remote":"13.60.229.245:59808","distributed":false}
{"level":"info","ts":1788161231.494995,"logger":"tls","msg":"served key authentication certificate","server_name":"rorcun.com","challenge":"tls-alpn-01","remote":"18.222.167.188:26478","distributed":false}
{"level":"info","ts":1788161231.6295605,"logger":"tls","msg":"served key authentication certificate","server_name":"rorcun.com","challenge":"tls-alpn-01","remote":"52.13.15.46:29504","distributed":false}
{"level":"info","ts":1788161231.903775,"logger":"tls","msg":"served key authentication certificate","server_name":"rorcun.com","challenge":"tls-alpn-01","remote":"13.215.254.207:18424","distributed":false}
{"level":"info","ts":1788161233.2582347,"logger":"http.acme_client","msg":"authorization finalized","identifier":"rorcun.com","authz_status":"valid"}
{"level":"info","ts":1788161233.2582347,"logger":"http.acme_client","msg":"validations succeeded; finalizing order","order":"https://acme-v02.api.letsencrypt.org/acme/order/3496609491/551486535375"}
{"level":"info","ts":1788161235.0913546,"logger":"http.acme_client","msg":"got renewal info","names":["rorcun.com"],"window_start":1793265166,"window_end":1793420616,"selected_time":1793339452,"recheck_after":1788185152.0913546,"explanation_url":""}
{"level":"info","ts":1788161235.5084074,"logger":"http.acme_client","msg":"got renewal info","names":["rorcun.com"],"window_start":1793265166,"window_end":1793420616,"selected_time":1793379586,"recheck_after":1788178693.5084074,"explanation_url":""}
{"level":"info","ts":1788161235.8880234,"logger":"http.acme_client","msg":"got renewal info","names":["rorcun.com"],"window_start":1793265166,"window_end":1793420616,"selected_time":1793308171,"recheck_after":1788183916.8880234,"explanation_url":""}
{"level":"info","ts":1788161235.8880234,"logger":"http.acme_client","msg":"successfully downloaded available certificate chains","count":3,"first_url":"https://acme-v02.api.letsencrypt.org/acme/cert/06377325c9bc8b327736e248a4a3afdeaa18"}
{"level":"info","ts":1788161235.8965666,"logger":"tls.renew","msg":"certificate renewed successfully","identifier":"rorcun.com","issuer":"acme-v02.api.letsencrypt.org-directory"}
{"level":"info","ts":1788161235.8969839,"logger":"tls.renew","msg":"releasing lock","identifier":"rorcun.com"}
{"level":"info","ts":1788161235.8969839,"logger":"tls","msg":"reloading managed certificate","identifiers":["rorcun.com"]}
{"level":"info","ts":1788161235.9075491,"logger":"tls.cache","msg":"replaced certificate in cache","subjects":["rorcun.com"],"new_expiration":1795933722}
{"level":"info","ts":1788178307.2596755,"logger":"tls","msg":"cleaning storage unit","storage":"FileStorage:C:/Project/LocalAgentApi-WebU - OpenCode/caddy/data"}
{"level":"info","ts":1788178307.3224494,"logger":"tls","msg":"finished cleaning storage units"}
{"level":"info","ts":1788180138.4918427,"logger":"http.acme_client","msg":"got renewal info","names":["api.rorcun.com"],"window_start":1793104682,"window_end":1793260132,"selected_time":1793194642,"recheck_after":1788204143.4918427,"explanation_url":""}
{"level":"info","ts":1788180138.4959223,"logger":"tls.cache.maintenance","msg":"updated and stored ACME renewal information","identifiers":["api.rorcun.com"],"cert_hash":"9785f01e4e654c2061c7f84a8f4a4244d0dbb5804c8004428768f2cb2ab7e49c","ari_unique_id":"uVnyjs8i8IbTN0j_dhQYuoLYVYc.BtW5j5Uaevo1KHP636o4COOm","cert_expiry":1795773237,"selected_time":1793165676,"next_update":1788204143.4918427,"explanation_url":""}
{"level":"info","ts":1788181338.5528533,"logger":"http.acme_client","msg":"got renewal info","names":["agent.rorcun.com"],"window_start":1793195192,"window_end":1793350641,"selected_time":1793207345,"recheck_after":1788201189.5528533,"explanation_url":""}
{"level":"info","ts":1788181338.5556085,"logger":"tls.cache.maintenance","msg":"updated and stored ACME renewal information","identifiers":["agent.rorcun.com"],"cert_hash":"cced208ae08cfff5a61cf0a89ebe6be6576fb8db659e3ee524acd92eaea807c2","ari_unique_id":"uVnyjs8i8IbTN0j_dhQYuoLYVYc.BR6aT3RgVzpK3SKFmSRMFm8y","cert_expiry":1795863747,"selected_time":1793240649,"next_update":1788201189.5528533,"explanation_url":""}
{"level":"info","ts":1788182538.53999,"logger":"http.acme_client","msg":"got renewal info","names":["kitap.rorcun.com"],"window_start":1792626120,"window_end":1792781570,"selected_time":1792763229,"recheck_after":1788203742.53999,"explanation_url":""}
{"level":"info","ts":1788182538.5459867,"logger":"tls.cache.maintenance","msg":"updated and stored ACME renewal information","identifiers":["kitap.rorcun.com"],"cert_hash":"fd0e8ad1bdbc174e847d4fc116ba575b4e8e2567d97e05095a85b34073590464","ari_unique_id":"uyDKRwv-1-Wc-Y8JKqOMN0WxvNg.BlnYk7Ci4YCBHKKKKFSmGLjw","cert_expiry":1795294675,"selected_time":1792672397,"next_update":1788203742.53999,"explanation_url":""}
{"level":"info","ts":1788183738.5373113,"logger":"http.acme_client","msg":"got renewal info","names":["irem.rorcun.com"],"window_start":1793037983,"window_end":1793193433,"selected_time":1793112553,"recheck_after":1788204674.5373113,"explanation_url":""}
{"level":"info","ts":1788183738.5425165,"logger":"tls.cache.maintenance","msg":"updated and stored ACME renewal information","identifiers":["irem.rorcun.com"],"cert_hash":"bf7195d079318f23840257fc2ba78e4d762b5222b517dc6a98af79385f417a63","ari_unique_id":"uVnyjs8i8IbTN0j_dhQYuoLYVYc.BkM8SZoTVtf8gaehWtwdtpHg","cert_expiry":1795706538,"selected_time":1793051049,"next_update":1788204674.5373113,"explanation_url":""}
{"level":"info","ts":1788184938.5628917,"logger":"http.acme_client","msg":"got renewal info","names":["www.rorcun.com"],"window_start":1788130905,"window_end":1788286355,"selected_time":1788247790,"recheck_after":1788204480.5628917,"explanation_url":""}
{"level":"info","ts":1788184938.5654933,"logger":"tls.cache.maintenance","msg":"updated and stored ACME renewal information","identifiers":["www.rorcun.com"],"cert_hash":"402725242beaedcd63ff31bb073420a6a5876bdaa5730af1f388ee385ace124e","ari_unique_id":"uVnyjs8i8IbTN0j_dhQYuoLYVYc.BsHGsk9ngaoGK0xrZ6JBV4-N","cert_expiry":1790799460,"selected_time":1788198756,"next_update":1788204480.5628917,"explanation_url":""}
{"level":"info","ts":1788185538.5042844,"logger":"http.acme_client","msg":"got renewal info","names":["rorcun.com"],"window_start":1793265166,"window_end":1793420616,"selected_time":1793372167,"recheck_after":1788206489.5042844,"explanation_url":""}
{"level":"info","ts":1788185538.509473,"logger":"tls.cache.maintenance","msg":"updated and stored ACME renewal information","identifiers":["rorcun.com"],"cert_hash":"6888b21f6a8c1e555613837727f7876e77b8a7a30b76a216f1ce9f899392ac12","ari_unique_id":"uyDKRwv-1-Wc-Y8JKqOMN0WxvNg.BjdzJcm8izJ3NuJIpKOv3qoY","cert_expiry":1795933721,"selected_time":1793339452,"next_update":1788206489.5042844,"explanation_url":""}
{"level":"info","ts":1788198737.8588643,"logger":"tls","msg":"certificate needs renewal based on ARI window","subjects":["www.rorcun.com"],"expiration":1790799461,"ari_cert_id":"uVnyjs8i8IbTN0j_dhQYuoLYVYc.BsHGsk9ngaoGK0xrZ6JBV4-N","next_ari_update":1788204480.5628917,"renew_check_interval":600,"window_start":1788130905,"window_end":1788286355,"selected_time":1788198756,"renewal_cutoff":1788198156}
{"level":"info","ts":1788198737.8662362,"logger":"tls.cache.maintenance","msg":"certificate expires soon; queuing for renewal","identifiers":["www.rorcun.com"],"remaining":2600723.1337638}
{"level":"info","ts":1788198737.8662362,"logger":"tls.cache.maintenance","msg":"attempting certificate renewal","identifiers":["www.rorcun.com"],"remaining":2600723.1337638}
{"level":"info","ts":1788198737.876994,"logger":"tls.renew","msg":"acquiring lock","identifier":"www.rorcun.com"}
{"level":"info","ts":1788198737.8798916,"logger":"tls.renew","msg":"lock acquired","identifier":"www.rorcun.com"}
{"level":"info","ts":1788198737.8804336,"logger":"tls.renew","msg":"renewing certificate","identifier":"www.rorcun.com","remaining":2600723.1195663}
{"level":"info","ts":1788198737.9002428,"logger":"http","msg":"waiting on internal rate limiter","identifiers":["www.rorcun.com"],"ca":"https://acme-v02.api.letsencrypt.org/directory","account":""}
{"level":"info","ts":1788198737.9002428,"logger":"http","msg":"done waiting on internal rate limiter","identifiers":["www.rorcun.com"],"ca":"https://acme-v02.api.letsencrypt.org/directory","account":""}
{"level":"info","ts":1788198737.9002428,"logger":"http","msg":"using ACME account","account_id":"https://acme-v02.api.letsencrypt.org/acme/acct/3496609491","account_contact":[]}
{"level":"info","ts":1788198739.2033157,"logger":"http.acme_client","msg":"trying to solve challenge","identifier":"www.rorcun.com","challenge_type":"tls-alpn-01","ca":"https://acme-v02.api.letsencrypt.org/directory"}
{"level":"info","ts":1788198740.067252,"logger":"tls","msg":"served key authentication certificate","server_name":"www.rorcun.com","challenge":"tls-alpn-01","remote":"23.178.112.106:54381","distributed":false}
{"level":"info","ts":1788198740.4916215,"logger":"tls","msg":"served key authentication certificate","server_name":"www.rorcun.com","challenge":"tls-alpn-01","remote":"16.171.18.162:50500","distributed":false}
{"level":"info","ts":1788198740.7154744,"logger":"tls","msg":"served key authentication certificate","server_name":"www.rorcun.com","challenge":"tls-alpn-01","remote":"3.17.167.94:30288","distributed":false}
{"level":"info","ts":1788198740.9380848,"logger":"tls","msg":"served key authentication certificate","server_name":"www.rorcun.com","challenge":"tls-alpn-01","remote":"52.13.15.46:14656","distributed":false}
{"level":"info","ts":1788198741.1193843,"logger":"tls","msg":"served key authentication certificate","server_name":"www.rorcun.com","challenge":"tls-alpn-01","remote":"47.128.226.127:45222","distributed":false}
{"level":"info","ts":1788198742.7739232,"logger":"http.acme_client","msg":"authorization finalized","identifier":"www.rorcun.com","authz_status":"valid"}
{"level":"info","ts":1788198742.7739232,"logger":"http.acme_client","msg":"validations succeeded; finalizing order","order":"https://acme-v02.api.letsencrypt.org/acme/order/3496609491/551662255635"}
{"level":"info","ts":1788198744.2606826,"logger":"http.acme_client","msg":"got renewal info","names":["www.rorcun.com"],"window_start":1793302677,"window_end":1793458126,"selected_time":1793377226,"recheck_after":1788219996.2606826,"explanation_url":""}
{"level":"info","ts":1788198744.730112,"logger":"http.acme_client","msg":"got renewal info","names":["www.rorcun.com"],"window_start":1793302677,"window_end":1793458126,"selected_time":1793309610,"recheck_after":1788219866.730112,"explanation_url":""}
{"level":"info","ts":1788198745.183899,"logger":"http.acme_client","msg":"got renewal info","names":["www.rorcun.com"],"window_start":1793302677,"window_end":1793458126,"selected_time":1793332264,"recheck_after":1788221502.183899,"explanation_url":""}
{"level":"info","ts":1788198745.183899,"logger":"http.acme_client","msg":"successfully downloaded available certificate chains","count":3,"first_url":"https://acme-v02.api.letsencrypt.org/acme/cert/055f04a189cc738bb8c2cc55d4addb188a7f"}
{"level":"info","ts":1788198745.1975565,"logger":"tls.renew","msg":"certificate renewed successfully","identifier":"www.rorcun.com","issuer":"acme-v02.api.letsencrypt.org-directory"}
{"level":"info","ts":1788198745.1975565,"logger":"tls.renew","msg":"releasing lock","identifier":"www.rorcun.com"}
{"level":"info","ts":1788198745.1975565,"logger":"tls","msg":"reloading managed certificate","identifiers":["www.rorcun.com"]}
{"level":"info","ts":1788198745.2030942,"logger":"tls.cache","msg":"replaced certificate in cache","subjects":["www.rorcun.com"],"new_expiration":1795971233}
{"level":"info","ts":1788201738.5123832,"logger":"http.acme_client","msg":"got renewal info","names":["agent.rorcun.com"],"window_start":1793195192,"window_end":1793350641,"selected_time":1793330250,"recheck_after":1788226972.5123832,"explanation_url":""}
{"level":"info","ts":1788201738.518103,"logger":"tls.cache.maintenance","msg":"updated and stored ACME renewal information","identifiers":["agent.rorcun.com"],"cert_hash":"cced208ae08cfff5a61cf0a89ebe6be6576fb8db659e3ee524acd92eaea807c2","ari_unique_id":"uVnyjs8i8IbTN0j_dhQYuoLYVYc.BR6aT3RgVzpK3SKFmSRMFm8y","cert_expiry":1795863747,"selected_time":1793240649,"next_update":1788226972.5123832,"explanation_url":""}
{"level":"info","ts":1788204138.5897393,"logger":"http.acme_client","msg":"got renewal info","names":["kitap.rorcun.com"],"window_start":1792626120,"window_end":1792781570,"selected_time":1792675434,"recheck_after":1788228406.5897393,"explanation_url":""}
{"level":"info","ts":1788204138.594713,"logger":"tls.cache.maintenance","msg":"updated and stored ACME renewal information","identifiers":["kitap.rorcun.com"],"cert_hash":"fd0e8ad1bdbc174e847d4fc116ba575b4e8e2567d97e05095a85b34073590464","ari_unique_id":"uyDKRwv-1-Wc-Y8JKqOMN0WxvNg.BlnYk7Ci4YCBHKKKKFSmGLjw","cert_expiry":1795294675,"selected_time":1792672397,"next_update":1788228406.5897393,"explanation_url":""}
{"level":"info","ts":1788204738.6730154,"logger":"http.acme_client","msg":"got renewal info","names":["api.rorcun.com"],"window_start":1793104682,"window_end":1793260132,"selected_time":1793182775,"recheck_after":1788225314.6730154,"explanation_url":""}
{"level":"info","ts":1788204738.6783772,"logger":"tls.cache.maintenance","msg":"updated and stored ACME renewal information","identifiers":["api.rorcun.com"],"cert_hash":"9785f01e4e654c2061c7f84a8f4a4244d0dbb5804c8004428768f2cb2ab7e49c","ari_unique_id":"uVnyjs8i8IbTN0j_dhQYuoLYVYc.BtW5j5Uaevo1KHP636o4COOm","cert_expiry":1795773237,"selected_time":1793165676,"next_update":1788225314.6730154,"explanation_url":""}
{"level":"info","ts":1788204738.8995452,"logger":"http.acme_client","msg":"got renewal info","names":["irem.rorcun.com"],"window_start":1793037983,"window_end":1793193433,"selected_time":1793131974,"recheck_after":1788223277.8995452,"explanation_url":""}
{"level":"info","ts":1788204738.904894,"logger":"tls.cache.maintenance","msg":"updated and stored ACME renewal information","identifiers":["irem.rorcun.com"],"cert_hash":"bf7195d079318f23840257fc2ba78e4d762b5222b517dc6a98af79385f417a63","ari_unique_id":"uVnyjs8i8IbTN0j_dhQYuoLYVYc.BkM8SZoTVtf8gaehWtwdtpHg","cert_expiry":1795706538,"selected_time":1793051049,"next_update":1788223277.8995452,"explanation_url":""}
{"level":"info","ts":1788206538.5417159,"logger":"http.acme_client","msg":"got renewal info","names":["rorcun.com"],"window_start":1793265166,"window_end":1793420616,"selected_time":1793346628,"recheck_after":1788230582.5417159,"explanation_url":""}
{"level":"info","ts":1788206538.5479314,"logger":"tls.cache.maintenance","msg":"updated and stored ACME renewal information","identifiers":["rorcun.com"],"cert_hash":"6888b21f6a8c1e555613837727f7876e77b8a7a30b76a216f1ce9f899392ac12","ari_unique_id":"uyDKRwv-1-Wc-Y8JKqOMN0WxvNg.BjdzJcm8izJ3NuJIpKOv3qoY","cert_expiry":1795933721,"selected_time":1793339452,"next_update":1788230582.5417159,"explanation_url":""}
{"level":"info","ts":1788220338.5102897,"logger":"http.acme_client","msg":"got renewal info","names":["www.rorcun.com"],"window_start":1793302677,"window_end":1793458126,"selected_time":1793340949,"recheck_after":1788239822.5102897,"explanation_url":""}
{"level":"info","ts":1788220338.5154927,"logger":"tls.cache.maintenance","msg":"updated and stored ACME renewal information","identifiers":["www.rorcun.com"],"cert_hash":"73952c7a219362a9e387ef0353e59f97eb7bc19d98d4930dadd395cf2cace839","ari_unique_id":"uyDKRwv-1-Wc-Y8JKqOMN0WxvNg.BV8EoYnMc4u4wsxV1K3bGIp_","cert_expiry":1795971232,"selected_time":1793377226,"next_update":1788239822.5102897,"explanation_url":""}
{"level":"warn","ts":1788253269.5611856,"logger":"http.acme_client","msg":"HTTP request failed; retrying","url":"https://acme-v02.api.letsencrypt.org/directory","error":"performing request: Get \"https://acme-v02.api.letsencrypt.org/directory\": read tcp 192.168.1.100:58272->172.65.32.248:443: wsarecv: Varolan bir bağlantı uzaktaki bir ana bilgisayar tarafından zorla kapatıldı."}
{"level":"info","ts":1788253270.706219,"logger":"http.acme_client","msg":"got renewal info","names":["kitap.rorcun.com"],"window_start":1792626120,"window_end":1792781570,"selected_time":1792735888,"recheck_after":1788275433.706219,"explanation_url":""}
{"level":"info","ts":1788253271.2348132,"logger":"tls.cache.maintenance","msg":"updated and stored ACME renewal information","identifiers":["kitap.rorcun.com"],"cert_hash":"fd0e8ad1bdbc174e847d4fc116ba575b4e8e2567d97e05095a85b34073590464","ari_unique_id":"uyDKRwv-1-Wc-Y8JKqOMN0WxvNg.BlnYk7Ci4YCBHKKKKFSmGLjw","cert_expiry":1795294675,"selected_time":1792672397,"next_update":1788275433.706219,"explanation_url":""}
{"level":"info","ts":1788253271.4799607,"logger":"http.acme_client","msg":"got renewal info","names":["rorcun.com"],"window_start":1793265166,"window_end":1793420616,"selected_time":1793386492,"recheck_after":1788272320.4799607,"explanation_url":""}
{"level":"info","ts":1788253271.4859638,"logger":"tls.cache.maintenance","msg":"updated and stored ACME renewal information","identifiers":["rorcun.com"],"cert_hash":"6888b21f6a8c1e555613837727f7876e77b8a7a30b76a216f1ce9f899392ac12","ari_unique_id":"uyDKRwv-1-Wc-Y8JKqOMN0WxvNg.BjdzJcm8izJ3NuJIpKOv3qoY","cert_expiry":1795933721,"selected_time":1793339452,"next_update":1788272320.4799607,"explanation_url":""}
{"level":"info","ts":1788253271.7126904,"logger":"http.acme_client","msg":"got renewal info","names":["www.rorcun.com"],"window_start":1793302677,"window_end":1793458126,"selected_time":1793383550,"recheck_after":1788276935.7126904,"explanation_url":""}
{"level":"info","ts":1788253271.7202992,"logger":"tls.cache.maintenance","msg":"updated and stored ACME renewal information","identifiers":["www.rorcun.com"],"cert_hash":"73952c7a219362a9e387ef0353e59f97eb7bc19d98d4930dadd395cf2cace839","ari_unique_id":"uyDKRwv-1-Wc-Y8JKqOMN0WxvNg.BV8EoYnMc4u4wsxV1K3bGIp_","cert_expiry":1795971232,"selected_time":1793377226,"next_update":1788276935.7126904,"explanation_url":""}
{"level":"info","ts":1788253271.9577103,"logger":"http.acme_client","msg":"got renewal info","names":["irem.rorcun.com"],"window_start":1793037983,"window_end":1793193433,"selected_time":1793126773,"recheck_after":1788273330.9577103,"explanation_url":""}
{"level":"info","ts":1788253271.9615016,"logger":"tls.cache.maintenance","msg":"updated and stored ACME renewal information","identifiers":["irem.rorcun.com"],"cert_hash":"bf7195d079318f23840257fc2ba78e4d762b5222b517dc6a98af79385f417a63","ari_unique_id":"uVnyjs8i8IbTN0j_dhQYuoLYVYc.BkM8SZoTVtf8gaehWtwdtpHg","cert_expiry":1795706538,"selected_time":1793051049,"next_update":1788273330.9577103,"explanation_url":""}
{"level":"info","ts":1788253272.2061512,"logger":"http.acme_client","msg":"got renewal info","names":["api.rorcun.com"],"window_start":1793104682,"window_end":1793260132,"selected_time":1793213243,"recheck_after":1788274236.2061512,"explanation_url":""}
{"level":"info","ts":1788253272.209343,"logger":"tls.cache.maintenance","msg":"updated and stored ACME renewal information","identifiers":["api.rorcun.com"],"cert_hash":"9785f01e4e654c2061c7f84a8f4a4244d0dbb5804c8004428768f2cb2ab7e49c","ari_unique_id":"uVnyjs8i8IbTN0j_dhQYuoLYVYc.BtW5j5Uaevo1KHP636o4COOm","cert_expiry":1795773237,"selected_time":1793165676,"next_update":1788274236.2061512,"explanation_url":""}
{"level":"info","ts":1788253272.4465408,"logger":"http.acme_client","msg":"got renewal info","names":["agent.rorcun.com"],"window_start":1793195192,"window_end":1793350641,"selected_time":1793339818,"recheck_after":1788274098.4465408,"explanation_url":""}
{"level":"info","ts":1788253272.4495487,"logger":"tls.cache.maintenance","msg":"updated and stored ACME renewal information","identifiers":["agent.rorcun.com"],"cert_hash":"cced208ae08cfff5a61cf0a89ebe6be6576fb8db659e3ee524acd92eaea807c2","ari_unique_id":"uVnyjs8i8IbTN0j_dhQYuoLYVYc.BR6aT3RgVzpK3SKFmSRMFm8y","cert_expiry":1795863747,"selected_time":1793240649,"next_update":1788274098.4465408,"explanation_url":""}
{"level":"info","ts":1788264707.273583,"logger":"tls","msg":"storage cleaning happened too recently; skipping for now","storage":"FileStorage:C:/Project/LocalAgentApi-WebU - OpenCode/caddy/data","instance":"9047db74-d012-4a64-ac30-dbcf057dbd10","try_again":1788351107.273583,"try_again_in":86400}
{"level":"info","ts":1788264707.273583,"logger":"tls","msg":"finished cleaning storage units"}
{"level":"info","ts":1788272538.5287366,"logger":"http.acme_client","msg":"got renewal info","names":["rorcun.com"],"window_start":1793265166,"window_end":1793420616,"selected_time":1793274745,"recheck_after":1788290208.5287366,"explanation_url":""}
{"level":"info","ts":1788272538.5319421,"logger":"tls.cache.maintenance","msg":"updated and stored ACME renewal information","identifiers":["rorcun.com"],"cert_hash":"6888b21f6a8c1e555613837727f7876e77b8a7a30b76a216f1ce9f899392ac12","ari_unique_id":"uyDKRwv-1-Wc-Y8JKqOMN0WxvNg.BjdzJcm8izJ3NuJIpKOv3qoY","cert_expiry":1795933721,"selected_time":1793339452,"next_update":1788290208.5287366,"explanation_url":""}
{"level":"info","ts":1788273738.5525353,"logger":"http.acme_client","msg":"got renewal info","names":["irem.rorcun.com"],"window_start":1793037983,"window_end":1793193433,"selected_time":1793093146,"recheck_after":1788295047.5525353,"explanation_url":""}
{"level":"info","ts":1788273738.5570853,"logger":"tls.cache.maintenance","msg":"updated and stored ACME renewal information","identifiers":["irem.rorcun.com"],"cert_hash":"bf7195d079318f23840257fc2ba78e4d762b5222b517dc6a98af79385f417a63","ari_unique_id":"uVnyjs8i8IbTN0j_dhQYuoLYVYc.BkM8SZoTVtf8gaehWtwdtpHg","cert_expiry":1795706538,"selected_time":1793051049,"next_update":1788295047.5525353,"explanation_url":""}
{"level":"info","ts":1788274338.5168452,"logger":"http.acme_client","msg":"got renewal info","names":["api.rorcun.com"],"window_start":1793104682,"window_end":1793260132,"selected_time":1793131753,"recheck_after":1788297157.5168452,"explanation_url":""}
{"level":"info","ts":1788274338.521182,"logger":"tls.cache.maintenance","msg":"updated and stored ACME renewal information","identifiers":["api.rorcun.com"],"cert_hash":"9785f01e4e654c2061c7f84a8f4a4244d0dbb5804c8004428768f2cb2ab7e49c","ari_unique_id":"uVnyjs8i8IbTN0j_dhQYuoLYVYc.BtW5j5Uaevo1KHP636o4COOm","cert_expiry":1795773237,"selected_time":1793165676,"next_update":1788297157.5168452,"explanation_url":""}
{"level":"info","ts":1788274338.7767594,"logger":"http.acme_client","msg":"got renewal info","names":["agent.rorcun.com"],"window_start":1793195192,"window_end":1793350641,"selected_time":1793198086,"recheck_after":1788292984.7767594,"explanation_url":""}
{"level":"info","ts":1788274338.7871711,"logger":"tls.cache.maintenance","msg":"updated and stored ACME renewal information","identifiers":["agent.rorcun.com"],"cert_hash":"cced208ae08cfff5a61cf0a89ebe6be6576fb8db659e3ee524acd92eaea807c2","ari_unique_id":"uVnyjs8i8IbTN0j_dhQYuoLYVYc.BR6aT3RgVzpK3SKFmSRMFm8y","cert_expiry":1795863747,"selected_time":1793240649,"next_update":1788292984.7767594,"explanation_url":""}
{"level":"info","ts":1788275538.5788183,"logger":"http.acme_client","msg":"got renewal info","names":["kitap.rorcun.com"],"window_start":1792626120,"window_end":1792781570,"selected_time":1792688323,"recheck_after":1788295032.5788183,"explanation_url":""}
{"level":"info","ts":1788275538.5821378,"logger":"tls.cache.maintenance","msg":"updated and stored ACME renewal information","identifiers":["kitap.rorcun.com"],"cert_hash":"fd0e8ad1bdbc174e847d4fc116ba575b4e8e2567d97e05095a85b34073590464","ari_unique_id":"uyDKRwv-1-Wc-Y8JKqOMN0WxvNg.BlnYk7Ci4YCBHKKKKFSmGLjw","cert_expiry":1795294675,"selected_time":1792672397,"next_update":1788295032.5788183,"explanation_url":""}
{"level":"info","ts":1788277338.6149995,"logger":"http.acme_client","msg":"got renewal info","names":["www.rorcun.com"],"window_start":1793302677,"window_end":1793458126,"selected_time":1793358443,"recheck_after":1788297488.6149995,"explanation_url":""}
{"level":"info","ts":1788277338.6182532,"logger":"tls.cache.maintenance","msg":"updated and stored ACME renewal information","identifiers":["www.rorcun.com"],"cert_hash":"73952c7a219362a9e387ef0353e59f97eb7bc19d98d4930dadd395cf2cace839","ari_unique_id":"uyDKRwv-1-Wc-Y8JKqOMN0WxvNg.BV8EoYnMc4u4wsxV1K3bGIp_","cert_expiry":1795971232,"selected_time":1793377226,"next_update":1788297488.6149995,"explanation_url":""}
{"level":"warn","ts":1788282741.0735278,"logger":"http.handlers.reverse_proxy","msg":"aborting with incomplete response","upstream":"127.0.0.1:8080","duration":0.023194,"request":{"remote_ip":"31.223.116.89","remote_port":"50853","client_ip":"31.223.116.89","proto":"HTTP/2.0","method":"GET","host":"kitap.rorcun.com","uri":"/mesajlar/1/akis","headers":{"Accept-Language":["tr-TR,tr;q=0.9,en-US;q=0.8,en;q=0.7"],"Pragma":["no-cache"],"X-Forwarded-Host":["kitap.rorcun.com"],"Priority":["u=1, i"],"X-Real-Ip":["31.223.116.89"],"Sec-Ch-Ua-Mobile":["?0"],"Accept":["text/event-stream"],"Accept-Encoding":["gzip, deflate, br, zstd"],"User-Agent":["Mozilla/5.0 (Windows NT 10.0; Win64; x64) AppleWebKit/537.36 (KHTML, like Gecko) Chrome/152.0.0.0 Safari/537.36"],"Cookie":["REDACTED"],"Cache-Control":["no-cache"],"X-Forwarded-For":["31.223.116.89"],"Sec-Fetch-Site":["same-origin"],"Sec-Fetch-Mode":["cors"],"Via":["2.0 Caddy"],"X-Forwarded-Proto":["https"],"Sec-Ch-Ua":["\"Chromium\";v=\"152\", \"Not?A_Brand\";v=\"24\", \"Google Chrome\";v=\"152\""],"Sec-Ch-Ua-Platform":["\"Windows\""],"Sec-Fetch-Dest":["empty"],"Referer":["https://kitap.rorcun.com/mesajlar/1"]},"tls":{"resumed":true,"version":772,"cipher_suite":4865,"proto":"h2","server_name":"kitap.rorcun.com","ech":false}},"error":"reading: context canceled"}
{"level":"warn","ts":1788282748.4257762,"logger":"http.handlers.reverse_proxy","msg":"aborting with incomplete response","upstream":"127.0.0.1:8080","duration":0.0091379,"request":{"remote_ip":"31.223.116.89","remote_port":"58442","client_ip":"31.223.116.89","proto":"HTTP/2.0","method":"GET","host":"kitap.rorcun.com","uri":"/mesajlar/1/akis","headers":{"User-Agent":["Mozilla/5.0 (Windows NT 10.0; Win64; x64) AppleWebKit/537.36 (KHTML, like Gecko) Chrome/151.0.0.0 Safari/537.36 OPR/135.0.0.0"],"X-Forwarded-Host":["kitap.rorcun.com"],"Referer":["https://kitap.rorcun.com/mesajlar/1"],"Accept":["text/event-stream"],"Sec-Ch-Ua":["\"Not=A?Brand\";v=\"99\", \"Opera\";v=\"135\", \"Chromium\";v=\"151\""],"Sec-Fetch-Dest":["empty"],"X-Forwarded-For":["31.223.116.89"],"Sec-Ch-Ua-Mobile":["?0"],"Accept-Language":["tr,en-US;q=0.9,en;q=0.8,id;q=0.7,th;q=0.6,ru;q=0.5,da;q=0.4"],"Cookie":["REDACTED"],"X-Real-Ip":["31.223.116.89"],"Sec-Fetch-Site":["same-origin"],"Accept-Encoding":["gzip, deflate, br, zstd"],"Pragma":["no-cache"],"Sec-Fetch-Mode":["cors"],"Sec-Ch-Ua-Platform":["\"Windows\""],"X-Forwarded-Proto":["https"],"Via":["2.0 Caddy"],"Priority":["u=1, i"],"Cache-Control":["no-cache"]},"tls":{"resumed":false,"version":772,"cipher_suite":4865,"proto":"h2","server_name":"kitap.rorcun.com","ech":false}},"error":"reading: context canceled"}
{"level":"warn","ts":1788282752.0883977,"logger":"http.handlers.reverse_proxy","msg":"aborting with incomplete response","upstream":"127.0.0.1:8080","duration":0.0084285,"request":{"remote_ip":"31.223.116.89","remote_port":"58442","client_ip":"31.223.116.89","proto":"HTTP/2.0","method":"GET","host":"kitap.rorcun.com","uri":"/mesajlar/1/akis","headers":{"X-Real-Ip":["31.223.116.89"],"Sec-Fetch-Dest":["empty"],"Priority":["u=1, i"],"Sec-Ch-Ua-Mobile":["?0"],"Sec-Fetch-Site":["same-origin"],"X-Forwarded-Proto":["https"],"Pragma":["no-cache"],"X-Forwarded-Host":["kitap.rorcun.com"],"Cache-Control":["no-cache"],"Referer":["https://kitap.rorcun.com/mesajlar/1"],"Accept-Language":["tr,en-US;q=0.9,en;q=0.8,id;q=0.7,th;q=0.6,ru;q=0.5,da;q=0.4"],"Accept-Encoding":["gzip, deflate, br, zstd"],"Via":["2.0 Caddy"],"X-Forwarded-For":["31.223.116.89"],"Sec-Fetch-Mode":["cors"],"Accept":["text/event-stream"],"Cookie":["REDACTED"],"Sec-Ch-Ua":["\"Not=A?Brand\";v=\"99\", \"Opera\";v=\"135\", \"Chromium\";v=\"151\""],"Sec-Ch-Ua-Platform":["\"Windows\""],"User-Agent":["Mozilla/5.0 (Windows NT 10.0; Win64; x64) AppleWebKit/537.36 (KHTML, like Gecko) Chrome/151.0.0.0 Safari/537.36 OPR/135.0.0.0"]},"tls":{"resumed":false,"version":772,"cipher_suite":4865,"proto":"h2","server_name":"kitap.rorcun.com","ech":false}},"error":"reading: context canceled"}
{"level":"warn","ts":1788282767.3531027,"logger":"http.handlers.reverse_proxy","msg":"aborting with incomplete response","upstream":"127.0.0.1:8080","duration":0.0092557,"request":{"remote_ip":"31.223.116.89","remote_port":"50077","client_ip":"31.223.116.89","proto":"HTTP/2.0","method":"GET","host":"kitap.rorcun.com","uri":"/mesajlar/1/akis","headers":{"X-Real-Ip":["31.223.116.89"],"Sec-Ch-Ua-Mobile":["?0"],"Referer":["https://kitap.rorcun.com/mesajlar/1"],"Sec-Fetch-Site":["same-origin"],"Accept-Language":["tr-TR,tr;q=0.9,en-US;q=0.8,en;q=0.7"],"X-Forwarded-Host":["kitap.rorcun.com"],"Accept-Encoding":["gzip, deflate, br, zstd"],"Sec-Fetch-Mode":["cors"],"Priority":["u=1, i"],"Sec-Ch-Ua":["\"Chromium\";v=\"152\", \"Not?A_Brand\";v=\"24\", \"Google Chrome\";v=\"152\""],"Accept":["text/event-stream"],"Cookie":["REDACTED"],"User-Agent":["Mozilla/5.0 (Windows NT 10.0; Win64; x64) AppleWebKit/537.36 (KHTML, like Gecko) Chrome/152.0.0.0 Safari/537.36"],"Cache-Control":["no-cache"],"X-Forwarded-Proto":["https"],"Pragma":["no-cache"],"X-Forwarded-For":["31.223.116.89"],"Via":["2.0 Caddy"],"Sec-Ch-Ua-Platform":["\"Windows\""],"Sec-Fetch-Dest":["empty"]},"tls":{"resumed":true,"version":772,"cipher_suite":4865,"proto":"h2","server_name":"kitap.rorcun.com","ech":false}},"error":"reading: context canceled"}
{"level":"warn","ts":1788282772.8929842,"logger":"http.handlers.reverse_proxy","msg":"aborting with incomplete response","upstream":"127.0.0.1:8080","duration":0.0081158,"request":{"remote_ip":"31.223.116.89","remote_port":"50077","client_ip":"31.223.116.89","proto":"HTTP/2.0","method":"GET","host":"kitap.rorcun.com","uri":"/mesajlar/1/akis","headers":{"Sec-Fetch-Mode":["cors"],"Cache-Control":["no-cache"],"Sec-Ch-Ua-Mobile":["?0"],"X-Real-Ip":["31.223.116.89"],"Priority":["u=1, i"],"Sec-Fetch-Site":["same-origin"],"Accept-Encoding":["gzip, deflate, br, zstd"],"Accept-Language":["tr-TR,tr;q=0.9,en-US;q=0.8,en;q=0.7"],"X-Forwarded-Host":["kitap.rorcun.com"],"Sec-Ch-Ua":["\"Chromium\";v=\"152\", \"Not?A_Brand\";v=\"24\", \"Google Chrome\";v=\"152\""],"Pragma":["no-cache"],"Accept":["text/event-stream"],"Sec-Fetch-Dest":["empty"],"Cookie":["REDACTED"],"X-Forwarded-For":["31.223.116.89"],"Sec-Ch-Ua-Platform":["\"Windows\""],"User-Agent":["Mozilla/5.0 (Windows NT 10.0; Win64; x64) AppleWebKit/537.36 (KHTML, like Gecko) Chrome/152.0.0.0 Safari/537.36"],"Referer":["https://kitap.rorcun.com/mesajlar/1"],"Via":["2.0 Caddy"],"X-Forwarded-Proto":["https"]},"tls":{"resumed":true,"version":772,"cipher_suite":4865,"proto":"h2","server_name":"kitap.rorcun.com","ech":false}},"error":"reading: context canceled"}
{"level":"warn","ts":1788282780.424505,"logger":"http.handlers.reverse_proxy","msg":"aborting with incomplete response","upstream":"127.0.0.1:8080","duration":0.0081379,"request":{"remote_ip":"31.223.116.89","remote_port":"50077","client_ip":"31.223.116.89","proto":"HTTP/2.0","method":"GET","host":"kitap.rorcun.com","uri":"/mesajlar/1/akis","headers":{"X-Real-Ip":["31.223.116.89"],"Sec-Fetch-Site":["same-origin"],"User-Agent":["Mozilla/5.0 (Windows NT 10.0; Win64; x64) AppleWebKit/537.36 (KHTML, like Gecko) Chrome/152.0.0.0 Safari/537.36"],"Pragma":["no-cache"],"X-Forwarded-For":["31.223.116.89"],"Cookie":["REDACTED"],"Sec-Fetch-Dest":["empty"],"Sec-Fetch-Mode":["cors"],"X-Forwarded-Host":["kitap.rorcun.com"],"Priority":["u=1, i"],"Accept-Encoding":["gzip, deflate, br, zstd"],"Sec-Ch-Ua":["\"Chromium\";v=\"152\", \"Not?A_Brand\";v=\"24\", \"Google Chrome\";v=\"152\""],"X-Forwarded-Proto":["https"],"Accept-Language":["tr-TR,tr;q=0.9,en-US;q=0.8,en;q=0.7"],"Via":["2.0 Caddy"],"Accept":["text/event-stream"],"Sec-Ch-Ua-Mobile":["?0"],"Sec-Ch-Ua-Platform":["\"Windows\""],"Cache-Control":["no-cache"],"Referer":["https://kitap.rorcun.com/mesajlar/1"]},"tls":{"resumed":true,"version":772,"cipher_suite":4865,"proto":"h2","server_name":"kitap.rorcun.com","ech":false}},"error":"reading: context canceled"}
{"level":"warn","ts":1788282783.4023852,"logger":"http.handlers.reverse_proxy","msg":"aborting with incomplete response","upstream":"127.0.0.1:8080","duration":0.0100453,"request":{"remote_ip":"31.223.116.89","remote_port":"58442","client_ip":"31.223.116.89","proto":"HTTP/2.0","method":"GET","host":"kitap.rorcun.com","uri":"/mesajlar/1/akis","headers":{"X-Real-Ip":["31.223.116.89"],"Via":["2.0 Caddy"],"Cookie":["REDACTED"],"X-Forwarded-For":["31.223.116.89"],"User-Agent":["Mozilla/5.0 (Windows NT 10.0; Win64; x64) AppleWebKit/537.36 (KHTML, like Gecko) Chrome/151.0.0.0 Safari/537.36 OPR/135.0.0.0"],"Referer":["https://kitap.rorcun.com/mesajlar/1"],"Sec-Ch-Ua-Platform":["\"Windows\""],"Sec-Ch-Ua":["\"Not=A?Brand\";v=\"99\", \"Opera\";v=\"135\", \"Chromium\";v=\"151\""],"Sec-Fetch-Dest":["empty"],"X-Forwarded-Proto":["https"],"Accept-Encoding":["gzip, deflate, br, zstd"],"Sec-Ch-Ua-Mobile":["?0"],"Accept-Language":["tr,en-US;q=0.9,en;q=0.8,id;q=0.7,th;q=0.6,ru;q=0.5,da;q=0.4"],"Priority":["u=1, i"],"Accept":["text/event-stream"],"Sec-Fetch-Mode":["cors"],"Cache-Control":["no-cache"],"Sec-Fetch-Site":["same-origin"],"X-Forwarded-Host":["kitap.rorcun.com"],"Pragma":["no-cache"]},"tls":{"resumed":false,"version":772,"cipher_suite":4865,"proto":"h2","server_name":"kitap.rorcun.com","ech":false}},"error":"reading: context canceled"}
{"level":"warn","ts":1788282816.7916214,"logger":"http.handlers.reverse_proxy","msg":"aborting with incomplete response","upstream":"127.0.0.1:8080","duration":0.0068731,"request":{"remote_ip":"31.223.116.89","remote_port":"50077","client_ip":"31.223.116.89","proto":"HTTP/2.0","method":"GET","host":"kitap.rorcun.com","uri":"/mesajlar/1/akis","headers":{"Accept-Encoding":["gzip, deflate, br, zstd"],"X-Forwarded-For":["31.223.116.89"],"X-Forwarded-Host":["kitap.rorcun.com"],"X-Forwarded-Proto":["https"],"Cache-Control":["no-cache"],"Sec-Ch-Ua-Mobile":["?0"],"Accept-Language":["tr-TR,tr;q=0.9,en-US;q=0.8,en;q=0.7"],"Accept":["text/event-stream"],"Referer":["https://kitap.rorcun.com/mesajlar/1"],"Cookie":["REDACTED"],"Sec-Ch-Ua":["\"Chromium\";v=\"152\", \"Not?A_Brand\";v=\"24\", \"Google Chrome\";v=\"152\""],"Sec-Fetch-Dest":["empty"],"Sec-Ch-Ua-Platform":["\"Windows\""],"User-Agent":["Mozilla/5.0 (Windows NT 10.0; Win64; x64) AppleWebKit/537.36 (KHTML, like Gecko) Chrome/152.0.0.0 Safari/537.36"],"Via":["2.0 Caddy"],"Sec-Fetch-Site":["same-origin"],"Sec-Fetch-Mode":["cors"],"Pragma":["no-cache"],"Priority":["u=1, i"],"X-Real-Ip":["31.223.116.89"]},"tls":{"resumed":true,"version":772,"cipher_suite":4865,"proto":"h2","server_name":"kitap.rorcun.com","ech":false}},"error":"reading: context canceled"}
{"level":"warn","ts":1788282818.768523,"logger":"http.handlers.reverse_proxy","msg":"aborting with incomplete response","upstream":"127.0.0.1:8080","duration":0.0074099,"request":{"remote_ip":"31.223.116.89","remote_port":"50077","client_ip":"31.223.116.89","proto":"HTTP/2.0","method":"GET","host":"kitap.rorcun.com","uri":"/mesajlar/1/akis","headers":{"X-Forwarded-For":["31.223.116.89"],"X-Forwarded-Host":["kitap.rorcun.com"],"Referer":["https://kitap.rorcun.com/mesajlar/1"],"Cookie":["REDACTED"],"Cache-Control":["no-cache"],"X-Real-Ip":["31.223.116.89"],"Sec-Ch-Ua-Platform":["\"Windows\""],"Priority":["u=1, i"],"Accept-Encoding":["gzip, deflate, br, zstd"],"Sec-Fetch-Site":["same-origin"],"Sec-Ch-Ua":["\"Chromium\";v=\"152\", \"Not?A_Brand\";v=\"24\", \"Google Chrome\";v=\"152\""],"Sec-Ch-Ua-Mobile":["?0"],"Pragma":["no-cache"],"Sec-Fetch-Dest":["empty"],"User-Agent":["Mozilla/5.0 (Windows NT 10.0; Win64; x64) AppleWebKit/537.36 (KHTML, like Gecko) Chrome/152.0.0.0 Safari/537.36"],"Accept":["text/event-stream"],"Accept-Language":["tr-TR,tr;q=0.9,en-US;q=0.8,en;q=0.7"],"X-Forwarded-Proto":["https"],"Via":["2.0 Caddy"],"Sec-Fetch-Mode":["cors"]},"tls":{"resumed":true,"version":772,"cipher_suite":4865,"proto":"h2","server_name":"kitap.rorcun.com","ech":false}},"error":"reading: context canceled"}
{"level":"warn","ts":1788282821.495835,"logger":"http.handlers.reverse_proxy","msg":"aborting with incomplete response","upstream":"127.0.0.1:8080","duration":0.0073809,"request":{"remote_ip":"31.223.116.89","remote_port":"50077","client_ip":"31.223.116.89","proto":"HTTP/2.0","method":"GET","host":"kitap.rorcun.com","uri":"/mesajlar/1/akis","headers":{"Via":["2.0 Caddy"],"Sec-Fetch-Site":["same-origin"],"Sec-Ch-Ua":["\"Chromium\";v=\"152\", \"Not?A_Brand\";v=\"24\", \"Google Chrome\";v=\"152\""],"Cookie":["REDACTED"],"Sec-Ch-Ua-Mobile":["?0"],"Sec-Fetch-Mode":["cors"],"Cache-Control":["no-cache"],"Sec-Ch-Ua-Platform":["\"Windows\""],"Sec-Fetch-Dest":["empty"],"Accept-Language":["tr-TR,tr;q=0.9,en-US;q=0.8,en;q=0.7"],"X-Forwarded-Proto":["https"],"X-Real-Ip":["31.223.116.89"],"Priority":["u=1, i"],"User-Agent":["Mozilla/5.0 (Windows NT 10.0; Win64; x64) AppleWebKit/537.36 (KHTML, like Gecko) Chrome/152.0.0.0 Safari/537.36"],"Referer":["https://kitap.rorcun.com/mesajlar/1"],"X-Forwarded-Host":["kitap.rorcun.com"],"Accept":["text/event-stream"],"Accept-Encoding":["gzip, deflate, br, zstd"],"X-Forwarded-For":["31.223.116.89"],"Pragma":["no-cache"]},"tls":{"resumed":true,"version":772,"cipher_suite":4865,"proto":"h2","server_name":"kitap.rorcun.com","ech":false}},"error":"reading: context canceled"}
{"level":"warn","ts":1788282823.258263,"logger":"http.handlers.reverse_proxy","msg":"aborting with incomplete response","upstream":"127.0.0.1:8080","duration":0.0079037,"request":{"remote_ip":"31.223.116.89","remote_port":"58442","client_ip":"31.223.116.89","proto":"HTTP/2.0","method":"GET","host":"kitap.rorcun.com","uri":"/mesajlar/1/akis","headers":{"Via":["2.0 Caddy"],"Sec-Fetch-Site":["same-origin"],"Sec-Fetch-Mode":["cors"],"X-Forwarded-Proto":["https"],"Sec-Ch-Ua-Platform":["\"Windows\""],"Sec-Ch-Ua":["\"Not=A?Brand\";v=\"99\", \"Opera\";v=\"135\", \"Chromium\";v=\"151\""],"Priority":["u=1, i"],"Referer":["https://kitap.rorcun.com/mesajlar/1"],"Accept-Encoding":["gzip, deflate, br, zstd"],"User-Agent":["Mozilla/5.0 (Windows NT 10.0; Win64; x64) AppleWebKit/537.36 (KHTML, like Gecko) Chrome/151.0.0.0 Safari/537.36 OPR/135.0.0.0"],"Accept":["text/event-stream"],"Sec-Ch-Ua-Mobile":["?0"],"Pragma":["no-cache"],"Cookie":["REDACTED"],"X-Forwarded-For":["31.223.116.89"],"X-Real-Ip":["31.223.116.89"],"Cache-Control":["no-cache"],"Accept-Language":["tr,en-US;q=0.9,en;q=0.8,id;q=0.7,th;q=0.6,ru;q=0.5,da;q=0.4"],"X-Forwarded-Host":["kitap.rorcun.com"],"Sec-Fetch-Dest":["empty"]},"tls":{"resumed":false,"version":772,"cipher_suite":4865,"proto":"h2","server_name":"kitap.rorcun.com","ech":false}},"error":"reading: context canceled"}
{"level":"warn","ts":1788282824.745361,"logger":"http.handlers.reverse_proxy","msg":"aborting with incomplete response","upstream":"127.0.0.1:8080","duration":0.0075705,"request":{"remote_ip":"31.223.116.89","remote_port":"58442","client_ip":"31.223.116.89","proto":"HTTP/2.0","method":"GET","host":"kitap.rorcun.com","uri":"/mesajlar/1/akis","headers":{"Priority":["u=1, i"],"Referer":["https://kitap.rorcun.com/mesajlar/1"],"Cache-Control":["no-cache"],"Via":["2.0 Caddy"],"Cookie":["REDACTED"],"Sec-Ch-Ua-Mobile":["?0"],"Sec-Fetch-Dest":["empty"],"Accept":["text/event-stream"],"X-Forwarded-For":["31.223.116.89"],"Accept-Encoding":["gzip, deflate, br, zstd"],"X-Forwarded-Host":["kitap.rorcun.com"],"Accept-Language":["tr,en-US;q=0.9,en;q=0.8,id;q=0.7,th;q=0.6,ru;q=0.5,da;q=0.4"],"Sec-Ch-Ua":["\"Not=A?Brand\";v=\"99\", \"Opera\";v=\"135\", \"Chromium\";v=\"151\""],"X-Real-Ip":["31.223.116.89"],"Pragma":["no-cache"],"X-Forwarded-Proto":["https"],"Sec-Fetch-Site":["same-origin"],"Sec-Ch-Ua-Platform":["\"Windows\""],"User-Agent":["Mozilla/5.0 (Windows NT 10.0; Win64; x64) AppleWebKit/537.36 (KHTML, like Gecko) Chrome/151.0.0.0 Safari/537.36 OPR/135.0.0.0"],"Sec-Fetch-Mode":["cors"]},"tls":{"resumed":false,"version":772,"cipher_suite":4865,"proto":"h2","server_name":"kitap.rorcun.com","ech":false}},"error":"reading: context canceled"}
{"level":"warn","ts":1788282825.8106065,"logger":"http.handlers.reverse_proxy","msg":"aborting with incomplete response","upstream":"127.0.0.1:8080","duration":0.0080183,"request":{"remote_ip":"31.223.116.89","remote_port":"58442","client_ip":"31.223.116.89","proto":"HTTP/2.0","method":"GET","host":"kitap.rorcun.com","uri":"/mesajlar/1/akis","headers":{"Sec-Ch-Ua-Platform":["\"Windows\""],"Sec-Fetch-Dest":["empty"],"Sec-Ch-Ua":["\"Not=A?Brand\";v=\"99\", \"Opera\";v=\"135\", \"Chromium\";v=\"151\""],"Pragma":["no-cache"],"Cache-Control":["no-cache"],"X-Forwarded-For":["31.223.116.89"],"Sec-Fetch-Site":["same-origin"],"Accept-Language":["tr,en-US;q=0.9,en;q=0.8,id;q=0.7,th;q=0.6,ru;q=0.5,da;q=0.4"],"Sec-Ch-Ua-Mobile":["?0"],"User-Agent":["Mozilla/5.0 (Windows NT 10.0; Win64; x64) AppleWebKit/537.36 (KHTML, like Gecko) Chrome/151.0.0.0 Safari/537.36 OPR/135.0.0.0"],"Priority":["u=1, i"],"Via":["2.0 Caddy"],"Accept":["text/event-stream"],"X-Forwarded-Proto":["https"],"X-Forwarded-Host":["kitap.rorcun.com"],"X-Real-Ip":["31.223.116.89"],"Cookie":["REDACTED"],"Referer":["https://kitap.rorcun.com/mesajlar/1"],"Sec-Fetch-Mode":["cors"],"Accept-Encoding":["gzip, deflate, br, zstd"]},"tls":{"resumed":false,"version":772,"cipher_suite":4865,"proto":"h2","server_name":"kitap.rorcun.com","ech":false}},"error":"reading: context canceled"}
{"level":"warn","ts":1788282963.844808,"logger":"http.handlers.reverse_proxy","msg":"aborting with incomplete response","upstream":"127.0.0.1:8080","duration":0.0071685,"request":{"remote_ip":"31.223.116.89","remote_port":"58442","client_ip":"31.223.116.89","proto":"HTTP/2.0","method":"GET","host":"kitap.rorcun.com","uri":"/mesajlar/1/akis","headers":{"Sec-Ch-Ua":["\"Not=A?Brand\";v=\"99\", \"Opera\";v=\"135\", \"Chromium\";v=\"151\""],"Accept":["text/event-stream"],"Priority":["u=1, i"],"Sec-Ch-Ua-Platform":["\"Windows\""],"Via":["2.0 Caddy"],"Sec-Fetch-Site":["same-origin"],"User-Agent":["Mozilla/5.0 (Windows NT 10.0; Win64; x64) AppleWebKit/537.36 (KHTML, like Gecko) Chrome/151.0.0.0 Safari/537.36 OPR/135.0.0.0"],"Sec-Fetch-Dest":["empty"],"Accept-Encoding":["gzip, deflate, br, zstd"],"Sec-Fetch-Mode":["cors"],"Cookie":["REDACTED"],"X-Forwarded-For":["31.223.116.89"],"X-Real-Ip":["31.223.116.89"],"Accept-Language":["tr,en-US;q=0.9,en;q=0.8,id;q=0.7,th;q=0.6,ru;q=0.5,da;q=0.4"],"Pragma":["no-cache"],"Sec-Ch-Ua-Mobile":["?0"],"Referer":["https://kitap.rorcun.com/mesajlar/1"],"Cache-Control":["no-cache"],"X-Forwarded-Proto":["https"],"X-Forwarded-Host":["kitap.rorcun.com"]},"tls":{"resumed":false,"version":772,"cipher_suite":4865,"proto":"h2","server_name":"kitap.rorcun.com","ech":false}},"error":"reading: unexpected EOF"}
{"level":"warn","ts":1788282963.844808,"logger":"http.handlers.reverse_proxy","msg":"aborting with incomplete response","upstream":"127.0.0.1:8080","duration":0.0085748,"request":{"remote_ip":"31.223.116.89","remote_port":"50077","client_ip":"31.223.116.89","proto":"HTTP/2.0","method":"GET","host":"kitap.rorcun.com","uri":"/mesajlar/1/akis","headers":{"Via":["2.0 Caddy"],"Cache-Control":["no-cache"],"Sec-Fetch-Dest":["empty"],"Referer":["https://kitap.rorcun.com/mesajlar/1"],"X-Forwarded-For":["31.223.116.89"],"X-Forwarded-Proto":["https"],"Accept":["text/event-stream"],"User-Agent":["Mozilla/5.0 (Windows NT 10.0; Win64; x64) AppleWebKit/537.36 (KHTML, like Gecko) Chrome/152.0.0.0 Safari/537.36"],"Accept-Language":["tr-TR,tr;q=0.9,en-US;q=0.8,en;q=0.7"],"Accept-Encoding":["gzip, deflate, br, zstd"],"Priority":["u=1, i"],"Sec-Fetch-Site":["same-origin"],"X-Real-Ip":["31.223.116.89"],"Sec-Fetch-Mode":["cors"],"Sec-Ch-Ua":["\"Chromium\";v=\"152\", \"Not?A_Brand\";v=\"24\", \"Google Chrome\";v=\"152\""],"Sec-Ch-Ua-Platform":["\"Windows\""],"X-Forwarded-Host":["kitap.rorcun.com"],"Sec-Ch-Ua-Mobile":["?0"],"Cookie":["REDACTED"],"Pragma":["no-cache"]},"tls":{"resumed":true,"version":772,"cipher_suite":4865,"proto":"h2","server_name":"kitap.rorcun.com","ech":false}},"error":"reading: unexpected EOF"}
{"level":"warn","ts":1788283195.177872,"logger":"http.handlers.reverse_proxy","msg":"aborting with incomplete response","upstream":"127.0.0.1:8080","duration":0.0223283,"request":{"remote_ip":"31.223.116.89","remote_port":"50077","client_ip":"31.223.116.89","proto":"HTTP/2.0","method":"GET","host":"kitap.rorcun.com","uri":"/mesajlar/1/akis","headers":{"Cache-Control":["no-cache"],"Sec-Ch-Ua-Mobile":["?0"],"Accept":["text/event-stream"],"Referer":["https://kitap.rorcun.com/mesajlar/1"],"Sec-Fetch-Dest":["empty"],"X-Forwarded-Proto":["https"],"User-Agent":["Mozilla/5.0 (Windows NT 10.0; Win64; x64) AppleWebKit/537.36 (KHTML, like Gecko) Chrome/152.0.0.0 Safari/537.36"],"X-Real-Ip":["31.223.116.89"],"Sec-Ch-Ua-Platform":["\"Windows\""],"Accept-Language":["tr-TR,tr;q=0.9,en-US;q=0.8,en;q=0.7"],"Pragma":["no-cache"],"Priority":["u=1, i"],"X-Forwarded-For":["31.223.116.89"],"Sec-Ch-Ua":["\"Chromium\";v=\"152\", \"Not?A_Brand\";v=\"24\", \"Google Chrome\";v=\"152\""],"Sec-Fetch-Site":["same-origin"],"Via":["2.0 Caddy"],"Accept-Encoding":["gzip, deflate, br, zstd"],"Sec-Fetch-Mode":["cors"],"X-Forwarded-Host":["kitap.rorcun.com"],"Cookie":["REDACTED"]},"tls":{"resumed":true,"version":772,"cipher_suite":4865,"proto":"h2","server_name":"kitap.rorcun.com","ech":false}},"error":"reading: context canceled"}
{"level":"warn","ts":1788283200.2098856,"logger":"http.handlers.reverse_proxy","msg":"aborting with incomplete response","upstream":"127.0.0.1:8080","duration":0.0124565,"request":{"remote_ip":"31.223.116.89","remote_port":"58442","client_ip":"31.223.116.89","proto":"HTTP/2.0","method":"GET","host":"kitap.rorcun.com","uri":"/mesajlar/1/akis","headers":{"Sec-Fetch-Mode":["cors"],"Pragma":["no-cache"],"X-Forwarded-For":["31.223.116.89"],"X-Forwarded-Host":["kitap.rorcun.com"],"Cookie":["REDACTED"],"Accept":["text/event-stream"],"Sec-Ch-Ua":["\"Not=A?Brand\";v=\"99\", \"Opera\";v=\"135\", \"Chromium\";v=\"151\""],"X-Forwarded-Proto":["https"],"Sec-Fetch-Dest":["empty"],"User-Agent":["Mozilla/5.0 (Windows NT 10.0; Win64; x64) AppleWebKit/537.36 (KHTML, like Gecko) Chrome/151.0.0.0 Safari/537.36 OPR/135.0.0.0"],"Sec-Ch-Ua-Platform":["\"Windows\""],"X-Real-Ip":["31.223.116.89"],"Sec-Fetch-Site":["same-origin"],"Referer":["https://kitap.rorcun.com/mesajlar/1"],"Priority":["u=1, i"],"Cache-Control":["no-cache"],"Via":["2.0 Caddy"],"Accept-Encoding":["gzip, deflate, br, zstd"],"Sec-Ch-Ua-Mobile":["?0"],"Accept-Language":["tr,en-US;q=0.9,en;q=0.8,id;q=0.7,th;q=0.6,ru;q=0.5,da;q=0.4"]},"tls":{"resumed":false,"version":772,"cipher_suite":4865,"proto":"h2","server_name":"kitap.rorcun.com","ech":false}},"error":"reading: context canceled"}
{"level":"warn","ts":1788283201.894397,"logger":"http.handlers.reverse_proxy","msg":"aborting with incomplete response","upstream":"127.0.0.1:8080","duration":0.0135996,"request":{"remote_ip":"31.223.116.89","remote_port":"50077","client_ip":"31.223.116.89","proto":"HTTP/2.0","method":"GET","host":"kitap.rorcun.com","uri":"/mesajlar/1/akis","headers":{"Accept-Encoding":["gzip, deflate, br, zstd"],"X-Forwarded-For":["31.223.116.89"],"Pragma":["no-cache"],"Sec-Ch-Ua-Mobile":["?0"],"X-Forwarded-Host":["kitap.rorcun.com"],"Accept-Language":["tr-TR,tr;q=0.9,en-US;q=0.8,en;q=0.7"],"Cookie":["REDACTED"],"User-Agent":["Mozilla/5.0 (Windows NT 10.0; Win64; x64) AppleWebKit/537.36 (KHTML, like Gecko) Chrome/152.0.0.0 Safari/537.36"],"Priority":["u=1, i"],"Sec-Ch-Ua":["\"Chromium\";v=\"152\", \"Not?A_Brand\";v=\"24\", \"Google Chrome\";v=\"152\""],"Sec-Ch-Ua-Platform":["\"Windows\""],"Sec-Fetch-Mode":["cors"],"Referer":["https://kitap.rorcun.com/mesajlar/1"],"X-Forwarded-Proto":["https"],"Sec-Fetch-Dest":["empty"],"Cache-Control":["no-cache"],"Accept":["text/event-stream"],"Sec-Fetch-Site":["same-origin"],"Via":["2.0 Caddy"],"X-Real-Ip":["31.223.116.89"]},"tls":{"resumed":true,"version":772,"cipher_suite":4865,"proto":"h2","server_name":"kitap.rorcun.com","ech":false}},"error":"reading: context canceled"}
{"level":"warn","ts":1788283203.387833,"logger":"http.handlers.reverse_proxy","msg":"aborting with incomplete response","upstream":"127.0.0.1:8080","duration":0.0140252,"request":{"remote_ip":"31.223.116.89","remote_port":"58442","client_ip":"31.223.116.89","proto":"HTTP/2.0","method":"GET","host":"kitap.rorcun.com","uri":"/mesajlar/1/akis","headers":{"Referer":["https://kitap.rorcun.com/mesajlar/1"],"Cookie":["REDACTED"],"Accept-Encoding":["gzip, deflate, br, zstd"],"X-Real-Ip":["31.223.116.89"],"Accept-Language":["tr,en-US;q=0.9,en;q=0.8,id;q=0.7,th;q=0.6,ru;q=0.5,da;q=0.4"],"Sec-Fetch-Dest":["empty"],"Sec-Ch-Ua":["\"Not=A?Brand\";v=\"99\", \"Opera\";v=\"135\", \"Chromium\";v=\"151\""],"Accept":["text/event-stream"],"Sec-Ch-Ua-Mobile":["?0"],"Sec-Ch-Ua-Platform":["\"Windows\""],"X-Forwarded-For":["31.223.116.89"],"X-Forwarded-Host":["kitap.rorcun.com"],"X-Forwarded-Proto":["https"],"Priority":["u=1, i"],"Sec-Fetch-Site":["same-origin"],"Sec-Fetch-Mode":["cors"],"Pragma":["no-cache"],"Cache-Control":["no-cache"],"User-Agent":["Mozilla/5.0 (Windows NT 10.0; Win64; x64) AppleWebKit/537.36 (KHTML, like Gecko) Chrome/151.0.0.0 Safari/537.36 OPR/135.0.0.0"],"Via":["2.0 Caddy"]},"tls":{"resumed":false,"version":772,"cipher_suite":4865,"proto":"h2","server_name":"kitap.rorcun.com","ech":false}},"error":"reading: context canceled"}
{"level":"warn","ts":1788283204.913141,"logger":"http.handlers.reverse_proxy","msg":"aborting with incomplete response","upstream":"127.0.0.1:8080","duration":0.0133015,"request":{"remote_ip":"31.223.116.89","remote_port":"50077","client_ip":"31.223.116.89","proto":"HTTP/2.0","method":"GET","host":"kitap.rorcun.com","uri":"/mesajlar/1/akis","headers":{"Accept":["text/event-stream"],"Via":["2.0 Caddy"],"Sec-Fetch-Dest":["empty"],"Cache-Control":["no-cache"],"Accept-Language":["tr-TR,tr;q=0.9,en-US;q=0.8,en;q=0.7"],"Priority":["u=1, i"],"Referer":["https://kitap.rorcun.com/mesajlar/1"],"Sec-Ch-Ua-Platform":["\"Windows\""],"Sec-Fetch-Site":["same-origin"],"Sec-Ch-Ua-Mobile":["?0"],"X-Forwarded-For":["31.223.116.89"],"Accept-Encoding":["gzip, deflate, br, zstd"],"Sec-Fetch-Mode":["cors"],"Cookie":["REDACTED"],"Pragma":["no-cache"],"X-Real-Ip":["31.223.116.89"],"Sec-Ch-Ua":["\"Chromium\";v=\"152\", \"Not?A_Brand\";v=\"24\", \"Google Chrome\";v=\"152\""],"X-Forwarded-Host":["kitap.rorcun.com"],"User-Agent":["Mozilla/5.0 (Windows NT 10.0; Win64; x64) AppleWebKit/537.36 (KHTML, like Gecko) Chrome/152.0.0.0 Safari/537.36"],"X-Forwarded-Proto":["https"]},"tls":{"resumed":true,"version":772,"cipher_suite":4865,"proto":"h2","server_name":"kitap.rorcun.com","ech":false}},"error":"reading: context canceled"}
{"level":"warn","ts":1788283207.2811115,"logger":"http.handlers.reverse_proxy","msg":"aborting with incomplete response","upstream":"127.0.0.1:8080","duration":0.0120757,"request":{"remote_ip":"31.223.116.89","remote_port":"50077","client_ip":"31.223.116.89","proto":"HTTP/2.0","method":"GET","host":"kitap.rorcun.com","uri":"/mesajlar/1/akis","headers":{"Sec-Fetch-Mode":["cors"],"Priority":["u=1, i"],"X-Real-Ip":["31.223.116.89"],"User-Agent":["Mozilla/5.0 (Windows NT 10.0; Win64; x64) AppleWebKit/537.36 (KHTML, like Gecko) Chrome/152.0.0.0 Safari/537.36"],"X-Forwarded-Host":["kitap.rorcun.com"],"Accept-Language":["tr-TR,tr;q=0.9,en-US;q=0.8,en;q=0.7"],"Via":["2.0 Caddy"],"Referer":["https://kitap.rorcun.com/mesajlar/1"],"Sec-Ch-Ua":["\"Chromium\";v=\"152\", \"Not?A_Brand\";v=\"24\", \"Google Chrome\";v=\"152\""],"Cache-Control":["no-cache"],"Sec-Fetch-Site":["same-origin"],"X-Forwarded-Proto":["https"],"Accept-Encoding":["gzip, deflate, br, zstd"],"Sec-Ch-Ua-Mobile":["?0"],"X-Forwarded-For":["31.223.116.89"],"Pragma":["no-cache"],"Cookie":["REDACTED"],"Accept":["text/event-stream"],"Sec-Fetch-Dest":["empty"],"Sec-Ch-Ua-Platform":["\"Windows\""]},"tls":{"resumed":true,"version":772,"cipher_suite":4865,"proto":"h2","server_name":"kitap.rorcun.com","ech":false}},"error":"reading: context canceled"}
{"level":"warn","ts":1788283213.5356448,"logger":"http.handlers.reverse_proxy","msg":"aborting with incomplete response","upstream":"127.0.0.1:8080","duration":0.013795,"request":{"remote_ip":"31.223.116.89","remote_port":"58442","client_ip":"31.223.116.89","proto":"HTTP/2.0","method":"GET","host":"kitap.rorcun.com","uri":"/mesajlar/1/akis","headers":{"User-Agent":["Mozilla/5.0 (Windows NT 10.0; Win64; x64) AppleWebKit/537.36 (KHTML, like Gecko) Chrome/151.0.0.0 Safari/537.36 OPR/135.0.0.0"],"Sec-Ch-Ua":["\"Not=A?Brand\";v=\"99\", \"Opera\";v=\"135\", \"Chromium\";v=\"151\""],"Referer":["https://kitap.rorcun.com/mesajlar/1"],"Via":["2.0 Caddy"],"Sec-Ch-Ua-Mobile":["?0"],"Sec-Fetch-Mode":["cors"],"Priority":["u=1, i"],"Sec-Ch-Ua-Platform":["\"Windows\""],"Accept":["text/event-stream"],"Sec-Fetch-Dest":["empty"],"X-Forwarded-Host":["kitap.rorcun.com"],"Accept-Encoding":["gzip, deflate, br, zstd"],"Accept-Language":["tr,en-US;q=0.9,en;q=0.8,id;q=0.7,th;q=0.6,ru;q=0.5,da;q=0.4"],"X-Forwarded-Proto":["https"],"Sec-Fetch-Site":["same-origin"],"X-Real-Ip":["31.223.116.89"],"Cookie":["REDACTED"],"Pragma":["no-cache"],"X-Forwarded-For":["31.223.116.89"],"Cache-Control":["no-cache"]},"tls":{"resumed":false,"version":772,"cipher_suite":4865,"proto":"h2","server_name":"kitap.rorcun.com","ech":false}},"error":"reading: context canceled"}
{"level":"warn","ts":1788283229.1438217,"logger":"http.handlers.reverse_proxy","msg":"aborting with incomplete response","upstream":"127.0.0.1:8080","duration":0.0116705,"request":{"remote_ip":"31.223.116.89","remote_port":"50077","client_ip":"31.223.116.89","proto":"HTTP/2.0","method":"GET","host":"kitap.rorcun.com","uri":"/mesajlar/1/akis","headers":{"X-Forwarded-Proto":["https"],"Sec-Ch-Ua":["\"Chromium\";v=\"152\", \"Not?A_Brand\";v=\"24\", \"Google Chrome\";v=\"152\""],"Accept-Encoding":["gzip, deflate, br, zstd"],"Priority":["u=1, i"],"Via":["2.0 Caddy"],"Sec-Ch-Ua-Mobile":["?0"],"Sec-Ch-Ua-Platform":["\"Windows\""],"X-Forwarded-For":["31.223.116.89"],"Sec-Fetch-Site":["same-origin"],"Referer":["https://kitap.rorcun.com/mesajlar/1"],"Cookie":["REDACTED"],"X-Real-Ip":["31.223.116.89"],"Accept-Language":["tr-TR,tr;q=0.9,en-US;q=0.8,en;q=0.7"],"X-Forwarded-Host":["kitap.rorcun.com"],"Sec-Fetch-Dest":["empty"],"Cache-Control":["no-cache"],"User-Agent":["Mozilla/5.0 (Windows NT 10.0; Win64; x64) AppleWebKit/537.36 (KHTML, like Gecko) Chrome/152.0.0.0 Safari/537.36"],"Accept":["text/event-stream"],"Pragma":["no-cache"],"Sec-Fetch-Mode":["cors"]},"tls":{"resumed":true,"version":772,"cipher_suite":4865,"proto":"h2","server_name":"kitap.rorcun.com","ech":false}},"error":"reading: context canceled"}
{"level":"warn","ts":1788283235.6641521,"logger":"http.handlers.reverse_proxy","msg":"aborting with incomplete response","upstream":"127.0.0.1:8080","duration":0.0092061,"request":{"remote_ip":"31.223.116.89","remote_port":"50077","client_ip":"31.223.116.89","proto":"HTTP/2.0","method":"GET","host":"kitap.rorcun.com","uri":"/mesajlar/1/akis","headers":{"Sec-Ch-Ua-Platform":["\"Windows\""],"Via":["2.0 Caddy"],"Cache-Control":["no-cache"],"Pragma":["no-cache"],"Sec-Fetch-Dest":["empty"],"Referer":["https://kitap.rorcun.com/mesajlar/1"],"Sec-Ch-Ua-Mobile":["?0"],"Accept-Encoding":["gzip, deflate, br, zstd"],"X-Forwarded-Host":["kitap.rorcun.com"],"Accept-Language":["tr-TR,tr;q=0.9,en-US;q=0.8,en;q=0.7"],"Cookie":["REDACTED"],"X-Forwarded-Proto":["https"],"X-Forwarded-For":["31.223.116.89"],"Accept":["text/event-stream"],"Priority":["u=1, i"],"Sec-Ch-Ua":["\"Chromium\";v=\"152\", \"Not?A_Brand\";v=\"24\", \"Google Chrome\";v=\"152\""],"Sec-Fetch-Site":["same-origin"],"User-Agent":["Mozilla/5.0 (Windows NT 10.0; Win64; x64) AppleWebKit/537.36 (KHTML, like Gecko) Chrome/152.0.0.0 Safari/537.36"],"Sec-Fetch-Mode":["cors"],"X-Real-Ip":["31.223.116.89"]},"tls":{"resumed":true,"version":772,"cipher_suite":4865,"proto":"h2","server_name":"kitap.rorcun.com","ech":false}},"error":"reading: context canceled"}
{"level":"warn","ts":1788283240.770331,"logger":"http.handlers.reverse_proxy","msg":"aborting with incomplete response","upstream":"127.0.0.1:8080","duration":0.0093725,"request":{"remote_ip":"31.223.116.89","remote_port":"58442","client_ip":"31.223.116.89","proto":"HTTP/2.0","method":"GET","host":"kitap.rorcun.com","uri":"/mesajlar/1/akis","headers":{"User-Agent":["Mozilla/5.0 (Windows NT 10.0; Win64; x64) AppleWebKit/537.36 (KHTML, like Gecko) Chrome/151.0.0.0 Safari/537.36 OPR/135.0.0.0"],"Sec-Ch-Ua":["\"Not=A?Brand\";v=\"99\", \"Opera\";v=\"135\", \"Chromium\";v=\"151\""],"Accept-Encoding":["gzip, deflate, br, zstd"],"Sec-Fetch-Dest":["empty"],"X-Forwarded-Proto":["https"],"Sec-Fetch-Site":["same-origin"],"Cookie":["REDACTED"],"Sec-Ch-Ua-Platform":["\"Windows\""],"Referer":["https://kitap.rorcun.com/mesajlar/1"],"X-Real-Ip":["31.223.116.89"],"X-Forwarded-For":["31.223.116.89"],"Accept":["text/event-stream"],"Pragma":["no-cache"],"Priority":["u=1, i"],"Via":["2.0 Caddy"],"Cache-Control":["no-cache"],"Sec-Fetch-Mode":["cors"],"Accept-Language":["tr,en-US;q=0.9,en;q=0.8,id;q=0.7,th;q=0.6,ru;q=0.5,da;q=0.4"],"Sec-Ch-Ua-Mobile":["?0"],"X-Forwarded-Host":["kitap.rorcun.com"]},"tls":{"resumed":false,"version":772,"cipher_suite":4865,"proto":"h2","server_name":"kitap.rorcun.com","ech":false}},"error":"reading: context canceled"}
{"level":"warn","ts":1788283242.8507283,"logger":"http.handlers.reverse_proxy","msg":"aborting with incomplete response","upstream":"127.0.0.1:8080","duration":0.0095914,"request":{"remote_ip":"31.223.116.89","remote_port":"58442","client_ip":"31.223.116.89","proto":"HTTP/2.0","method":"GET","host":"kitap.rorcun.com","uri":"/mesajlar/1/akis","headers":{"Sec-Ch-Ua":["\"Not=A?Brand\";v=\"99\", \"Opera\";v=\"135\", \"Chromium\";v=\"151\""],"User-Agent":["Mozilla/5.0 (Windows NT 10.0; Win64; x64) AppleWebKit/537.36 (KHTML, like Gecko) Chrome/151.0.0.0 Safari/537.36 OPR/135.0.0.0"],"Sec-Fetch-Mode":["cors"],"X-Real-Ip":["31.223.116.89"],"Accept-Language":["tr,en-US;q=0.9,en;q=0.8,id;q=0.7,th;q=0.6,ru;q=0.5,da;q=0.4"],"Referer":["https://kitap.rorcun.com/mesajlar/1"],"Accept":["text/event-stream"],"Pragma":["no-cache"],"X-Forwarded-Host":["kitap.rorcun.com"],"Cache-Control":["no-cache"],"X-Forwarded-For":["31.223.116.89"],"Via":["2.0 Caddy"],"Accept-Encoding":["gzip, deflate, br, zstd"],"Sec-Ch-Ua-Platform":["\"Windows\""],"Sec-Fetch-Dest":["empty"],"Cookie":["REDACTED"],"X-Forwarded-Proto":["https"],"Sec-Ch-Ua-Mobile":["?0"],"Sec-Fetch-Site":["same-origin"],"Priority":["u=1, i"]},"tls":{"resumed":false,"version":772,"cipher_suite":4865,"proto":"h2","server_name":"kitap.rorcun.com","ech":false}},"error":"reading: context canceled"}
{"level":"warn","ts":1788283244.8570998,"logger":"http.handlers.reverse_proxy","msg":"aborting with incomplete response","upstream":"127.0.0.1:8080","duration":0.0103103,"request":{"remote_ip":"31.223.116.89","remote_port":"50077","client_ip":"31.223.116.89","proto":"HTTP/2.0","method":"GET","host":"kitap.rorcun.com","uri":"/mesajlar/1/akis","headers":{"Sec-Fetch-Site":["same-origin"],"Sec-Ch-Ua":["\"Chromium\";v=\"152\", \"Not?A_Brand\";v=\"24\", \"Google Chrome\";v=\"152\""],"Sec-Fetch-Dest":["empty"],"Sec-Ch-Ua-Platform":["\"Windows\""],"Pragma":["no-cache"],"Priority":["u=1, i"],"X-Forwarded-Host":["kitap.rorcun.com"],"Accept-Encoding":["gzip, deflate, br, zstd"],"Cookie":["REDACTED"],"Sec-Fetch-Mode":["cors"],"Accept-Language":["tr-TR,tr;q=0.9,en-US;q=0.8,en;q=0.7"],"Referer":["https://kitap.rorcun.com/mesajlar/1"],"X-Forwarded-Proto":["https"],"Accept":["text/event-stream"],"Cache-Control":["no-cache"],"X-Forwarded-For":["31.223.116.89"],"Via":["2.0 Caddy"],"Sec-Ch-Ua-Mobile":["?0"],"User-Agent":["Mozilla/5.0 (Windows NT 10.0; Win64; x64) AppleWebKit/537.36 (KHTML, like Gecko) Chrome/152.0.0.0 Safari/537.36"],"X-Real-Ip":["31.223.116.89"]},"tls":{"resumed":true,"version":772,"cipher_suite":4865,"proto":"h2","server_name":"kitap.rorcun.com","ech":false}},"error":"reading: context canceled"}
{"level":"warn","ts":1788283252.1161873,"logger":"http.handlers.reverse_proxy","msg":"aborting with incomplete response","upstream":"127.0.0.1:8080","duration":0.0092142,"request":{"remote_ip":"31.223.116.89","remote_port":"58442","client_ip":"31.223.116.89","proto":"HTTP/2.0","method":"GET","host":"kitap.rorcun.com","uri":"/mesajlar/1/akis","headers":{"Sec-Fetch-Site":["same-origin"],"Via":["2.0 Caddy"],"Cookie":["REDACTED"],"Accept-Language":["tr,en-US;q=0.9,en;q=0.8,id;q=0.7,th;q=0.6,ru;q=0.5,da;q=0.4"],"Priority":["u=1, i"],"X-Forwarded-Proto":["https"],"Sec-Fetch-Mode":["cors"],"Accept":["text/event-stream"],"Accept-Encoding":["gzip, deflate, br, zstd"],"Cache-Control":["no-cache"],"X-Forwarded-Host":["kitap.rorcun.com"],"X-Real-Ip":["31.223.116.89"],"Referer":["https://kitap.rorcun.com/mesajlar/1"],"Sec-Ch-Ua-Mobile":["?0"],"Sec-Ch-Ua-Platform":["\"Windows\""],"User-Agent":["Mozilla/5.0 (Windows NT 10.0; Win64; x64) AppleWebKit/537.36 (KHTML, like Gecko) Chrome/151.0.0.0 Safari/537.36 OPR/135.0.0.0"],"Sec-Ch-Ua":["\"Not=A?Brand\";v=\"99\", \"Opera\";v=\"135\", \"Chromium\";v=\"151\""],"Pragma":["no-cache"],"X-Forwarded-For":["31.223.116.89"],"Sec-Fetch-Dest":["empty"]},"tls":{"resumed":false,"version":772,"cipher_suite":4865,"proto":"h2","server_name":"kitap.rorcun.com","ech":false}},"error":"reading: context canceled"}
{"level":"warn","ts":1788285027.3054433,"logger":"http.handlers.reverse_proxy","msg":"aborting with incomplete response","upstream":"127.0.0.1:8080","duration":0.0136109,"request":{"remote_ip":"31.223.116.89","remote_port":"62731","client_ip":"31.223.116.89","proto":"HTTP/2.0","method":"GET","host":"kitap.rorcun.com","uri":"/bildirimler/akis","headers":{"X-Forwarded-Proto":["https"],"Cookie":["REDACTED"],"Sec-Fetch-Site":["same-origin"],"Sec-Fetch-Dest":["empty"],"User-Agent":["Mozilla/5.0 (Windows NT 10.0; Win64; x64) AppleWebKit/537.36 (KHTML, like Gecko) Chrome/152.0.0.0 Safari/537.36"],"X-Forwarded-Host":["kitap.rorcun.com"],"Sec-Fetch-Mode":["cors"],"X-Real-Ip":["31.223.116.89"],"X-Forwarded-For":["31.223.116.89"],"Cache-Control":["no-cache"],"Sec-Ch-Ua-Platform":["\"Windows\""],"Accept-Encoding":["gzip, deflate, br, zstd"],"Accept-Language":["tr-TR,tr;q=0.9,en-US;q=0.8,en;q=0.7"],"Priority":["u=1, i"],"Accept":["text/event-stream"],"Sec-Ch-Ua-Mobile":["?0"],"Via":["2.0 Caddy"],"Referer":["https://kitap.rorcun.com/panom"],"Pragma":["no-cache"],"Sec-Ch-Ua":["\"Chromium\";v=\"152\", \"Not?A_Brand\";v=\"24\", \"Google Chrome\";v=\"152\""]},"tls":{"resumed":true,"version":772,"cipher_suite":4865,"proto":"h2","server_name":"kitap.rorcun.com","ech":false}},"error":"reading: context canceled"}
{"level":"warn","ts":1788285029.296705,"logger":"http.handlers.reverse_proxy","msg":"aborting with incomplete response","upstream":"127.0.0.1:8080","duration":0.01446,"request":{"remote_ip":"31.223.116.89","remote_port":"62731","client_ip":"31.223.116.89","proto":"HTTP/2.0","method":"GET","host":"kitap.rorcun.com","uri":"/bildirimler/akis","headers":{"X-Real-Ip":["31.223.116.89"],"Sec-Ch-Ua-Mobile":["?0"],"Sec-Fetch-Site":["same-origin"],"Referer":["https://kitap.rorcun.com/aldiklarim"],"Accept":["text/event-stream"],"X-Forwarded-Host":["kitap.rorcun.com"],"X-Forwarded-For":["31.223.116.89"],"Sec-Ch-Ua-Platform":["\"Windows\""],"Accept-Encoding":["gzip, deflate, br, zstd"],"X-Forwarded-Proto":["https"],"Sec-Ch-Ua":["\"Chromium\";v=\"152\", \"Not?A_Brand\";v=\"24\", \"Google Chrome\";v=\"152\""],"Via":["2.0 Caddy"],"Priority":["u=1, i"],"Accept-Language":["tr-TR,tr;q=0.9,en-US;q=0.8,en;q=0.7"],"Sec-Fetch-Mode":["cors"],"Cache-Control":["no-cache"],"User-Agent":["Mozilla/5.0 (Windows NT 10.0; Win64; x64) AppleWebKit/537.36 (KHTML, like Gecko) Chrome/152.0.0.0 Safari/537.36"],"Cookie":["REDACTED"],"Sec-Fetch-Dest":["empty"],"Pragma":["no-cache"]},"tls":{"resumed":true,"version":772,"cipher_suite":4865,"proto":"h2","server_name":"kitap.rorcun.com","ech":false}},"error":"reading: context canceled"}
{"level":"warn","ts":1788285060.5347319,"logger":"http.handlers.reverse_proxy","msg":"aborting with incomplete response","upstream":"127.0.0.1:8080","duration":0.0139527,"request":{"remote_ip":"31.223.116.89","remote_port":"62731","client_ip":"31.223.116.89","proto":"HTTP/2.0","method":"GET","host":"kitap.rorcun.com","uri":"/bildirimler/akis","headers":{"Sec-Ch-Ua":["\"Chromium\";v=\"152\", \"Not?A_Brand\";v=\"24\", \"Google Chrome\";v=\"152\""],"User-Agent":["Mozilla/5.0 (Windows NT 10.0; Win64; x64) AppleWebKit/537.36 (KHTML, like Gecko) Chrome/152.0.0.0 Safari/537.36"],"Accept-Encoding":["gzip, deflate, br, zstd"],"Priority":["u=1, i"],"Via":["2.0 Caddy"],"X-Real-Ip":["31.223.116.89"],"Sec-Ch-Ua-Mobile":["?0"],"X-Forwarded-Proto":["https"],"Cookie":["REDACTED"],"Accept":["text/event-stream"],"Cache-Control":["no-cache"],"X-Forwarded-Host":["kitap.rorcun.com"],"Sec-Fetch-Site":["same-origin"],"Pragma":["no-cache"],"Referer":["https://kitap.rorcun.com/aldiklarim"],"Accept-Language":["tr-TR,tr;q=0.9,en-US;q=0.8,en;q=0.7"],"Sec-Ch-Ua-Platform":["\"Windows\""],"Sec-Fetch-Mode":["cors"],"X-Forwarded-For":["31.223.116.89"],"Sec-Fetch-Dest":["empty"]},"tls":{"resumed":true,"version":772,"cipher_suite":4865,"proto":"h2","server_name":"kitap.rorcun.com","ech":false}},"error":"reading: context canceled"}
{"level":"warn","ts":1788285061.2078702,"logger":"http.handlers.reverse_proxy","msg":"aborting with incomplete response","upstream":"127.0.0.1:8080","duration":0.0107716,"request":{"remote_ip":"31.223.116.89","remote_port":"62731","client_ip":"31.223.116.89","proto":"HTTP/2.0","method":"GET","host":"kitap.rorcun.com","uri":"/bildirimler/akis","headers":{"Accept-Encoding":["gzip, deflate, br, zstd"],"Sec-Fetch-Dest":["empty"],"Cookie":["REDACTED"],"Priority":["u=1, i"],"Accept":["text/event-stream"],"X-Real-Ip":["31.223.116.89"],"Sec-Ch-Ua":["\"Chromium\";v=\"152\", \"Not?A_Brand\";v=\"24\", \"Google Chrome\";v=\"152\""],"Cache-Control":["no-cache"],"Sec-Ch-Ua-Mobile":["?0"],"User-Agent":["Mozilla/5.0 (Windows NT 10.0; Win64; x64) AppleWebKit/537.36 (KHTML, like Gecko) Chrome/152.0.0.0 Safari/537.36"],"Accept-Language":["tr-TR,tr;q=0.9,en-US;q=0.8,en;q=0.7"],"Via":["2.0 Caddy"],"Pragma":["no-cache"],"X-Forwarded-For":["31.223.116.89"],"Sec-Fetch-Mode":["cors"],"X-Forwarded-Proto":["https"],"Referer":["https://kitap.rorcun.com/mesajlar"],"Sec-Ch-Ua-Platform":["\"Windows\""],"X-Forwarded-Host":["kitap.rorcun.com"],"Sec-Fetch-Site":["same-origin"]},"tls":{"resumed":true,"version":772,"cipher_suite":4865,"proto":"h2","server_name":"kitap.rorcun.com","ech":false}},"error":"reading: context canceled"}
{"level":"warn","ts":1788285063.4997723,"logger":"http.handlers.reverse_proxy","msg":"aborting with incomplete response","upstream":"127.0.0.1:8080","duration":0.012518,"request":{"remote_ip":"31.223.116.89","remote_port":"62731","client_ip":"31.223.116.89","proto":"HTTP/2.0","method":"GET","host":"kitap.rorcun.com","uri":"/bildirimler/akis","headers":{"X-Forwarded-For":["31.223.116.89"],"Accept-Encoding":["gzip, deflate, br, zstd"],"Accept-Language":["tr-TR,tr;q=0.9,en-US;q=0.8,en;q=0.7"],"Sec-Ch-Ua-Mobile":["?0"],"User-Agent":["Mozilla/5.0 (Windows NT 10.0; Win64; x64) AppleWebKit/537.36 (KHTML, like Gecko) Chrome/152.0.0.0 Safari/537.36"],"Pragma":["no-cache"],"Accept":["text/event-stream"],"Priority":["u=1, i"],"Sec-Fetch-Mode":["cors"],"Cookie":["REDACTED"],"Referer":["https://kitap.rorcun.com/takas"],"X-Real-Ip":["31.223.116.89"],"Sec-Ch-Ua":["\"Chromium\";v=\"152\", \"Not?A_Brand\";v=\"24\", \"Google Chrome\";v=\"152\""],"Via":["2.0 Caddy"],"Sec-Fetch-Site":["same-origin"],"Cache-Control":["no-cache"],"X-Forwarded-Proto":["https"],"Sec-Ch-Ua-Platform":["\"Windows\""],"Sec-Fetch-Dest":["empty"],"X-Forwarded-Host":["kitap.rorcun.com"]},"tls":{"resumed":true,"version":772,"cipher_suite":4865,"proto":"h2","server_name":"kitap.rorcun.com","ech":false}},"error":"reading: context canceled"}
{"level":"warn","ts":1788285063.9329093,"logger":"http.handlers.reverse_proxy","msg":"aborting with incomplete response","upstream":"127.0.0.1:8080","duration":0.0123384,"request":{"remote_ip":"31.223.116.89","remote_port":"62731","client_ip":"31.223.116.89","proto":"HTTP/2.0","method":"GET","host":"kitap.rorcun.com","uri":"/bildirimler/akis","headers":{"X-Forwarded-For":["31.223.116.89"],"Sec-Ch-Ua":["\"Chromium\";v=\"152\", \"Not?A_Brand\";v=\"24\", \"Google Chrome\";v=\"152\""],"Priority":["u=1, i"],"Sec-Ch-Ua-Platform":["\"Windows\""],"X-Forwarded-Host":["kitap.rorcun.com"],"Cache-Control":["no-cache"],"Accept-Encoding":["gzip, deflate, br, zstd"],"X-Real-Ip":["31.223.116.89"],"Accept-Language":["tr-TR,tr;q=0.9,en-US;q=0.8,en;q=0.7"],"X-Forwarded-Proto":["https"],"User-Agent":["Mozilla/5.0 (Windows NT 10.0; Win64; x64) AppleWebKit/537.36 (KHTML, like Gecko) Chrome/152.0.0.0 Safari/537.36"],"Referer":["https://kitap.rorcun.com/mesajlar"],"Sec-Ch-Ua-Mobile":["?0"],"Accept":["text/event-stream"],"Sec-Fetch-Site":["same-origin"],"Cookie":["REDACTED"],"Via":["2.0 Caddy"],"Sec-Fetch-Dest":["empty"],"Pragma":["no-cache"],"Sec-Fetch-Mode":["cors"]},"tls":{"resumed":true,"version":772,"cipher_suite":4865,"proto":"h2","server_name":"kitap.rorcun.com","ech":false}},"error":"reading: context canceled"}
{"level":"warn","ts":1788285064.644637,"logger":"http.handlers.reverse_proxy","msg":"aborting with incomplete response","upstream":"127.0.0.1:8080","duration":0.0132174,"request":{"remote_ip":"31.223.116.89","remote_port":"62731","client_ip":"31.223.116.89","proto":"HTTP/2.0","method":"GET","host":"kitap.rorcun.com","uri":"/bildirimler/akis","headers":{"Sec-Fetch-Site":["same-origin"],"Sec-Ch-Ua":["\"Chromium\";v=\"152\", \"Not?A_Brand\";v=\"24\", \"Google Chrome\";v=\"152\""],"Referer":["https://kitap.rorcun.com/panom"],"X-Forwarded-For":["31.223.116.89"],"X-Real-Ip":["31.223.116.89"],"Accept-Encoding":["gzip, deflate, br, zstd"],"Cache-Control":["no-cache"],"Accept":["text/event-stream"],"Pragma":["no-cache"],"Cookie":["REDACTED"],"Sec-Ch-Ua-Mobile":["?0"],"User-Agent":["Mozilla/5.0 (Windows NT 10.0; Win64; x64) AppleWebKit/537.36 (KHTML, like Gecko) Chrome/152.0.0.0 Safari/537.36"],"Accept-Language":["tr-TR,tr;q=0.9,en-US;q=0.8,en;q=0.7"],"Sec-Ch-Ua-Platform":["\"Windows\""],"Priority":["u=1, i"],"X-Forwarded-Proto":["https"],"X-Forwarded-Host":["kitap.rorcun.com"],"Via":["2.0 Caddy"],"Sec-Fetch-Dest":["empty"],"Sec-Fetch-Mode":["cors"]},"tls":{"resumed":true,"version":772,"cipher_suite":4865,"proto":"h2","server_name":"kitap.rorcun.com","ech":false}},"error":"reading: context canceled"}
{"level":"warn","ts":1788285065.1337051,"logger":"http.handlers.reverse_proxy","msg":"aborting with incomplete response","upstream":"127.0.0.1:8080","duration":0.0110287,"request":{"remote_ip":"31.223.116.89","remote_port":"62731","client_ip":"31.223.116.89","proto":"HTTP/2.0","method":"GET","host":"kitap.rorcun.com","uri":"/bildirimler/akis","headers":{"Sec-Fetch-Mode":["cors"],"Via":["2.0 Caddy"],"X-Forwarded-Proto":["https"],"Sec-Fetch-Dest":["empty"],"X-Forwarded-Host":["kitap.rorcun.com"],"Sec-Ch-Ua-Platform":["\"Windows\""],"Cache-Control":["no-cache"],"Accept-Language":["tr-TR,tr;q=0.9,en-US;q=0.8,en;q=0.7"],"Priority":["u=1, i"],"Pragma":["no-cache"],"Accept-Encoding":["gzip, deflate, br, zstd"],"X-Forwarded-For":["31.223.116.89"],"Sec-Ch-Ua-Mobile":["?0"],"Sec-Ch-Ua":["\"Chromium\";v=\"152\", \"Not?A_Brand\";v=\"24\", \"Google Chrome\";v=\"152\""],"Sec-Fetch-Site":["same-origin"],"User-Agent":["Mozilla/5.0 (Windows NT 10.0; Win64; x64) AppleWebKit/537.36 (KHTML, like Gecko) Chrome/152.0.0.0 Safari/537.36"],"Accept":["text/event-stream"],"X-Real-Ip":["31.223.116.89"],"Cookie":["REDACTED"],"Referer":["https://kitap.rorcun.com/mesajlar"]},"tls":{"resumed":true,"version":772,"cipher_suite":4865,"proto":"h2","server_name":"kitap.rorcun.com","ech":false}},"error":"reading: context canceled"}
{"level":"warn","ts":1788285065.4226928,"logger":"http.handlers.reverse_proxy","msg":"aborting with incomplete response","upstream":"127.0.0.1:8080","duration":0.0143177,"request":{"remote_ip":"31.223.116.89","remote_port":"62731","client_ip":"31.223.116.89","proto":"HTTP/2.0","method":"GET","host":"kitap.rorcun.com","uri":"/bildirimler/akis","headers":{"X-Forwarded-Proto":["https"],"Accept-Encoding":["gzip, deflate, br, zstd"],"Cookie":["REDACTED"],"Sec-Ch-Ua-Platform":["\"Windows\""],"Via":["2.0 Caddy"],"Sec-Ch-Ua":["\"Chromium\";v=\"152\", \"Not?A_Brand\";v=\"24\", \"Google Chrome\";v=\"152\""],"Pragma":["no-cache"],"Accept":["text/event-stream"],"Accept-Language":["tr-TR,tr;q=0.9,en-US;q=0.8,en;q=0.7"],"Sec-Fetch-Site":["same-origin"],"X-Forwarded-Host":["kitap.rorcun.com"],"Cache-Control":["no-cache"],"Sec-Fetch-Dest":["empty"],"Sec-Fetch-Mode":["cors"],"Referer":["https://kitap.rorcun.com/aldiklarim"],"Sec-Ch-Ua-Mobile":["?0"],"X-Real-Ip":["31.223.116.89"],"Priority":["u=1, i"],"X-Forwarded-For":["31.223.116.89"],"User-Agent":["Mozilla/5.0 (Windows NT 10.0; Win64; x64) AppleWebKit/537.36 (KHTML, like Gecko) Chrome/152.0.0.0 Safari/537.36"]},"tls":{"resumed":true,"version":772,"cipher_suite":4865,"proto":"h2","server_name":"kitap.rorcun.com","ech":false}},"error":"reading: context canceled"}
{"level":"warn","ts":1788285072.1684308,"logger":"http.handlers.reverse_proxy","msg":"aborting with incomplete response","upstream":"127.0.0.1:8080","duration":0.0096804,"request":{"remote_ip":"31.223.116.89","remote_port":"62731","client_ip":"31.223.116.89","proto":"HTTP/2.0","method":"GET","host":"kitap.rorcun.com","uri":"/bildirimler/akis","headers":{"Accept-Language":["tr-TR,tr;q=0.9,en-US;q=0.8,en;q=0.7"],"Sec-Ch-Ua-Mobile":["?0"],"Referer":["https://kitap.rorcun.com/takas"],"Pragma":["no-cache"],"Sec-Fetch-Site":["same-origin"],"Sec-Ch-Ua-Platform":["\"Windows\""],"Cache-Control":["no-cache"],"Via":["2.0 Caddy"],"Accept-Encoding":["gzip, deflate, br, zstd"],"Accept":["text/event-stream"],"Sec-Fetch-Mode":["cors"],"X-Forwarded-For":["31.223.116.89"],"User-Agent":["Mozilla/5.0 (Windows NT 10.0; Win64; x64) AppleWebKit/537.36 (KHTML, like Gecko) Chrome/152.0.0.0 Safari/537.36"],"Sec-Ch-Ua":["\"Chromium\";v=\"152\", \"Not?A_Brand\";v=\"24\", \"Google Chrome\";v=\"152\""],"Priority":["u=1, i"],"X-Forwarded-Proto":["https"],"X-Forwarded-Host":["kitap.rorcun.com"],"Cookie":["REDACTED"],"Sec-Fetch-Dest":["empty"],"X-Real-Ip":["31.223.116.89"]},"tls":{"resumed":true,"version":772,"cipher_suite":4865,"proto":"h2","server_name":"kitap.rorcun.com","ech":false}},"error":"reading: context canceled"}
{"level":"warn","ts":1788285147.1561422,"logger":"http.handlers.reverse_proxy","msg":"aborting with incomplete response","upstream":"127.0.0.1:8080","duration":0.0186331,"request":{"remote_ip":"31.223.116.89","remote_port":"49239","client_ip":"31.223.116.89","proto":"HTTP/2.0","method":"GET","host":"kitap.rorcun.com","uri":"/bildirimler/akis","headers":{"X-Forwarded-For":["31.223.116.89"],"Pragma":["no-cache"],"Referer":["https://kitap.rorcun.com/panom"],"Sec-Fetch-Dest":["empty"],"Via":["2.0 Caddy"],"Priority":["u=1, i"],"X-Real-Ip":["31.223.116.89"],"User-Agent":["Mozilla/5.0 (Windows NT 10.0; Win64; x64) AppleWebKit/537.36 (KHTML, like Gecko) Chrome/151.0.0.0 Safari/537.36 OPR/135.0.0.0"],"Sec-Ch-Ua-Mobile":["?0"],"X-Forwarded-Proto":["https"],"X-Forwarded-Host":["kitap.rorcun.com"],"Cache-Control":["no-cache"],"Sec-Ch-Ua-Platform":["\"Windows\""],"Sec-Fetch-Site":["same-origin"],"Sec-Fetch-Mode":["cors"],"Sec-Ch-Ua":["\"Not=A?Brand\";v=\"99\", \"Opera\";v=\"135\", \"Chromium\";v=\"151\""],"Accept":["text/event-stream"],"Cookie":["REDACTED"],"Accept-Language":["tr,en-US;q=0.9,en;q=0.8,id;q=0.7,th;q=0.6,ru;q=0.5,da;q=0.4"],"Accept-Encoding":["gzip, deflate, br, zstd"]},"tls":{"resumed":true,"version":772,"cipher_suite":4865,"proto":"h2","server_name":"kitap.rorcun.com","ech":false}},"error":"reading: context canceled"}
{"level":"warn","ts":1788285147.9192665,"logger":"http.handlers.reverse_proxy","msg":"aborting with incomplete response","upstream":"127.0.0.1:8080","duration":0.0141045,"request":{"remote_ip":"31.223.116.89","remote_port":"49239","client_ip":"31.223.116.89","proto":"HTTP/2.0","method":"GET","host":"kitap.rorcun.com","uri":"/bildirimler/akis","headers":{"X-Forwarded-For":["31.223.116.89"],"Sec-Ch-Ua-Platform":["\"Windows\""],"Sec-Fetch-Dest":["empty"],"Sec-Fetch-Site":["same-origin"],"Sec-Ch-Ua":["\"Not=A?Brand\";v=\"99\", \"Opera\";v=\"135\", \"Chromium\";v=\"151\""],"Accept":["text/event-stream"],"Cookie":["REDACTED"],"Accept-Encoding":["gzip, deflate, br, zstd"],"Sec-Ch-Ua-Mobile":["?0"],"Sec-Fetch-Mode":["cors"],"Referer":["https://kitap.rorcun.com/takas"],"User-Agent":["Mozilla/5.0 (Windows NT 10.0; Win64; x64) AppleWebKit/537.36 (KHTML, like Gecko) Chrome/151.0.0.0 Safari/537.36 OPR/135.0.0.0"],"X-Real-Ip":["31.223.116.89"],"X-Forwarded-Proto":["https"],"X-Forwarded-Host":["kitap.rorcun.com"],"Via":["2.0 Caddy"],"Priority":["u=1, i"],"Cache-Control":["no-cache"],"Accept-Language":["tr,en-US;q=0.9,en;q=0.8,id;q=0.7,th;q=0.6,ru;q=0.5,da;q=0.4"],"Pragma":["no-cache"]},"tls":{"resumed":true,"version":772,"cipher_suite":4865,"proto":"h2","server_name":"kitap.rorcun.com","ech":false}},"error":"reading: context canceled"}
{"level":"warn","ts":1788285148.7602212,"logger":"http.handlers.reverse_proxy","msg":"aborting with incomplete response","upstream":"127.0.0.1:8080","duration":0.0120912,"request":{"remote_ip":"31.223.116.89","remote_port":"49239","client_ip":"31.223.116.89","proto":"HTTP/2.0","method":"GET","host":"kitap.rorcun.com","uri":"/bildirimler/akis","headers":{"Priority":["u=1, i"],"X-Forwarded-For":["31.223.116.89"],"Via":["2.0 Caddy"],"User-Agent":["Mozilla/5.0 (Windows NT 10.0; Win64; x64) AppleWebKit/537.36 (KHTML, like Gecko) Chrome/151.0.0.0 Safari/537.36 OPR/135.0.0.0"],"X-Real-Ip":["31.223.116.89"],"Sec-Fetch-Dest":["empty"],"Referer":["https://kitap.rorcun.com/aldiklarim"],"Sec-Fetch-Site":["same-origin"],"Sec-Ch-Ua-Platform":["\"Windows\""],"Accept":["text/event-stream"],"Sec-Ch-Ua":["\"Not=A?Brand\";v=\"99\", \"Opera\";v=\"135\", \"Chromium\";v=\"151\""],"X-Forwarded-Proto":["https"],"Cookie":["REDACTED"],"Sec-Ch-Ua-Mobile":["?0"],"X-Forwarded-Host":["kitap.rorcun.com"],"Pragma":["no-cache"],"Accept-Language":["tr,en-US;q=0.9,en;q=0.8,id;q=0.7,th;q=0.6,ru;q=0.5,da;q=0.4"],"Cache-Control":["no-cache"],"Accept-Encoding":["gzip, deflate, br, zstd"],"Sec-Fetch-Mode":["cors"]},"tls":{"resumed":true,"version":772,"cipher_suite":4865,"proto":"h2","server_name":"kitap.rorcun.com","ech":false}},"error":"reading: context canceled"}
{"level":"warn","ts":1788285165.3717883,"logger":"http.handlers.reverse_proxy","msg":"aborting with incomplete response","upstream":"127.0.0.1:8080","duration":0.0127503,"request":{"remote_ip":"31.223.116.89","remote_port":"49239","client_ip":"31.223.116.89","proto":"HTTP/2.0","method":"GET","host":"kitap.rorcun.com","uri":"/bildirimler/akis","headers":{"Priority":["u=1, i"],"X-Forwarded-For":["31.223.116.89"],"Via":["2.0 Caddy"],"Pragma":["no-cache"],"X-Real-Ip":["31.223.116.89"],"Accept":["text/event-stream"],"Sec-Fetch-Site":["same-origin"],"Sec-Fetch-Dest":["empty"],"Referer":["https://kitap.rorcun.com/bagislarim"],"User-Agent":["Mozilla/5.0 (Windows NT 10.0; Win64; x64) AppleWebKit/537.36 (KHTML, like Gecko) Chrome/151.0.0.0 Safari/537.36 OPR/135.0.0.0"],"Cache-Control":["no-cache"],"Sec-Fetch-Mode":["cors"],"Accept-Encoding":["gzip, deflate, br, zstd"],"Cookie":["REDACTED"],"Sec-Ch-Ua-Platform":["\"Windows\""],"Accept-Language":["tr,en-US;q=0.9,en;q=0.8,id;q=0.7,th;q=0.6,ru;q=0.5,da;q=0.4"],"X-Forwarded-Proto":["https"],"X-Forwarded-Host":["kitap.rorcun.com"],"Sec-Ch-Ua-Mobile":["?0"],"Sec-Ch-Ua":["\"Not=A?Brand\";v=\"99\", \"Opera\";v=\"135\", \"Chromium\";v=\"151\""]},"tls":{"resumed":true,"version":772,"cipher_suite":4865,"proto":"h2","server_name":"kitap.rorcun.com","ech":false}},"error":"reading: context canceled"}
{"level":"warn","ts":1788285167.1393673,"logger":"http.handlers.reverse_proxy","msg":"aborting with incomplete response","upstream":"127.0.0.1:8080","duration":0.0122554,"request":{"remote_ip":"31.223.116.89","remote_port":"49239","client_ip":"31.223.116.89","proto":"HTTP/2.0","method":"GET","host":"kitap.rorcun.com","uri":"/bildirimler/akis","headers":{"Accept":["text/event-stream"],"X-Forwarded-Proto":["https"],"Sec-Fetch-Dest":["empty"],"User-Agent":["Mozilla/5.0 (Windows NT 10.0; Win64; x64) AppleWebKit/537.36 (KHTML, like Gecko) Chrome/151.0.0.0 Safari/537.36 OPR/135.0.0.0"],"Cookie":["REDACTED"],"X-Real-Ip":["31.223.116.89"],"Sec-Ch-Ua-Platform":["\"Windows\""],"Via":["2.0 Caddy"],"Cache-Control":["no-cache"],"X-Forwarded-Host":["kitap.rorcun.com"],"Priority":["u=1, i"],"Sec-Ch-Ua":["\"Not=A?Brand\";v=\"99\", \"Opera\";v=\"135\", \"Chromium\";v=\"151\""],"Accept-Language":["tr,en-US;q=0.9,en;q=0.8,id;q=0.7,th;q=0.6,ru;q=0.5,da;q=0.4"],"Sec-Fetch-Site":["same-origin"],"Referer":["https://kitap.rorcun.com/bagislarim"],"Sec-Ch-Ua-Mobile":["?0"],"X-Forwarded-For":["31.223.116.89"],"Pragma":["no-cache"],"Sec-Fetch-Mode":["cors"],"Accept-Encoding":["gzip, deflate, br, zstd"]},"tls":{"resumed":true,"version":772,"cipher_suite":4865,"proto":"h2","server_name":"kitap.rorcun.com","ech":false}},"error":"reading: context canceled"}
{"level":"warn","ts":1788285168.672862,"logger":"http.handlers.reverse_proxy","msg":"aborting with incomplete response","upstream":"127.0.0.1:8080","duration":0.0206068,"request":{"remote_ip":"31.223.116.89","remote_port":"49239","client_ip":"31.223.116.89","proto":"HTTP/2.0","method":"GET","host":"kitap.rorcun.com","uri":"/bildirimler/akis","headers":{"Referer":["https://kitap.rorcun.com/kesfet"],"User-Agent":["Mozilla/5.0 (Windows NT 10.0; Win64; x64) AppleWebKit/537.36 (KHTML, like Gecko) Chrome/151.0.0.0 Safari/537.36 OPR/135.0.0.0"],"Accept-Encoding":["gzip, deflate, br, zstd"],"Cookie":["REDACTED"],"Sec-Ch-Ua-Platform":["\"Windows\""],"Sec-Ch-Ua-Mobile":["?0"],"Pragma":["no-cache"],"X-Real-Ip":["31.223.116.89"],"X-Forwarded-For":["31.223.116.89"],"X-Forwarded-Proto":["https"],"Sec-Fetch-Mode":["cors"],"Priority":["u=1, i"],"Sec-Ch-Ua":["\"Not=A?Brand\";v=\"99\", \"Opera\";v=\"135\", \"Chromium\";v=\"151\""],"Sec-Fetch-Dest":["empty"],"Sec-Fetch-Site":["same-origin"],"Accept-Language":["tr,en-US;q=0.9,en;q=0.8,id;q=0.7,th;q=0.6,ru;q=0.5,da;q=0.4"],"Via":["2.0 Caddy"],"Accept":["text/event-stream"],"Cache-Control":["no-cache"],"X-Forwarded-Host":["kitap.rorcun.com"]},"tls":{"resumed":true,"version":772,"cipher_suite":4865,"proto":"h2","server_name":"kitap.rorcun.com","ech":false}},"error":"reading: context canceled"}
{"level":"warn","ts":1788285169.526083,"logger":"http.handlers.reverse_proxy","msg":"aborting with incomplete response","upstream":"127.0.0.1:8080","duration":0.0120981,"request":{"remote_ip":"31.223.116.89","remote_port":"49239","client_ip":"31.223.116.89","proto":"HTTP/2.0","method":"GET","host":"kitap.rorcun.com","uri":"/bildirimler/akis","headers":{"Cache-Control":["no-cache"],"Referer":["https://kitap.rorcun.com/aldiklarim"],"Sec-Fetch-Site":["same-origin"],"X-Forwarded-Host":["kitap.rorcun.com"],"Sec-Ch-Ua-Mobile":["?0"],"Accept-Language":["tr,en-US;q=0.9,en;q=0.8,id;q=0.7,th;q=0.6,ru;q=0.5,da;q=0.4"],"Cookie":["REDACTED"],"User-Agent":["Mozilla/5.0 (Windows NT 10.0; Win64; x64) AppleWebKit/537.36 (KHTML, like Gecko) Chrome/151.0.0.0 Safari/537.36 OPR/135.0.0.0"],"Accept-Encoding":["gzip, deflate, br, zstd"],"X-Real-Ip":["31.223.116.89"],"Accept":["text/event-stream"],"Sec-Fetch-Mode":["cors"],"Pragma":["no-cache"],"Via":["2.0 Caddy"],"Sec-Fetch-Dest":["empty"],"X-Forwarded-Proto":["https"],"Sec-Ch-Ua":["\"Not=A?Brand\";v=\"99\", \"Opera\";v=\"135\", \"Chromium\";v=\"151\""],"Sec-Ch-Ua-Platform":["\"Windows\""],"X-Forwarded-For":["31.223.116.89"],"Priority":["u=1, i"]},"tls":{"resumed":true,"version":772,"cipher_suite":4865,"proto":"h2","server_name":"kitap.rorcun.com","ech":false}},"error":"reading: context canceled"}
{"level":"warn","ts":1788285171.4782782,"logger":"http.handlers.reverse_proxy","msg":"aborting with incomplete response","upstream":"127.0.0.1:8080","duration":0.0124247,"request":{"remote_ip":"31.223.116.89","remote_port":"49239","client_ip":"31.223.116.89","proto":"HTTP/2.0","method":"GET","host":"kitap.rorcun.com","uri":"/bildirimler/akis","headers":{"X-Forwarded-Proto":["https"],"Accept":["text/event-stream"],"Sec-Ch-Ua-Platform":["\"Windows\""],"Cookie":["REDACTED"],"Referer":["https://kitap.rorcun.com/bagislarim"],"Sec-Fetch-Site":["same-origin"],"X-Forwarded-Host":["kitap.rorcun.com"],"Sec-Fetch-Mode":["cors"],"Accept-Language":["tr,en-US;q=0.9,en;q=0.8,id;q=0.7,th;q=0.6,ru;q=0.5,da;q=0.4"],"Priority":["u=1, i"],"Via":["2.0 Caddy"],"Pragma":["no-cache"],"Sec-Ch-Ua":["\"Not=A?Brand\";v=\"99\", \"Opera\";v=\"135\", \"Chromium\";v=\"151\""],"User-Agent":["Mozilla/5.0 (Windows NT 10.0; Win64; x64) AppleWebKit/537.36 (KHTML, like Gecko) Chrome/151.0.0.0 Safari/537.36 OPR/135.0.0.0"],"X-Real-Ip":["31.223.116.89"],"Sec-Fetch-Dest":["empty"],"X-Forwarded-For":["31.223.116.89"],"Cache-Control":["no-cache"],"Sec-Ch-Ua-Mobile":["?0"],"Accept-Encoding":["gzip, deflate, br, zstd"]},"tls":{"resumed":true,"version":772,"cipher_suite":4865,"proto":"h2","server_name":"kitap.rorcun.com","ech":false}},"error":"reading: context canceled"}
{"level":"warn","ts":1788285177.8747506,"logger":"http.handlers.reverse_proxy","msg":"aborting with incomplete response","upstream":"127.0.0.1:8080","duration":0.0108443,"request":{"remote_ip":"31.223.116.89","remote_port":"49239","client_ip":"31.223.116.89","proto":"HTTP/2.0","method":"GET","host":"kitap.rorcun.com","uri":"/bildirimler/akis","headers":{"Sec-Ch-Ua":["\"Not=A?Brand\";v=\"99\", \"Opera\";v=\"135\", \"Chromium\";v=\"151\""],"Sec-Fetch-Mode":["cors"],"Cookie":["REDACTED"],"X-Forwarded-Proto":["https"],"Sec-Fetch-Dest":["empty"],"Sec-Ch-Ua-Platform":["\"Windows\""],"X-Forwarded-For":["31.223.116.89"],"X-Forwarded-Host":["kitap.rorcun.com"],"Priority":["u=1, i"],"X-Real-Ip":["31.223.116.89"],"Sec-Ch-Ua-Mobile":["?0"],"Accept":["text/event-stream"],"Accept-Language":["tr,en-US;q=0.9,en;q=0.8,id;q=0.7,th;q=0.6,ru;q=0.5,da;q=0.4"],"Via":["2.0 Caddy"],"Accept-Encoding":["gzip, deflate, br, zstd"],"Pragma":["no-cache"],"Sec-Fetch-Site":["same-origin"],"User-Agent":["Mozilla/5.0 (Windows NT 10.0; Win64; x64) AppleWebKit/537.36 (KHTML, like Gecko) Chrome/151.0.0.0 Safari/537.36 OPR/135.0.0.0"],"Cache-Control":["no-cache"],"Referer":["https://kitap.rorcun.com/mesajlar/1"]},"tls":{"resumed":true,"version":772,"cipher_suite":4865,"proto":"h2","server_name":"kitap.rorcun.com","ech":false}},"error":"reading: context canceled"}
{"level":"warn","ts":1788285177.8747506,"logger":"http.handlers.reverse_proxy","msg":"aborting with incomplete response","upstream":"127.0.0.1:8080","duration":0.013628,"request":{"remote_ip":"31.223.116.89","remote_port":"49239","client_ip":"31.223.116.89","proto":"HTTP/2.0","method":"GET","host":"kitap.rorcun.com","uri":"/mesajlar/1/akis","headers":{"Accept-Language":["tr,en-US;q=0.9,en;q=0.8,id;q=0.7,th;q=0.6,ru;q=0.5,da;q=0.4"],"Referer":["https://kitap.rorcun.com/mesajlar/1"],"Sec-Fetch-Dest":["empty"],"Accept":["text/event-stream"],"Sec-Fetch-Mode":["cors"],"X-Forwarded-For":["31.223.116.89"],"X-Forwarded-Proto":["https"],"Sec-Ch-Ua-Platform":["\"Windows\""],"X-Real-Ip":["31.223.116.89"],"Sec-Ch-Ua-Mobile":["?0"],"Accept-Encoding":["gzip, deflate, br, zstd"],"Cookie":["REDACTED"],"Via":["2.0 Caddy"],"Pragma":["no-cache"],"X-Forwarded-Host":["kitap.rorcun.com"],"User-Agent":["Mozilla/5.0 (Windows NT 10.0; Win64; x64) AppleWebKit/537.36 (KHTML, like Gecko) Chrome/151.0.0.0 Safari/537.36 OPR/135.0.0.0"],"Cache-Control":["no-cache"],"Sec-Ch-Ua":["\"Not=A?Brand\";v=\"99\", \"Opera\";v=\"135\", \"Chromium\";v=\"151\""],"Priority":["u=1, i"],"Sec-Fetch-Site":["same-origin"]},"tls":{"resumed":true,"version":772,"cipher_suite":4865,"proto":"h2","server_name":"kitap.rorcun.com","ech":false}},"error":"reading: context canceled"}
{"level":"warn","ts":1788285179.4086835,"logger":"http.handlers.reverse_proxy","msg":"aborting with incomplete response","upstream":"127.0.0.1:8080","duration":0.0128132,"request":{"remote_ip":"31.223.116.89","remote_port":"49239","client_ip":"31.223.116.89","proto":"HTTP/2.0","method":"GET","host":"kitap.rorcun.com","uri":"/bildirimler/akis","headers":{"Priority":["u=1, i"],"X-Forwarded-For":["31.223.116.89"],"Sec-Fetch-Dest":["empty"],"Accept-Language":["tr,en-US;q=0.9,en;q=0.8,id;q=0.7,th;q=0.6,ru;q=0.5,da;q=0.4"],"Cookie":["REDACTED"],"X-Real-Ip":["31.223.116.89"],"Sec-Ch-Ua":["\"Not=A?Brand\";v=\"99\", \"Opera\";v=\"135\", \"Chromium\";v=\"151\""],"Sec-Ch-Ua-Mobile":["?0"],"Accept":["text/event-stream"],"Via":["2.0 Caddy"],"Cache-Control":["no-cache"],"Sec-Fetch-Site":["same-origin"],"User-Agent":["Mozilla/5.0 (Windows NT 10.0; Win64; x64) AppleWebKit/537.36 (KHTML, like Gecko) Chrome/151.0.0.0 Safari/537.36 OPR/135.0.0.0"],"X-Forwarded-Host":["kitap.rorcun.com"],"X-Forwarded-Proto":["https"],"Sec-Fetch-Mode":["cors"],"Sec-Ch-Ua-Platform":["\"Windows\""],"Accept-Encoding":["gzip, deflate, br, zstd"],"Referer":["https://kitap.rorcun.com/mesajlar/1"],"Pragma":["no-cache"]},"tls":{"resumed":true,"version":772,"cipher_suite":4865,"proto":"h2","server_name":"kitap.rorcun.com","ech":false}},"error":"reading: context canceled"}
{"level":"warn","ts":1788285179.4086835,"logger":"http.handlers.reverse_proxy","msg":"aborting with incomplete response","upstream":"127.0.0.1:8080","duration":0.0121172,"request":{"remote_ip":"31.223.116.89","remote_port":"49239","client_ip":"31.223.116.89","proto":"HTTP/2.0","method":"GET","host":"kitap.rorcun.com","uri":"/mesajlar/1/akis","headers":{"Referer":["https://kitap.rorcun.com/mesajlar/1"],"Sec-Fetch-Mode":["cors"],"X-Forwarded-For":["31.223.116.89"],"Accept-Encoding":["gzip, deflate, br, zstd"],"User-Agent":["Mozilla/5.0 (Windows NT 10.0; Win64; x64) AppleWebKit/537.36 (KHTML, like Gecko) Chrome/151.0.0.0 Safari/537.36 OPR/135.0.0.0"],"Sec-Ch-Ua-Mobile":["?0"],"X-Forwarded-Proto":["https"],"Sec-Fetch-Dest":["empty"],"X-Forwarded-Host":["kitap.rorcun.com"],"Via":["2.0 Caddy"],"Pragma":["no-cache"],"Accept-Language":["tr,en-US;q=0.9,en;q=0.8,id;q=0.7,th;q=0.6,ru;q=0.5,da;q=0.4"],"Sec-Ch-Ua-Platform":["\"Windows\""],"Sec-Ch-Ua":["\"Not=A?Brand\";v=\"99\", \"Opera\";v=\"135\", \"Chromium\";v=\"151\""],"Cookie":["REDACTED"],"Accept":["text/event-stream"],"Cache-Control":["no-cache"],"Priority":["u=1, i"],"Sec-Fetch-Site":["same-origin"],"X-Real-Ip":["31.223.116.89"]},"tls":{"resumed":true,"version":772,"cipher_suite":4865,"proto":"h2","server_name":"kitap.rorcun.com","ech":false}},"error":"reading: context canceled"}
{"level":"warn","ts":1788285180.6123261,"logger":"http.handlers.reverse_proxy","msg":"aborting with incomplete response","upstream":"127.0.0.1:8080","duration":0.0183348,"request":{"remote_ip":"31.223.116.89","remote_port":"49239","client_ip":"31.223.116.89","proto":"HTTP/2.0","method":"GET","host":"kitap.rorcun.com","uri":"/mesajlar/1/akis","headers":{"Accept-Language":["tr,en-US;q=0.9,en;q=0.8,id;q=0.7,th;q=0.6,ru;q=0.5,da;q=0.4"],"User-Agent":["Mozilla/5.0 (Windows NT 10.0; Win64; x64) AppleWebKit/537.36 (KHTML, like Gecko) Chrome/151.0.0.0 Safari/537.36 OPR/135.0.0.0"],"Cache-Control":["no-cache"],"Sec-Fetch-Mode":["cors"],"Via":["2.0 Caddy"],"Sec-Ch-Ua":["\"Not=A?Brand\";v=\"99\", \"Opera\";v=\"135\", \"Chromium\";v=\"151\""],"Accept":["text/event-stream"],"Sec-Ch-Ua-Platform":["\"Windows\""],"Cookie":["REDACTED"],"X-Forwarded-Proto":["https"],"Accept-Encoding":["gzip, deflate, br, zstd"],"X-Real-Ip":["31.223.116.89"],"Sec-Ch-Ua-Mobile":["?0"],"Referer":["https://kitap.rorcun.com/mesajlar/1"],"Pragma":["no-cache"],"X-Forwarded-Host":["kitap.rorcun.com"],"Priority":["u=1, i"],"X-Forwarded-For":["31.223.116.89"],"Sec-Fetch-Dest":["empty"],"Sec-Fetch-Site":["same-origin"]},"tls":{"resumed":true,"version":772,"cipher_suite":4865,"proto":"h2","server_name":"kitap.rorcun.com","ech":false}},"error":"reading: context canceled"}
{"level":"warn","ts":1788285180.6123261,"logger":"http.handlers.reverse_proxy","msg":"aborting with incomplete response","upstream":"127.0.0.1:8080","duration":0.0151717,"request":{"remote_ip":"31.223.116.89","remote_port":"49239","client_ip":"31.223.116.89","proto":"HTTP/2.0","method":"GET","host":"kitap.rorcun.com","uri":"/bildirimler/akis","headers":{"Via":["2.0 Caddy"],"Accept-Language":["tr,en-US;q=0.9,en;q=0.8,id;q=0.7,th;q=0.6,ru;q=0.5,da;q=0.4"],"Cache-Control":["no-cache"],"Accept-Encoding":["gzip, deflate, br, zstd"],"User-Agent":["Mozilla/5.0 (Windows NT 10.0; Win64; x64) AppleWebKit/537.36 (KHTML, like Gecko) Chrome/151.0.0.0 Safari/537.36 OPR/135.0.0.0"],"Sec-Ch-Ua-Platform":["\"Windows\""],"Sec-Ch-Ua-Mobile":["?0"],"X-Forwarded-Proto":["https"],"X-Forwarded-For":["31.223.116.89"],"Sec-Fetch-Dest":["empty"],"Referer":["https://kitap.rorcun.com/mesajlar/1"],"Accept":["text/event-stream"],"Pragma":["no-cache"],"X-Forwarded-Host":["kitap.rorcun.com"],"Sec-Fetch-Site":["same-origin"],"Sec-Fetch-Mode":["cors"],"X-Real-Ip":["31.223.116.89"],"Priority":["u=1, i"],"Sec-Ch-Ua":["\"Not=A?Brand\";v=\"99\", \"Opera\";v=\"135\", \"Chromium\";v=\"151\""],"Cookie":["REDACTED"]},"tls":{"resumed":true,"version":772,"cipher_suite":4865,"proto":"h2","server_name":"kitap.rorcun.com","ech":false}},"error":"reading: context canceled"}
{"level":"warn","ts":1788285181.9486864,"logger":"http.handlers.reverse_proxy","msg":"aborting with incomplete response","upstream":"127.0.0.1:8080","duration":0.0125761,"request":{"remote_ip":"31.223.116.89","remote_port":"49239","client_ip":"31.223.116.89","proto":"HTTP/2.0","method":"GET","host":"kitap.rorcun.com","uri":"/mesajlar/1/akis","headers":{"Accept":["text/event-stream"],"Sec-Ch-Ua-Mobile":["?0"],"User-Agent":["Mozilla/5.0 (Windows NT 10.0; Win64; x64) AppleWebKit/537.36 (KHTML, like Gecko) Chrome/151.0.0.0 Safari/537.36 OPR/135.0.0.0"],"Cache-Control":["no-cache"],"X-Forwarded-Proto":["https"],"X-Forwarded-For":["31.223.116.89"],"Referer":["https://kitap.rorcun.com/mesajlar/1"],"Sec-Fetch-Site":["same-origin"],"Accept-Language":["tr,en-US;q=0.9,en;q=0.8,id;q=0.7,th;q=0.6,ru;q=0.5,da;q=0.4"],"Accept-Encoding":["gzip, deflate, br, zstd"],"Via":["2.0 Caddy"],"Sec-Ch-Ua":["\"Not=A?Brand\";v=\"99\", \"Opera\";v=\"135\", \"Chromium\";v=\"151\""],"X-Forwarded-Host":["kitap.rorcun.com"],"Sec-Ch-Ua-Platform":["\"Windows\""],"Priority":["u=1, i"],"Sec-Fetch-Dest":["empty"],"Cookie":["REDACTED"],"X-Real-Ip":["31.223.116.89"],"Sec-Fetch-Mode":["cors"],"Pragma":["no-cache"]},"tls":{"resumed":true,"version":772,"cipher_suite":4865,"proto":"h2","server_name":"kitap.rorcun.com","ech":false}},"error":"reading: context canceled"}
{"level":"warn","ts":1788285181.9486864,"logger":"http.handlers.reverse_proxy","msg":"aborting with incomplete response","upstream":"127.0.0.1:8080","duration":0.0106493,"request":{"remote_ip":"31.223.116.89","remote_port":"49239","client_ip":"31.223.116.89","proto":"HTTP/2.0","method":"GET","host":"kitap.rorcun.com","uri":"/bildirimler/akis","headers":{"Cache-Control":["no-cache"],"Sec-Ch-Ua":["\"Not=A?Brand\";v=\"99\", \"Opera\";v=\"135\", \"Chromium\";v=\"151\""],"Sec-Fetch-Mode":["cors"],"Accept":["text/event-stream"],"Accept-Language":["tr,en-US;q=0.9,en;q=0.8,id;q=0.7,th;q=0.6,ru;q=0.5,da;q=0.4"],"Sec-Ch-Ua-Mobile":["?0"],"Sec-Fetch-Site":["same-origin"],"Sec-Ch-Ua-Platform":["\"Windows\""],"Referer":["https://kitap.rorcun.com/mesajlar/1"],"Sec-Fetch-Dest":["empty"],"Cookie":["REDACTED"],"Priority":["u=1, i"],"Accept-Encoding":["gzip, deflate, br, zstd"],"X-Forwarded-Proto":["https"],"User-Agent":["Mozilla/5.0 (Windows NT 10.0; Win64; x64) AppleWebKit/537.36 (KHTML, like Gecko) Chrome/151.0.0.0 Safari/537.36 OPR/135.0.0.0"],"X-Real-Ip":["31.223.116.89"],"Pragma":["no-cache"],"X-Forwarded-For":["31.223.116.89"],"X-Forwarded-Host":["kitap.rorcun.com"],"Via":["2.0 Caddy"]},"tls":{"resumed":true,"version":772,"cipher_suite":4865,"proto":"h2","server_name":"kitap.rorcun.com","ech":false}},"error":"reading: context canceled"}
{"level":"warn","ts":1788285183.029044,"logger":"http.handlers.reverse_proxy","msg":"aborting with incomplete response","upstream":"127.0.0.1:8080","duration":0.0098483,"request":{"remote_ip":"31.223.116.89","remote_port":"49239","client_ip":"31.223.116.89","proto":"HTTP/2.0","method":"GET","host":"kitap.rorcun.com","uri":"/bildirimler/akis","headers":{"Accept":["text/event-stream"],"X-Forwarded-Proto":["https"],"Sec-Ch-Ua-Platform":["\"Windows\""],"Sec-Fetch-Site":["same-origin"],"Sec-Fetch-Dest":["empty"],"Priority":["u=1, i"],"Accept-Language":["tr,en-US;q=0.9,en;q=0.8,id;q=0.7,th;q=0.6,ru;q=0.5,da;q=0.4"],"Cache-Control":["no-cache"],"X-Real-Ip":["31.223.116.89"],"Accept-Encoding":["gzip, deflate, br, zstd"],"X-Forwarded-For":["31.223.116.89"],"Sec-Ch-Ua":["\"Not=A?Brand\";v=\"99\", \"Opera\";v=\"135\", \"Chromium\";v=\"151\""],"Sec-Fetch-Mode":["cors"],"User-Agent":["Mozilla/5.0 (Windows NT 10.0; Win64; x64) AppleWebKit/537.36 (KHTML, like Gecko) Chrome/151.0.0.0 Safari/537.36 OPR/135.0.0.0"],"Pragma":["no-cache"],"Referer":["https://kitap.rorcun.com/mesajlar/1"],"Cookie":["REDACTED"],"Sec-Ch-Ua-Mobile":["?0"],"Via":["2.0 Caddy"],"X-Forwarded-Host":["kitap.rorcun.com"]},"tls":{"resumed":true,"version":772,"cipher_suite":4865,"proto":"h2","server_name":"kitap.rorcun.com","ech":false}},"error":"reading: context canceled"}
{"level":"warn","ts":1788285183.029044,"logger":"http.handlers.reverse_proxy","msg":"aborting with incomplete response","upstream":"127.0.0.1:8080","duration":0.0101622,"request":{"remote_ip":"31.223.116.89","remote_port":"49239","client_ip":"31.223.116.89","proto":"HTTP/2.0","method":"GET","host":"kitap.rorcun.com","uri":"/mesajlar/1/akis","headers":{"Via":["2.0 Caddy"],"Cookie":["REDACTED"],"X-Forwarded-Proto":["https"],"X-Forwarded-Host":["kitap.rorcun.com"],"Cache-Control":["no-cache"],"Accept-Encoding":["gzip, deflate, br, zstd"],"Sec-Ch-Ua":["\"Not=A?Brand\";v=\"99\", \"Opera\";v=\"135\", \"Chromium\";v=\"151\""],"Priority":["u=1, i"],"Sec-Ch-Ua-Mobile":["?0"],"Sec-Fetch-Site":["same-origin"],"Accept-Language":["tr,en-US;q=0.9,en;q=0.8,id;q=0.7,th;q=0.6,ru;q=0.5,da;q=0.4"],"X-Forwarded-For":["31.223.116.89"],"Sec-Fetch-Mode":["cors"],"Sec-Ch-Ua-Platform":["\"Windows\""],"X-Real-Ip":["31.223.116.89"],"Accept":["text/event-stream"],"Referer":["https://kitap.rorcun.com/mesajlar/1"],"Pragma":["no-cache"],"Sec-Fetch-Dest":["empty"],"User-Agent":["Mozilla/5.0 (Windows NT 10.0; Win64; x64) AppleWebKit/537.36 (KHTML, like Gecko) Chrome/151.0.0.0 Safari/537.36 OPR/135.0.0.0"]},"tls":{"resumed":true,"version":772,"cipher_suite":4865,"proto":"h2","server_name":"kitap.rorcun.com","ech":false}},"error":"reading: context canceled"}
{"level":"warn","ts":1788285262.4901123,"logger":"http.handlers.reverse_proxy","msg":"aborting with incomplete response","upstream":"127.0.0.1:8080","duration":0.0141984,"request":{"remote_ip":"31.223.116.89","remote_port":"49239","client_ip":"31.223.116.89","proto":"HTTP/2.0","method":"GET","host":"kitap.rorcun.com","uri":"/mesajlar/1/akis","headers":{"Sec-Fetch-Mode":["cors"],"Accept-Language":["tr,en-US;q=0.9,en;q=0.8,id;q=0.7,th;q=0.6,ru;q=0.5,da;q=0.4"],"Sec-Fetch-Dest":["empty"],"Cache-Control":["no-cache"],"X-Forwarded-For":["31.223.116.89"],"Cookie":["REDACTED"],"User-Agent":["Mozilla/5.0 (Windows NT 10.0; Win64; x64) AppleWebKit/537.36 (KHTML, like Gecko) Chrome/151.0.0.0 Safari/537.36 OPR/135.0.0.0"],"Accept":["text/event-stream"],"X-Forwarded-Host":["kitap.rorcun.com"],"Priority":["u=1, i"],"Referer":["https://kitap.rorcun.com/mesajlar/1"],"Via":["2.0 Caddy"],"Accept-Encoding":["gzip, deflate, br, zstd"],"Sec-Ch-Ua-Mobile":["?0"],"X-Real-Ip":["31.223.116.89"],"Sec-Fetch-Site":["same-origin"],"Pragma":["no-cache"],"Sec-Ch-Ua":["\"Not=A?Brand\";v=\"99\", \"Opera\";v=\"135\", \"Chromium\";v=\"151\""],"Sec-Ch-Ua-Platform":["\"Windows\""],"X-Forwarded-Proto":["https"]},"tls":{"resumed":true,"version":772,"cipher_suite":4865,"proto":"h2","server_name":"kitap.rorcun.com","ech":false}},"error":"reading: context canceled"}
{"level":"warn","ts":1788285262.4901123,"logger":"http.handlers.reverse_proxy","msg":"aborting with incomplete response","upstream":"127.0.0.1:8080","duration":0.0092888,"request":{"remote_ip":"31.223.116.89","remote_port":"49239","client_ip":"31.223.116.89","proto":"HTTP/2.0","method":"GET","host":"kitap.rorcun.com","uri":"/bildirimler/akis","headers":{"Accept-Encoding":["gzip, deflate, br, zstd"],"Via":["2.0 Caddy"],"X-Forwarded-For":["31.223.116.89"],"Cache-Control":["no-cache"],"Sec-Ch-Ua":["\"Not=A?Brand\";v=\"99\", \"Opera\";v=\"135\", \"Chromium\";v=\"151\""],"Sec-Fetch-Dest":["empty"],"Accept-Language":["tr,en-US;q=0.9,en;q=0.8,id;q=0.7,th;q=0.6,ru;q=0.5,da;q=0.4"],"Priority":["u=1, i"],"Sec-Ch-Ua-Mobile":["?0"],"Sec-Fetch-Mode":["cors"],"X-Real-Ip":["31.223.116.89"],"X-Forwarded-Proto":["https"],"Referer":["https://kitap.rorcun.com/mesajlar/1"],"X-Forwarded-Host":["kitap.rorcun.com"],"Cookie":["REDACTED"],"Sec-Fetch-Site":["same-origin"],"Accept":["text/event-stream"],"Sec-Ch-Ua-Platform":["\"Windows\""],"User-Agent":["Mozilla/5.0 (Windows NT 10.0; Win64; x64) AppleWebKit/537.36 (KHTML, like Gecko) Chrome/151.0.0.0 Safari/537.36 OPR/135.0.0.0"],"Pragma":["no-cache"]},"tls":{"resumed":true,"version":772,"cipher_suite":4865,"proto":"h2","server_name":"kitap.rorcun.com","ech":false}},"error":"reading: context canceled"}
{"level":"warn","ts":1788285263.9086516,"logger":"http.handlers.reverse_proxy","msg":"aborting with incomplete response","upstream":"127.0.0.1:8080","duration":0.0110225,"request":{"remote_ip":"31.223.116.89","remote_port":"49239","client_ip":"31.223.116.89","proto":"HTTP/2.0","method":"GET","host":"kitap.rorcun.com","uri":"/bildirimler/akis","headers":{"Referer":["https://kitap.rorcun.com/istekler"],"Sec-Fetch-Dest":["empty"],"Sec-Fetch-Mode":["cors"],"Pragma":["no-cache"],"Priority":["u=1, i"],"X-Forwarded-Host":["kitap.rorcun.com"],"X-Real-Ip":["31.223.116.89"],"Sec-Ch-Ua-Platform":["\"Windows\""],"User-Agent":["Mozilla/5.0 (Windows NT 10.0; Win64; x64) AppleWebKit/537.36 (KHTML, like Gecko) Chrome/151.0.0.0 Safari/537.36 OPR/135.0.0.0"],"Sec-Ch-Ua-Mobile":["?0"],"Cache-Control":["no-cache"],"Accept":["text/event-stream"],"Sec-Fetch-Site":["same-origin"],"Via":["2.0 Caddy"],"Sec-Ch-Ua":["\"Not=A?Brand\";v=\"99\", \"Opera\";v=\"135\", \"Chromium\";v=\"151\""],"Cookie":["REDACTED"],"Accept-Language":["tr,en-US;q=0.9,en;q=0.8,id;q=0.7,th;q=0.6,ru;q=0.5,da;q=0.4"],"Accept-Encoding":["gzip, deflate, br, zstd"],"X-Forwarded-For":["31.223.116.89"],"X-Forwarded-Proto":["https"]},"tls":{"resumed":true,"version":772,"cipher_suite":4865,"proto":"h2","server_name":"kitap.rorcun.com","ech":false}},"error":"reading: context canceled"}
{"level":"warn","ts":1788285341.8065302,"logger":"http.handlers.reverse_proxy","msg":"aborting with incomplete response","upstream":"127.0.0.1:8080","duration":0.0126641,"request":{"remote_ip":"31.223.116.89","remote_port":"62731","client_ip":"31.223.116.89","proto":"HTTP/2.0","method":"GET","host":"kitap.rorcun.com","uri":"/bildirimler/akis","headers":{"Sec-Ch-Ua-Platform":["\"Windows\""],"Cache-Control":["no-cache"],"X-Real-Ip":["31.223.116.89"],"User-Agent":["Mozilla/5.0 (Windows NT 10.0; Win64; x64) AppleWebKit/537.36 (KHTML, like Gecko) Chrome/152.0.0.0 Safari/537.36"],"Sec-Fetch-Mode":["cors"],"Pragma":["no-cache"],"X-Forwarded-For":["31.223.116.89"],"Cookie":["REDACTED"],"Sec-Fetch-Site":["same-origin"],"Sec-Ch-Ua":["\"Chromium\";v=\"152\", \"Not?A_Brand\";v=\"24\", \"Google Chrome\";v=\"152\""],"Via":["2.0 Caddy"],"Sec-Ch-Ua-Mobile":["?0"],"Accept":["text/event-stream"],"Priority":["u=1, i"],"X-Forwarded-Host":["kitap.rorcun.com"],"Sec-Fetch-Dest":["empty"],"Accept-Encoding":["gzip, deflate, br, zstd"],"Referer":["https://kitap.rorcun.com/bildirimler"],"X-Forwarded-Proto":["https"],"Accept-Language":["tr-TR,tr;q=0.9,en-US;q=0.8,en;q=0.7"]},"tls":{"resumed":true,"version":772,"cipher_suite":4865,"proto":"h2","server_name":"kitap.rorcun.com","ech":false}},"error":"reading: context canceled"}
{"level":"warn","ts":1788285343.0841296,"logger":"http.handlers.reverse_proxy","msg":"aborting with incomplete response","upstream":"127.0.0.1:8080","duration":0.0099952,"request":{"remote_ip":"31.223.116.89","remote_port":"62731","client_ip":"31.223.116.89","proto":"HTTP/2.0","method":"GET","host":"kitap.rorcun.com","uri":"/bildirimler/akis","headers":{"User-Agent":["Mozilla/5.0 (Windows NT 10.0; Win64; x64) AppleWebKit/537.36 (KHTML, like Gecko) Chrome/152.0.0.0 Safari/537.36"],"X-Forwarded-For":["31.223.116.89"],"Referer":["https://kitap.rorcun.com/bildirimler"],"Accept-Encoding":["gzip, deflate, br, zstd"],"X-Forwarded-Host":["kitap.rorcun.com"],"Priority":["u=1, i"],"Accept-Language":["tr-TR,tr;q=0.9,en-US;q=0.8,en;q=0.7"],"Accept":["text/event-stream"],"Sec-Ch-Ua-Platform":["\"Windows\""],"Sec-Fetch-Dest":["empty"],"Cookie":["REDACTED"],"Sec-Fetch-Mode":["cors"],"X-Forwarded-Proto":["https"],"Via":["2.0 Caddy"],"Pragma":["no-cache"],"Cache-Control":["no-cache"],"Sec-Ch-Ua":["\"Chromium\";v=\"152\", \"Not?A_Brand\";v=\"24\", \"Google Chrome\";v=\"152\""],"Sec-Ch-Ua-Mobile":["?0"],"Sec-Fetch-Site":["same-origin"],"X-Real-Ip":["31.223.116.89"]},"tls":{"resumed":true,"version":772,"cipher_suite":4865,"proto":"h2","server_name":"kitap.rorcun.com","ech":false}},"error":"reading: context canceled"}
{"level":"warn","ts":1788285343.998329,"logger":"http.handlers.reverse_proxy","msg":"aborting with incomplete response","upstream":"127.0.0.1:8080","duration":0.0099655,"request":{"remote_ip":"31.223.116.89","remote_port":"62731","client_ip":"31.223.116.89","proto":"HTTP/2.0","method":"GET","host":"kitap.rorcun.com","uri":"/bildirimler/akis","headers":{"Accept-Language":["tr-TR,tr;q=0.9,en-US;q=0.8,en;q=0.7"],"Via":["2.0 Caddy"],"Cookie":["REDACTED"],"Referer":["https://kitap.rorcun.com/mesajlar"],"Sec-Fetch-Site":["same-origin"],"Sec-Fetch-Mode":["cors"],"Sec-Ch-Ua-Mobile":["?0"],"X-Forwarded-Host":["kitap.rorcun.com"],"X-Real-Ip":["31.223.116.89"],"Accept-Encoding":["gzip, deflate, br, zstd"],"Cache-Control":["no-cache"],"Sec-Ch-Ua-Platform":["\"Windows\""],"Sec-Ch-Ua":["\"Chromium\";v=\"152\", \"Not?A_Brand\";v=\"24\", \"Google Chrome\";v=\"152\""],"User-Agent":["Mozilla/5.0 (Windows NT 10.0; Win64; x64) AppleWebKit/537.36 (KHTML, like Gecko) Chrome/152.0.0.0 Safari/537.36"],"Pragma":["no-cache"],"Sec-Fetch-Dest":["empty"],"X-Forwarded-Proto":["https"],"Priority":["u=1, i"],"Accept":["text/event-stream"],"X-Forwarded-For":["31.223.116.89"]},"tls":{"resumed":true,"version":772,"cipher_suite":4865,"proto":"h2","server_name":"kitap.rorcun.com","ech":false}},"error":"reading: context canceled"}
{"level":"warn","ts":1788285594.8354886,"logger":"http.handlers.reverse_proxy","msg":"aborting with incomplete response","upstream":"127.0.0.1:8080","duration":0.0100807,"request":{"remote_ip":"31.223.116.89","remote_port":"49239","client_ip":"31.223.116.89","proto":"HTTP/2.0","method":"GET","host":"kitap.rorcun.com","uri":"/bildirimler/akis","headers":{"X-Real-Ip":["31.223.116.89"],"Accept":["text/event-stream"],"Sec-Ch-Ua-Mobile":["?0"],"Sec-Fetch-Site":["same-origin"],"X-Forwarded-For":["31.223.116.89"],"Sec-Fetch-Dest":["empty"],"Referer":["https://kitap.rorcun.com/bagis/yeni"],"Cookie":["REDACTED"],"X-Forwarded-Proto":["https"],"Pragma":["no-cache"],"X-Forwarded-Host":["kitap.rorcun.com"],"Cache-Control":["no-cache"],"User-Agent":["Mozilla/5.0 (Windows NT 10.0; Win64; x64) AppleWebKit/537.36 (KHTML, like Gecko) Chrome/151.0.0.0 Safari/537.36 OPR/135.0.0.0"],"Via":["2.0 Caddy"],"Sec-Ch-Ua":["\"Not=A?Brand\";v=\"99\", \"Opera\";v=\"135\", \"Chromium\";v=\"151\""],"Accept-Encoding":["gzip, deflate, br, zstd"],"Sec-Fetch-Mode":["cors"],"Sec-Ch-Ua-Platform":["\"Windows\""],"Accept-Language":["tr,en-US;q=0.9,en;q=0.8,id;q=0.7,th;q=0.6,ru;q=0.5,da;q=0.4"],"Priority":["u=1, i"]},"tls":{"resumed":true,"version":772,"cipher_suite":4865,"proto":"h2","server_name":"kitap.rorcun.com","ech":false}},"error":"reading: context canceled"}
{"level":"warn","ts":1788285598.3371215,"logger":"http.handlers.reverse_proxy","msg":"aborting with incomplete response","upstream":"127.0.0.1:8080","duration":0.0079602,"request":{"remote_ip":"31.223.116.89","remote_port":"49239","client_ip":"31.223.116.89","proto":"HTTP/2.0","method":"GET","host":"kitap.rorcun.com","uri":"/bildirimler/akis","headers":{"Cache-Control":["no-cache"],"Sec-Fetch-Site":["same-origin"],"Accept-Encoding":["gzip, deflate, br, zstd"],"X-Forwarded-Proto":["https"],"Pragma":["no-cache"],"Priority":["u=1, i"],"Accept-Language":["tr,en-US;q=0.9,en;q=0.8,id;q=0.7,th;q=0.6,ru;q=0.5,da;q=0.4"],"User-Agent":["Mozilla/5.0 (Windows NT 10.0; Win64; x64) AppleWebKit/537.36 (KHTML, like Gecko) Chrome/151.0.0.0 Safari/537.36 OPR/135.0.0.0"],"X-Forwarded-For":["31.223.116.89"],"Sec-Fetch-Dest":["empty"],"Accept":["text/event-stream"],"Sec-Ch-Ua-Mobile":["?0"],"Sec-Fetch-Mode":["cors"],"Referer":["https://kitap.rorcun.com/kesfet"],"Via":["2.0 Caddy"],"Sec-Ch-Ua":["\"Not=A?Brand\";v=\"99\", \"Opera\";v=\"135\", \"Chromium\";v=\"151\""],"Cookie":["REDACTED"],"X-Forwarded-Host":["kitap.rorcun.com"],"Sec-Ch-Ua-Platform":["\"Windows\""],"X-Real-Ip":["31.223.116.89"]},"tls":{"resumed":true,"version":772,"cipher_suite":4865,"proto":"h2","server_name":"kitap.rorcun.com","ech":false}},"error":"reading: context canceled"}
{"level":"warn","ts":1788285599.2300096,"logger":"http.handlers.reverse_proxy","msg":"aborting with incomplete response","upstream":"127.0.0.1:8080","duration":0.0099428,"request":{"remote_ip":"31.223.116.89","remote_port":"49239","client_ip":"31.223.116.89","proto":"HTTP/2.0","method":"GET","host":"kitap.rorcun.com","uri":"/bildirimler/akis","headers":{"Sec-Fetch-Mode":["cors"],"Accept":["text/event-stream"],"X-Forwarded-Proto":["https"],"Via":["2.0 Caddy"],"Sec-Fetch-Dest":["empty"],"X-Forwarded-Host":["kitap.rorcun.com"],"Sec-Fetch-Site":["same-origin"],"Priority":["u=1, i"],"Sec-Ch-Ua-Platform":["\"Windows\""],"Accept-Language":["tr,en-US;q=0.9,en;q=0.8,id;q=0.7,th;q=0.6,ru;q=0.5,da;q=0.4"],"Accept-Encoding":["gzip, deflate, br, zstd"],"Cache-Control":["no-cache"],"X-Forwarded-For":["31.223.116.89"],"Cookie":["REDACTED"],"Referer":["https://kitap.rorcun.com/bagislarim"],"Sec-Ch-Ua-Mobile":["?0"],"Sec-Ch-Ua":["\"Not=A?Brand\";v=\"99\", \"Opera\";v=\"135\", \"Chromium\";v=\"151\""],"User-Agent":["Mozilla/5.0 (Windows NT 10.0; Win64; x64) AppleWebKit/537.36 (KHTML, like Gecko) Chrome/151.0.0.0 Safari/537.36 OPR/135.0.0.0"],"Pragma":["no-cache"],"X-Real-Ip":["31.223.116.89"]},"tls":{"resumed":true,"version":772,"cipher_suite":4865,"proto":"h2","server_name":"kitap.rorcun.com","ech":false}},"error":"reading: context canceled"}
{"level":"warn","ts":1788285599.876363,"logger":"http.handlers.reverse_proxy","msg":"aborting with incomplete response","upstream":"127.0.0.1:8080","duration":0.0097405,"request":{"remote_ip":"31.223.116.89","remote_port":"49239","client_ip":"31.223.116.89","proto":"HTTP/2.0","method":"GET","host":"kitap.rorcun.com","uri":"/bildirimler/akis","headers":{"X-Real-Ip":["31.223.116.89"],"Accept-Language":["tr,en-US;q=0.9,en;q=0.8,id;q=0.7,th;q=0.6,ru;q=0.5,da;q=0.4"],"Sec-Fetch-Site":["same-origin"],"Sec-Fetch-Mode":["cors"],"Referer":["https://kitap.rorcun.com/aldiklarim"],"Cache-Control":["no-cache"],"Via":["2.0 Caddy"],"Priority":["u=1, i"],"Sec-Ch-Ua-Mobile":["?0"],"Sec-Fetch-Dest":["empty"],"X-Forwarded-Proto":["https"],"Accept-Encoding":["gzip, deflate, br, zstd"],"Pragma":["no-cache"],"Sec-Ch-Ua":["\"Not=A?Brand\";v=\"99\", \"Opera\";v=\"135\", \"Chromium\";v=\"151\""],"Cookie":["REDACTED"],"Accept":["text/event-stream"],"X-Forwarded-For":["31.223.116.89"],"X-Forwarded-Host":["kitap.rorcun.com"],"Sec-Ch-Ua-Platform":["\"Windows\""],"User-Agent":["Mozilla/5.0 (Windows NT 10.0; Win64; x64) AppleWebKit/537.36 (KHTML, like Gecko) Chrome/151.0.0.0 Safari/537.36 OPR/135.0.0.0"]},"tls":{"resumed":true,"version":772,"cipher_suite":4865,"proto":"h2","server_name":"kitap.rorcun.com","ech":false}},"error":"reading: context canceled"}
{"level":"warn","ts":1788285600.5637343,"logger":"http.handlers.reverse_proxy","msg":"aborting with incomplete response","upstream":"127.0.0.1:8080","duration":0.0098094,"request":{"remote_ip":"31.223.116.89","remote_port":"49239","client_ip":"31.223.116.89","proto":"HTTP/2.0","method":"GET","host":"kitap.rorcun.com","uri":"/bildirimler/akis","headers":{"Cookie":["REDACTED"],"Via":["2.0 Caddy"],"Sec-Ch-Ua-Platform":["\"Windows\""],"Sec-Ch-Ua":["\"Not=A?Brand\";v=\"99\", \"Opera\";v=\"135\", \"Chromium\";v=\"151\""],"Sec-Fetch-Mode":["cors"],"X-Forwarded-For":["31.223.116.89"],"Pragma":["no-cache"],"X-Forwarded-Proto":["https"],"Cache-Control":["no-cache"],"X-Real-Ip":["31.223.116.89"],"Referer":["https://kitap.rorcun.com/takas"],"Priority":["u=1, i"],"User-Agent":["Mozilla/5.0 (Windows NT 10.0; Win64; x64) AppleWebKit/537.36 (KHTML, like Gecko) Chrome/151.0.0.0 Safari/537.36 OPR/135.0.0.0"],"X-Forwarded-Host":["kitap.rorcun.com"],"Accept-Language":["tr,en-US;q=0.9,en;q=0.8,id;q=0.7,th;q=0.6,ru;q=0.5,da;q=0.4"],"Accept":["text/event-stream"],"Sec-Fetch-Dest":["empty"],"Sec-Ch-Ua-Mobile":["?0"],"Accept-Encoding":["gzip, deflate, br, zstd"],"Sec-Fetch-Site":["same-origin"]},"tls":{"resumed":true,"version":772,"cipher_suite":4865,"proto":"h2","server_name":"kitap.rorcun.com","ech":false}},"error":"reading: context canceled"}
{"level":"warn","ts":1788285601.604166,"logger":"http.handlers.reverse_proxy","msg":"aborting with incomplete response","upstream":"127.0.0.1:8080","duration":0.0100943,"request":{"remote_ip":"31.223.116.89","remote_port":"49239","client_ip":"31.223.116.89","proto":"HTTP/2.0","method":"GET","host":"kitap.rorcun.com","uri":"/bildirimler/akis","headers":{"Cookie":["REDACTED"],"User-Agent":["Mozilla/5.0 (Windows NT 10.0; Win64; x64) AppleWebKit/537.36 (KHTML, like Gecko) Chrome/151.0.0.0 Safari/537.36 OPR/135.0.0.0"],"Sec-Ch-Ua-Platform":["\"Windows\""],"X-Forwarded-Host":["kitap.rorcun.com"],"X-Real-Ip":["31.223.116.89"],"Sec-Fetch-Dest":["empty"],"Cache-Control":["no-cache"],"Accept":["text/event-stream"],"Priority":["u=1, i"],"Pragma":["no-cache"],"Referer":["https://kitap.rorcun.com/mesajlar"],"X-Forwarded-Proto":["https"],"Accept-Encoding":["gzip, deflate, br, zstd"],"Sec-Ch-Ua":["\"Not=A?Brand\";v=\"99\", \"Opera\";v=\"135\", \"Chromium\";v=\"151\""],"Via":["2.0 Caddy"],"Sec-Ch-Ua-Mobile":["?0"],"Sec-Fetch-Site":["same-origin"],"X-Forwarded-For":["31.223.116.89"],"Sec-Fetch-Mode":["cors"],"Accept-Language":["tr,en-US;q=0.9,en;q=0.8,id;q=0.7,th;q=0.6,ru;q=0.5,da;q=0.4"]},"tls":{"resumed":true,"version":772,"cipher_suite":4865,"proto":"h2","server_name":"kitap.rorcun.com","ech":false}},"error":"reading: context canceled"}
{"level":"warn","ts":1788285602.7711046,"logger":"http.handlers.reverse_proxy","msg":"aborting with incomplete response","upstream":"127.0.0.1:8080","duration":0.0090348,"request":{"remote_ip":"31.223.116.89","remote_port":"49239","client_ip":"31.223.116.89","proto":"HTTP/2.0","method":"GET","host":"kitap.rorcun.com","uri":"/bildirimler/akis","headers":{"Sec-Ch-Ua":["\"Not=A?Brand\";v=\"99\", \"Opera\";v=\"135\", \"Chromium\";v=\"151\""],"Accept":["text/event-stream"],"X-Real-Ip":["31.223.116.89"],"Sec-Ch-Ua-Platform":["\"Windows\""],"Accept-Language":["tr,en-US;q=0.9,en;q=0.8,id;q=0.7,th;q=0.6,ru;q=0.5,da;q=0.4"],"Referer":["https://kitap.rorcun.com/bagislarim"],"Sec-Fetch-Site":["same-origin"],"X-Forwarded-Host":["kitap.rorcun.com"],"Pragma":["no-cache"],"Cookie":["REDACTED"],"User-Agent":["Mozilla/5.0 (Windows NT 10.0; Win64; x64) AppleWebKit/537.36 (KHTML, like Gecko) Chrome/151.0.0.0 Safari/537.36 OPR/135.0.0.0"],"X-Forwarded-Proto":["https"],"Sec-Ch-Ua-Mobile":["?0"],"X-Forwarded-For":["31.223.116.89"],"Accept-Encoding":["gzip, deflate, br, zstd"],"Cache-Control":["no-cache"],"Sec-Fetch-Mode":["cors"],"Priority":["u=1, i"],"Sec-Fetch-Dest":["empty"],"Via":["2.0 Caddy"]},"tls":{"resumed":true,"version":772,"cipher_suite":4865,"proto":"h2","server_name":"kitap.rorcun.com","ech":false}},"error":"reading: context canceled"}
{"level":"warn","ts":1788285604.1765475,"logger":"http.handlers.reverse_proxy","msg":"aborting with incomplete response","upstream":"127.0.0.1:8080","duration":0.0107705,"request":{"remote_ip":"31.223.116.89","remote_port":"49239","client_ip":"31.223.116.89","proto":"HTTP/2.0","method":"GET","host":"kitap.rorcun.com","uri":"/bildirimler/akis","headers":{"Referer":["https://kitap.rorcun.com/istekler"],"Priority":["u=1, i"],"Accept-Encoding":["gzip, deflate, br, zstd"],"X-Forwarded-Host":["kitap.rorcun.com"],"Accept":["text/event-stream"],"Sec-Fetch-Mode":["cors"],"Accept-Language":["tr,en-US;q=0.9,en;q=0.8,id;q=0.7,th;q=0.6,ru;q=0.5,da;q=0.4"],"Sec-Ch-Ua-Platform":["\"Windows\""],"Sec-Fetch-Site":["same-origin"],"X-Forwarded-Proto":["https"],"X-Forwarded-For":["31.223.116.89"],"User-Agent":["Mozilla/5.0 (Windows NT 10.0; Win64; x64) AppleWebKit/537.36 (KHTML, like Gecko) Chrome/151.0.0.0 Safari/537.36 OPR/135.0.0.0"],"X-Real-Ip":["31.223.116.89"],"Pragma":["no-cache"],"Sec-Fetch-Dest":["empty"],"Cache-Control":["no-cache"],"Via":["2.0 Caddy"],"Sec-Ch-Ua-Mobile":["?0"],"Cookie":["REDACTED"],"Sec-Ch-Ua":["\"Not=A?Brand\";v=\"99\", \"Opera\";v=\"135\", \"Chromium\";v=\"151\""]},"tls":{"resumed":true,"version":772,"cipher_suite":4865,"proto":"h2","server_name":"kitap.rorcun.com","ech":false}},"error":"reading: context canceled"}
{"level":"warn","ts":1788285656.329104,"logger":"http.handlers.reverse_proxy","msg":"aborting with incomplete response","upstream":"127.0.0.1:8080","duration":0.0088253,"request":{"remote_ip":"31.223.116.89","remote_port":"49239","client_ip":"31.223.116.89","proto":"HTTP/2.0","method":"GET","host":"kitap.rorcun.com","uri":"/bildirimler/akis","headers":{"Accept":["text/event-stream"],"Priority":["u=1, i"],"Sec-Fetch-Dest":["empty"],"Sec-Fetch-Mode":["cors"],"Accept-Language":["tr,en-US;q=0.9,en;q=0.8,id;q=0.7,th;q=0.6,ru;q=0.5,da;q=0.4"],"X-Forwarded-Proto":["https"],"Via":["2.0 Caddy"],"Sec-Ch-Ua-Mobile":["?0"],"Pragma":["no-cache"],"Sec-Fetch-Site":["same-origin"],"Sec-Ch-Ua":["\"Not=A?Brand\";v=\"99\", \"Opera\";v=\"135\", \"Chromium\";v=\"151\""],"Accept-Encoding":["gzip, deflate, br, zstd"],"X-Forwarded-Host":["kitap.rorcun.com"],"Sec-Ch-Ua-Platform":["\"Windows\""],"X-Real-Ip":["31.223.116.89"],"Referer":["https://kitap.rorcun.com/bagis/yeni"],"X-Forwarded-For":["31.223.116.89"],"Cache-Control":["no-cache"],"User-Agent":["Mozilla/5.0 (Windows NT 10.0; Win64; x64) AppleWebKit/537.36 (KHTML, like Gecko) Chrome/151.0.0.0 Safari/537.36 OPR/135.0.0.0"],"Cookie":["REDACTED"]},"tls":{"resumed":true,"version":772,"cipher_suite":4865,"proto":"h2","server_name":"kitap.rorcun.com","ech":false}},"error":"reading: context canceled"}
{"level":"warn","ts":1788285657.2126176,"logger":"http.handlers.reverse_proxy","msg":"aborting with incomplete response","upstream":"127.0.0.1:8080","duration":0.0103614,"request":{"remote_ip":"31.223.116.89","remote_port":"49239","client_ip":"31.223.116.89","proto":"HTTP/2.0","method":"GET","host":"kitap.rorcun.com","uri":"/bildirimler/akis","headers":{"Cache-Control":["no-cache"],"Accept-Encoding":["gzip, deflate, br, zstd"],"Accept-Language":["tr,en-US;q=0.9,en;q=0.8,id;q=0.7,th;q=0.6,ru;q=0.5,da;q=0.4"],"Pragma":["no-cache"],"Accept":["text/event-stream"],"Sec-Fetch-Mode":["cors"],"Cookie":["REDACTED"],"User-Agent":["Mozilla/5.0 (Windows NT 10.0; Win64; x64) AppleWebKit/537.36 (KHTML, like Gecko) Chrome/151.0.0.0 Safari/537.36 OPR/135.0.0.0"],"Sec-Ch-Ua":["\"Not=A?Brand\";v=\"99\", \"Opera\";v=\"135\", \"Chromium\";v=\"151\""],"Sec-Ch-Ua-Mobile":["?0"],"Sec-Fetch-Site":["same-origin"],"Sec-Fetch-Dest":["empty"],"X-Real-Ip":["31.223.116.89"],"X-Forwarded-Proto":["https"],"Sec-Ch-Ua-Platform":["\"Windows\""],"Via":["2.0 Caddy"],"Referer":["https://kitap.rorcun.com/panom"],"X-Forwarded-For":["31.223.116.89"],"X-Forwarded-Host":["kitap.rorcun.com"],"Priority":["u=1, i"]},"tls":{"resumed":true,"version":772,"cipher_suite":4865,"proto":"h2","server_name":"kitap.rorcun.com","ech":false}},"error":"reading: context canceled"}
{"level":"warn","ts":1788285657.7230635,"logger":"http.handlers.reverse_proxy","msg":"aborting with incomplete response","upstream":"127.0.0.1:8080","duration":0.0104239,"request":{"remote_ip":"31.223.116.89","remote_port":"49239","client_ip":"31.223.116.89","proto":"HTTP/2.0","method":"GET","host":"kitap.rorcun.com","uri":"/bildirimler/akis","headers":{"Sec-Fetch-Mode":["cors"],"Pragma":["no-cache"],"Sec-Ch-Ua-Platform":["\"Windows\""],"X-Forwarded-Host":["kitap.rorcun.com"],"Accept-Encoding":["gzip, deflate, br, zstd"],"Sec-Fetch-Site":["same-origin"],"Sec-Ch-Ua-Mobile":["?0"],"Via":["2.0 Caddy"],"Accept-Language":["tr,en-US;q=0.9,en;q=0.8,id;q=0.7,th;q=0.6,ru;q=0.5,da;q=0.4"],"Referer":["https://kitap.rorcun.com/mesajlar"],"X-Forwarded-Proto":["https"],"Cookie":["REDACTED"],"User-Agent":["Mozilla/5.0 (Windows NT 10.0; Win64; x64) AppleWebKit/537.36 (KHTML, like Gecko) Chrome/151.0.0.0 Safari/537.36 OPR/135.0.0.0"],"X-Real-Ip":["31.223.116.89"],"Sec-Fetch-Dest":["empty"],"Cache-Control":["no-cache"],"Accept":["text/event-stream"],"Sec-Ch-Ua":["\"Not=A?Brand\";v=\"99\", \"Opera\";v=\"135\", \"Chromium\";v=\"151\""],"Priority":["u=1, i"],"X-Forwarded-For":["31.223.116.89"]},"tls":{"resumed":true,"version":772,"cipher_suite":4865,"proto":"h2","server_name":"kitap.rorcun.com","ech":false}},"error":"reading: context canceled"}
{"level":"warn","ts":1788285658.7751608,"logger":"http.handlers.reverse_proxy","msg":"aborting with incomplete response","upstream":"127.0.0.1:8080","duration":0.009215,"request":{"remote_ip":"31.223.116.89","remote_port":"49239","client_ip":"31.223.116.89","proto":"HTTP/2.0","method":"GET","host":"kitap.rorcun.com","uri":"/bildirimler/akis","headers":{"X-Forwarded-For":["31.223.116.89"],"Via":["2.0 Caddy"],"Sec-Ch-Ua-Platform":["\"Windows\""],"Pragma":["no-cache"],"Sec-Fetch-Mode":["cors"],"X-Real-Ip":["31.223.116.89"],"Sec-Ch-Ua":["\"Not=A?Brand\";v=\"99\", \"Opera\";v=\"135\", \"Chromium\";v=\"151\""],"Accept-Encoding":["gzip, deflate, br, zstd"],"Accept":["text/event-stream"],"Referer":["https://kitap.rorcun.com/takas"],"X-Forwarded-Proto":["https"],"User-Agent":["Mozilla/5.0 (Windows NT 10.0; Win64; x64) AppleWebKit/537.36 (KHTML, like Gecko) Chrome/151.0.0.0 Safari/537.36 OPR/135.0.0.0"],"Sec-Fetch-Dest":["empty"],"Cookie":["REDACTED"],"X-Forwarded-Host":["kitap.rorcun.com"],"Sec-Fetch-Site":["same-origin"],"Accept-Language":["tr,en-US;q=0.9,en;q=0.8,id;q=0.7,th;q=0.6,ru;q=0.5,da;q=0.4"],"Priority":["u=1, i"],"Sec-Ch-Ua-Mobile":["?0"],"Cache-Control":["no-cache"]},"tls":{"resumed":true,"version":772,"cipher_suite":4865,"proto":"h2","server_name":"kitap.rorcun.com","ech":false}},"error":"reading: context canceled"}
{"level":"warn","ts":1788285659.3225527,"logger":"http.handlers.reverse_proxy","msg":"aborting with incomplete response","upstream":"127.0.0.1:8080","duration":0.0092314,"request":{"remote_ip":"31.223.116.89","remote_port":"49239","client_ip":"31.223.116.89","proto":"HTTP/2.0","method":"GET","host":"kitap.rorcun.com","uri":"/bildirimler/akis","headers":{"Accept":["text/event-stream"],"Cookie":["REDACTED"],"X-Forwarded-For":["31.223.116.89"],"Cache-Control":["no-cache"],"Accept-Language":["tr,en-US;q=0.9,en;q=0.8,id;q=0.7,th;q=0.6,ru;q=0.5,da;q=0.4"],"Referer":["https://kitap.rorcun.com/aldiklarim"],"Via":["2.0 Caddy"],"X-Forwarded-Host":["kitap.rorcun.com"],"Sec-Ch-Ua":["\"Not=A?Brand\";v=\"99\", \"Opera\";v=\"135\", \"Chromium\";v=\"151\""],"Pragma":["no-cache"],"Sec-Ch-Ua-Platform":["\"Windows\""],"Accept-Encoding":["gzip, deflate, br, zstd"],"Priority":["u=1, i"],"X-Real-Ip":["31.223.116.89"],"Sec-Fetch-Site":["same-origin"],"Sec-Fetch-Dest":["empty"],"Sec-Fetch-Mode":["cors"],"Sec-Ch-Ua-Mobile":["?0"],"User-Agent":["Mozilla/5.0 (Windows NT 10.0; Win64; x64) AppleWebKit/537.36 (KHTML, like Gecko) Chrome/151.0.0.0 Safari/537.36 OPR/135.0.0.0"],"X-Forwarded-Proto":["https"]},"tls":{"resumed":true,"version":772,"cipher_suite":4865,"proto":"h2","server_name":"kitap.rorcun.com","ech":false}},"error":"reading: context canceled"}
{"level":"warn","ts":1788285661.0935214,"logger":"http.handlers.reverse_proxy","msg":"aborting with incomplete response","upstream":"127.0.0.1:8080","duration":0.0085872,"request":{"remote_ip":"31.223.116.89","remote_port":"49239","client_ip":"31.223.116.89","proto":"HTTP/2.0","method":"GET","host":"kitap.rorcun.com","uri":"/bildirimler/akis","headers":{"Cache-Control":["no-cache"],"Cookie":["REDACTED"],"Referer":["https://kitap.rorcun.com/takas"],"Sec-Fetch-Mode":["cors"],"X-Forwarded-Proto":["https"],"User-Agent":["Mozilla/5.0 (Windows NT 10.0; Win64; x64) AppleWebKit/537.36 (KHTML, like Gecko) Chrome/151.0.0.0 Safari/537.36 OPR/135.0.0.0"],"Sec-Ch-Ua":["\"Not=A?Brand\";v=\"99\", \"Opera\";v=\"135\", \"Chromium\";v=\"151\""],"Sec-Fetch-Dest":["empty"],"Sec-Ch-Ua-Platform":["\"Windows\""],"Accept":["text/event-stream"],"Accept-Encoding":["gzip, deflate, br, zstd"],"Pragma":["no-cache"],"Via":["2.0 Caddy"],"Sec-Fetch-Site":["same-origin"],"X-Forwarded-For":["31.223.116.89"],"Sec-Ch-Ua-Mobile":["?0"],"Accept-Language":["tr,en-US;q=0.9,en;q=0.8,id;q=0.7,th;q=0.6,ru;q=0.5,da;q=0.4"],"X-Real-Ip":["31.223.116.89"],"X-Forwarded-Host":["kitap.rorcun.com"],"Priority":["u=1, i"]},"tls":{"resumed":true,"version":772,"cipher_suite":4865,"proto":"h2","server_name":"kitap.rorcun.com","ech":false}},"error":"reading: context canceled"}
{"level":"warn","ts":1788285671.7645707,"logger":"http.handlers.reverse_proxy","msg":"aborting with incomplete response","upstream":"127.0.0.1:8080","duration":0.0096981,"request":{"remote_ip":"31.223.116.89","remote_port":"49239","client_ip":"31.223.116.89","proto":"HTTP/2.0","method":"GET","host":"kitap.rorcun.com","uri":"/bildirimler/akis","headers":{"Pragma":["no-cache"],"X-Forwarded-Proto":["https"],"Sec-Fetch-Site":["same-origin"],"Sec-Ch-Ua-Platform":["\"Windows\""],"Via":["2.0 Caddy"],"Accept-Encoding":["gzip, deflate, br, zstd"],"Priority":["u=1, i"],"Sec-Ch-Ua":["\"Not=A?Brand\";v=\"99\", \"Opera\";v=\"135\", \"Chromium\";v=\"151\""],"Sec-Fetch-Mode":["cors"],"Cookie":["REDACTED"],"User-Agent":["Mozilla/5.0 (Windows NT 10.0; Win64; x64) AppleWebKit/537.36 (KHTML, like Gecko) Chrome/151.0.0.0 Safari/537.36 OPR/135.0.0.0"],"Cache-Control":["no-cache"],"Sec-Ch-Ua-Mobile":["?0"],"Accept-Language":["tr,en-US;q=0.9,en;q=0.8,id;q=0.7,th;q=0.6,ru;q=0.5,da;q=0.4"],"X-Forwarded-For":["31.223.116.89"],"X-Forwarded-Host":["kitap.rorcun.com"],"X-Real-Ip":["31.223.116.89"],"Accept":["text/event-stream"],"Sec-Fetch-Dest":["empty"],"Referer":["https://kitap.rorcun.com/takas/kitaplarim"]},"tls":{"resumed":true,"version":772,"cipher_suite":4865,"proto":"h2","server_name":"kitap.rorcun.com","ech":false}},"error":"reading: context canceled"}
{"level":"warn","ts":1788285673.5997431,"logger":"http.handlers.reverse_proxy","msg":"aborting with incomplete response","upstream":"127.0.0.1:8080","duration":0.0090344,"request":{"remote_ip":"31.223.116.89","remote_port":"49239","client_ip":"31.223.116.89","proto":"HTTP/2.0","method":"GET","host":"kitap.rorcun.com","uri":"/bildirimler/akis","headers":{"Sec-Ch-Ua":["\"Not=A?Brand\";v=\"99\", \"Opera\";v=\"135\", \"Chromium\";v=\"151\""],"Pragma":["no-cache"],"X-Forwarded-Host":["kitap.rorcun.com"],"Via":["2.0 Caddy"],"Cookie":["REDACTED"],"Accept-Encoding":["gzip, deflate, br, zstd"],"Priority":["u=1, i"],"Accept-Language":["tr,en-US;q=0.9,en;q=0.8,id;q=0.7,th;q=0.6,ru;q=0.5,da;q=0.4"],"Sec-Fetch-Site":["same-origin"],"Accept":["text/event-stream"],"Sec-Fetch-Mode":["cors"],"X-Forwarded-Proto":["https"],"Sec-Ch-Ua-Mobile":["?0"],"User-Agent":["Mozilla/5.0 (Windows NT 10.0; Win64; x64) AppleWebKit/537.36 (KHTML, like Gecko) Chrome/151.0.0.0 Safari/537.36 OPR/135.0.0.0"],"Sec-Ch-Ua-Platform":["\"Windows\""],"X-Real-Ip":["31.223.116.89"],"Referer":["https://kitap.rorcun.com/bagislarim"],"X-Forwarded-For":["31.223.116.89"],"Cache-Control":["no-cache"],"Sec-Fetch-Dest":["empty"]},"tls":{"resumed":true,"version":772,"cipher_suite":4865,"proto":"h2","server_name":"kitap.rorcun.com","ech":false}},"error":"reading: context canceled"}
{"level":"warn","ts":1788285760.5850022,"logger":"http.handlers.reverse_proxy","msg":"aborting with incomplete response","upstream":"127.0.0.1:8080","duration":0.0095277,"request":{"remote_ip":"31.223.116.89","remote_port":"49239","client_ip":"31.223.116.89","proto":"HTTP/2.0","method":"GET","host":"kitap.rorcun.com","uri":"/bildirimler/akis","headers":{"Accept-Encoding":["gzip, deflate, br, zstd"],"Cookie":["REDACTED"],"Sec-Fetch-Dest":["empty"],"X-Forwarded-For":["31.223.116.89"],"Sec-Ch-Ua-Mobile":["?0"],"X-Forwarded-Host":["kitap.rorcun.com"],"Sec-Fetch-Site":["same-origin"],"Referer":["https://kitap.rorcun.com/bagis/yeni"],"Accept":["text/event-stream"],"Sec-Fetch-Mode":["cors"],"Cache-Control":["no-cache"],"Sec-Ch-Ua":["\"Not=A?Brand\";v=\"99\", \"Opera\";v=\"135\", \"Chromium\";v=\"151\""],"Accept-Language":["tr,en-US;q=0.9,en;q=0.8,id;q=0.7,th;q=0.6,ru;q=0.5,da;q=0.4"],"Via":["2.0 Caddy"],"X-Real-Ip":["31.223.116.89"],"X-Forwarded-Proto":["https"],"Sec-Ch-Ua-Platform":["\"Windows\""],"User-Agent":["Mozilla/5.0 (Windows NT 10.0; Win64; x64) AppleWebKit/537.36 (KHTML, like Gecko) Chrome/151.0.0.0 Safari/537.36 OPR/135.0.0.0"],"Pragma":["no-cache"],"Priority":["u=1, i"]},"tls":{"resumed":true,"version":772,"cipher_suite":4865,"proto":"h2","server_name":"kitap.rorcun.com","ech":false}},"error":"reading: context canceled"}
{"level":"warn","ts":1788285764.2010515,"logger":"http.handlers.reverse_proxy","msg":"aborting with incomplete response","upstream":"127.0.0.1:8080","duration":0.0085535,"request":{"remote_ip":"31.223.116.89","remote_port":"49239","client_ip":"31.223.116.89","proto":"HTTP/2.0","method":"GET","host":"kitap.rorcun.com","uri":"/bildirimler/akis","headers":{"Sec-Ch-Ua-Mobile":["?0"],"X-Forwarded-Proto":["https"],"X-Forwarded-For":["31.223.116.89"],"X-Real-Ip":["31.223.116.89"],"Sec-Ch-Ua":["\"Not=A?Brand\";v=\"99\", \"Opera\";v=\"135\", \"Chromium\";v=\"151\""],"Accept":["text/event-stream"],"Sec-Fetch-Site":["same-origin"],"X-Forwarded-Host":["kitap.rorcun.com"],"Via":["2.0 Caddy"],"Cache-Control":["no-cache"],"User-Agent":["Mozilla/5.0 (Windows NT 10.0; Win64; x64) AppleWebKit/537.36 (KHTML, like Gecko) Chrome/151.0.0.0 Safari/537.36 OPR/135.0.0.0"],"Sec-Ch-Ua-Platform":["\"Windows\""],"Accept-Encoding":["gzip, deflate, br, zstd"],"Priority":["u=1, i"],"Sec-Fetch-Mode":["cors"],"Pragma":["no-cache"],"Sec-Fetch-Dest":["empty"],"Accept-Language":["tr,en-US;q=0.9,en;q=0.8,id;q=0.7,th;q=0.6,ru;q=0.5,da;q=0.4"],"Cookie":["REDACTED"],"Referer":["https://kitap.rorcun.com/bagislarim"]},"tls":{"resumed":true,"version":772,"cipher_suite":4865,"proto":"h2","server_name":"kitap.rorcun.com","ech":false}},"error":"reading: context canceled"}
{"level":"warn","ts":1788285787.6473012,"logger":"http.handlers.reverse_proxy","msg":"aborting with incomplete response","upstream":"127.0.0.1:8080","duration":0.0080255,"request":{"remote_ip":"31.223.116.89","remote_port":"49239","client_ip":"31.223.116.89","proto":"HTTP/2.0","method":"GET","host":"kitap.rorcun.com","uri":"/bildirimler/akis","headers":{"User-Agent":["Mozilla/5.0 (Windows NT 10.0; Win64; x64) AppleWebKit/537.36 (KHTML, like Gecko) Chrome/151.0.0.0 Safari/537.36 OPR/135.0.0.0"],"Sec-Fetch-Site":["same-origin"],"Sec-Fetch-Dest":["empty"],"Sec-Ch-Ua-Mobile":["?0"],"Accept":["text/event-stream"],"X-Forwarded-Proto":["https"],"Sec-Ch-Ua-Platform":["\"Windows\""],"X-Forwarded-Host":["kitap.rorcun.com"],"Via":["2.0 Caddy"],"Priority":["u=1, i"],"Sec-Ch-Ua":["\"Not=A?Brand\";v=\"99\", \"Opera\";v=\"135\", \"Chromium\";v=\"151\""],"Accept-Encoding":["gzip, deflate, br, zstd"],"X-Real-Ip":["31.223.116.89"],"Cookie":["REDACTED"],"X-Forwarded-For":["31.223.116.89"],"Sec-Fetch-Mode":["cors"],"Pragma":["no-cache"],"Accept-Language":["tr,en-US;q=0.9,en;q=0.8,id;q=0.7,th;q=0.6,ru;q=0.5,da;q=0.4"],"Referer":["https://kitap.rorcun.com/takas"],"Cache-Control":["no-cache"]},"tls":{"resumed":true,"version":772,"cipher_suite":4865,"proto":"h2","server_name":"kitap.rorcun.com","ech":false}},"error":"reading: context canceled"}
{"level":"warn","ts":1788285805.6447952,"logger":"http.handlers.reverse_proxy","msg":"aborting with incomplete response","upstream":"127.0.0.1:8080","duration":0.0079339,"request":{"remote_ip":"31.223.116.89","remote_port":"49239","client_ip":"31.223.116.89","proto":"HTTP/2.0","method":"GET","host":"kitap.rorcun.com","uri":"/bildirimler/akis","headers":{"Referer":["https://kitap.rorcun.com/takas/kitaplarim"],"User-Agent":["Mozilla/5.0 (Windows NT 10.0; Win64; x64) AppleWebKit/537.36 (KHTML, like Gecko) Chrome/151.0.0.0 Safari/537.36 OPR/135.0.0.0"],"Cache-Control":["no-cache"],"X-Forwarded-For":["31.223.116.89"],"Accept-Encoding":["gzip, deflate, br, zstd"],"Sec-Ch-Ua-Mobile":["?0"],"Cookie":["REDACTED"],"Via":["2.0 Caddy"],"X-Real-Ip":["31.223.116.89"],"Sec-Fetch-Site":["same-origin"],"Sec-Ch-Ua-Platform":["\"Windows\""],"Accept-Language":["tr,en-US;q=0.9,en;q=0.8,id;q=0.7,th;q=0.6,ru;q=0.5,da;q=0.4"],"Sec-Fetch-Dest":["empty"],"Pragma":["no-cache"],"X-Forwarded-Host":["kitap.rorcun.com"],"Sec-Fetch-Mode":["cors"],"X-Forwarded-Proto":["https"],"Priority":["u=1, i"],"Accept":["text/event-stream"],"Sec-Ch-Ua":["\"Not=A?Brand\";v=\"99\", \"Opera\";v=\"135\", \"Chromium\";v=\"151\""]},"tls":{"resumed":true,"version":772,"cipher_suite":4865,"proto":"h2","server_name":"kitap.rorcun.com","ech":false}},"error":"reading: context canceled"}
{"level":"warn","ts":1788285811.3884153,"logger":"http.handlers.reverse_proxy","msg":"aborting with incomplete response","upstream":"127.0.0.1:8080","duration":0.0081482,"request":{"remote_ip":"31.223.116.89","remote_port":"49239","client_ip":"31.223.116.89","proto":"HTTP/2.0","method":"GET","host":"kitap.rorcun.com","uri":"/bildirimler/akis","headers":{"Sec-Ch-Ua-Platform":["\"Windows\""],"Cache-Control":["no-cache"],"X-Forwarded-Host":["kitap.rorcun.com"],"Sec-Fetch-Mode":["cors"],"Priority":["u=1, i"],"X-Real-Ip":["31.223.116.89"],"Accept-Encoding":["gzip, deflate, br, zstd"],"Sec-Fetch-Site":["same-origin"],"Pragma":["no-cache"],"X-Forwarded-Proto":["https"],"Sec-Ch-Ua":["\"Not=A?Brand\";v=\"99\", \"Opera\";v=\"135\", \"Chromium\";v=\"151\""],"Referer":["https://kitap.rorcun.com/kesfet"],"X-Forwarded-For":["31.223.116.89"],"Accept-Language":["tr,en-US;q=0.9,en;q=0.8,id;q=0.7,th;q=0.6,ru;q=0.5,da;q=0.4"],"Via":["2.0 Caddy"],"Accept":["text/event-stream"],"Cookie":["REDACTED"],"Sec-Ch-Ua-Mobile":["?0"],"Sec-Fetch-Dest":["empty"],"User-Agent":["Mozilla/5.0 (Windows NT 10.0; Win64; x64) AppleWebKit/537.36 (KHTML, like Gecko) Chrome/151.0.0.0 Safari/537.36 OPR/135.0.0.0"]},"tls":{"resumed":true,"version":772,"cipher_suite":4865,"proto":"h2","server_name":"kitap.rorcun.com","ech":false}},"error":"reading: context canceled"}
{"level":"warn","ts":1788285812.8656373,"logger":"http.handlers.reverse_proxy","msg":"aborting with incomplete response","upstream":"127.0.0.1:8080","duration":0.0067303,"request":{"remote_ip":"31.223.116.89","remote_port":"49239","client_ip":"31.223.116.89","proto":"HTTP/2.0","method":"GET","host":"kitap.rorcun.com","uri":"/bildirimler/akis","headers":{"Accept-Language":["tr,en-US;q=0.9,en;q=0.8,id;q=0.7,th;q=0.6,ru;q=0.5,da;q=0.4"],"Sec-Ch-Ua-Mobile":["?0"],"Cookie":["REDACTED"],"Pragma":["no-cache"],"X-Forwarded-For":["31.223.116.89"],"X-Forwarded-Host":["kitap.rorcun.com"],"User-Agent":["Mozilla/5.0 (Windows NT 10.0; Win64; x64) AppleWebKit/537.36 (KHTML, like Gecko) Chrome/151.0.0.0 Safari/537.36 OPR/135.0.0.0"],"Accept":["text/event-stream"],"Sec-Fetch-Dest":["empty"],"Priority":["u=1, i"],"Accept-Encoding":["gzip, deflate, br, zstd"],"Via":["2.0 Caddy"],"Cache-Control":["no-cache"],"Sec-Ch-Ua":["\"Not=A?Brand\";v=\"99\", \"Opera\";v=\"135\", \"Chromium\";v=\"151\""],"X-Forwarded-Proto":["https"],"Referer":["https://kitap.rorcun.com/kitap/2"],"Sec-Fetch-Site":["same-origin"],"X-Real-Ip":["31.223.116.89"],"Sec-Ch-Ua-Platform":["\"Windows\""],"Sec-Fetch-Mode":["cors"]},"tls":{"resumed":true,"version":772,"cipher_suite":4865,"proto":"h2","server_name":"kitap.rorcun.com","ech":false}},"error":"reading: context canceled"}
{"level":"warn","ts":1788285965.39713,"logger":"http.handlers.reverse_proxy","msg":"aborting with incomplete response","upstream":"127.0.0.1:8080","duration":0.008024,"request":{"remote_ip":"31.223.116.89","remote_port":"49239","client_ip":"31.223.116.89","proto":"HTTP/2.0","method":"GET","host":"kitap.rorcun.com","uri":"/bildirimler/akis","headers":{"Sec-Fetch-Mode":["cors"],"Referer":["https://kitap.rorcun.com/kitap/2"],"User-Agent":["Mozilla/5.0 (Windows NT 10.0; Win64; x64) AppleWebKit/537.36 (KHTML, like Gecko) Chrome/151.0.0.0 Safari/537.36 OPR/135.0.0.0"],"Accept":["text/event-stream"],"Accept-Language":["tr,en-US;q=0.9,en;q=0.8,id;q=0.7,th;q=0.6,ru;q=0.5,da;q=0.4"],"Sec-Fetch-Dest":["empty"],"Sec-Fetch-Site":["same-origin"],"Sec-Ch-Ua":["\"Not=A?Brand\";v=\"99\", \"Opera\";v=\"135\", \"Chromium\";v=\"151\""],"Cookie":["REDACTED"],"Cache-Control":["no-cache"],"Sec-Ch-Ua-Mobile":["?0"],"X-Forwarded-Proto":["https"],"Accept-Encoding":["gzip, deflate, br, zstd"],"X-Forwarded-For":["31.223.116.89"],"Via":["2.0 Caddy"],"Priority":["u=1, i"],"Sec-Ch-Ua-Platform":["\"Windows\""],"X-Forwarded-Host":["kitap.rorcun.com"],"Pragma":["no-cache"],"X-Real-Ip":["31.223.116.89"]},"tls":{"resumed":true,"version":772,"cipher_suite":4865,"proto":"h2","server_name":"kitap.rorcun.com","ech":false}},"error":"reading: context canceled"}
{"level":"warn","ts":1788285966.4415028,"logger":"http.handlers.reverse_proxy","msg":"aborting with incomplete response","upstream":"127.0.0.1:8080","duration":0.0092774,"request":{"remote_ip":"31.223.116.89","remote_port":"49239","client_ip":"31.223.116.89","proto":"HTTP/2.0","method":"GET","host":"kitap.rorcun.com","uri":"/bildirimler/akis","headers":{"Sec-Ch-Ua":["\"Not=A?Brand\";v=\"99\", \"Opera\";v=\"135\", \"Chromium\";v=\"151\""],"Pragma":["no-cache"],"Sec-Ch-Ua-Mobile":["?0"],"Sec-Fetch-Dest":["empty"],"X-Forwarded-Proto":["https"],"Via":["2.0 Caddy"],"User-Agent":["Mozilla/5.0 (Windows NT 10.0; Win64; x64) AppleWebKit/537.36 (KHTML, like Gecko) Chrome/151.0.0.0 Safari/537.36 OPR/135.0.0.0"],"Sec-Ch-Ua-Platform":["\"Windows\""],"X-Forwarded-For":["31.223.116.89"],"Cache-Control":["no-cache"],"Sec-Fetch-Site":["same-origin"],"Accept-Encoding":["gzip, deflate, br, zstd"],"Sec-Fetch-Mode":["cors"],"Cookie":["REDACTED"],"Accept":["text/event-stream"],"Accept-Language":["tr,en-US;q=0.9,en;q=0.8,id;q=0.7,th;q=0.6,ru;q=0.5,da;q=0.4"],"Referer":["https://kitap.rorcun.com/bildirimler"],"X-Forwarded-Host":["kitap.rorcun.com"],"Priority":["u=1, i"],"X-Real-Ip":["31.223.116.89"]},"tls":{"resumed":true,"version":772,"cipher_suite":4865,"proto":"h2","server_name":"kitap.rorcun.com","ech":false}},"error":"reading: context canceled"}
{"level":"warn","ts":1788285967.9908257,"logger":"http.handlers.reverse_proxy","msg":"aborting with incomplete response","upstream":"127.0.0.1:8080","duration":0.0114055,"request":{"remote_ip":"31.223.116.89","remote_port":"62731","client_ip":"31.223.116.89","proto":"HTTP/2.0","method":"GET","host":"kitap.rorcun.com","uri":"/bildirimler/akis","headers":{"Priority":["u=1, i"],"X-Forwarded-Host":["kitap.rorcun.com"],"Via":["2.0 Caddy"],"Sec-Ch-Ua-Mobile":["?0"],"Accept-Encoding":["gzip, deflate, br, zstd"],"Cookie":["REDACTED"],"Cache-Control":["no-cache"],"Accept":["text/event-stream"],"Pragma":["no-cache"],"Sec-Fetch-Mode":["cors"],"User-Agent":["Mozilla/5.0 (Windows NT 10.0; Win64; x64) AppleWebKit/537.36 (KHTML, like Gecko) Chrome/152.0.0.0 Safari/537.36"],"X-Forwarded-Proto":["https"],"Sec-Ch-Ua":["\"Chromium\";v=\"152\", \"Not?A_Brand\";v=\"24\", \"Google Chrome\";v=\"152\""],"Referer":["https://kitap.rorcun.com/mesajlar/1"],"X-Forwarded-For":["31.223.116.89"],"Sec-Fetch-Dest":["empty"],"Sec-Ch-Ua-Platform":["\"Windows\""],"X-Real-Ip":["31.223.116.89"],"Sec-Fetch-Site":["same-origin"],"Accept-Language":["tr-TR,tr;q=0.9,en-US;q=0.8,en;q=0.7"]},"tls":{"resumed":true,"version":772,"cipher_suite":4865,"proto":"h2","server_name":"kitap.rorcun.com","ech":false}},"error":"reading: context canceled"}
{"level":"warn","ts":1788285967.9908257,"logger":"http.handlers.reverse_proxy","msg":"aborting with incomplete response","upstream":"127.0.0.1:8080","duration":0.0119116,"request":{"remote_ip":"31.223.116.89","remote_port":"62731","client_ip":"31.223.116.89","proto":"HTTP/2.0","method":"GET","host":"kitap.rorcun.com","uri":"/mesajlar/1/akis","headers":{"X-Forwarded-Proto":["https"],"Pragma":["no-cache"],"Sec-Ch-Ua-Mobile":["?0"],"X-Real-Ip":["31.223.116.89"],"Cookie":["REDACTED"],"Priority":["u=1, i"],"Accept-Language":["tr-TR,tr;q=0.9,en-US;q=0.8,en;q=0.7"],"Cache-Control":["no-cache"],"X-Forwarded-Host":["kitap.rorcun.com"],"Sec-Ch-Ua-Platform":["\"Windows\""],"Accept":["text/event-stream"],"Sec-Fetch-Mode":["cors"],"Referer":["https://kitap.rorcun.com/mesajlar/1"],"X-Forwarded-For":["31.223.116.89"],"Sec-Fetch-Site":["same-origin"],"Sec-Fetch-Dest":["empty"],"Accept-Encoding":["gzip, deflate, br, zstd"],"User-Agent":["Mozilla/5.0 (Windows NT 10.0; Win64; x64) AppleWebKit/537.36 (KHTML, like Gecko) Chrome/152.0.0.0 Safari/537.36"],"Via":["2.0 Caddy"],"Sec-Ch-Ua":["\"Chromium\";v=\"152\", \"Not?A_Brand\";v=\"24\", \"Google Chrome\";v=\"152\""]},"tls":{"resumed":true,"version":772,"cipher_suite":4865,"proto":"h2","server_name":"kitap.rorcun.com","ech":false}},"error":"reading: context canceled"}
{"level":"warn","ts":1788285968.5003145,"logger":"http.handlers.reverse_proxy","msg":"aborting with incomplete response","upstream":"127.0.0.1:8080","duration":0.0078903,"request":{"remote_ip":"31.223.116.89","remote_port":"62731","client_ip":"31.223.116.89","proto":"HTTP/2.0","method":"GET","host":"kitap.rorcun.com","uri":"/bildirimler/akis","headers":{"Cookie":["REDACTED"],"Priority":["u=1, i"],"Sec-Fetch-Dest":["empty"],"X-Forwarded-For":["31.223.116.89"],"Cache-Control":["no-cache"],"Sec-Ch-Ua":["\"Chromium\";v=\"152\", \"Not?A_Brand\";v=\"24\", \"Google Chrome\";v=\"152\""],"Sec-Fetch-Site":["same-origin"],"Sec-Ch-Ua-Platform":["\"Windows\""],"Referer":["https://kitap.rorcun.com/panom"],"X-Forwarded-Proto":["https"],"X-Forwarded-Host":["kitap.rorcun.com"],"Accept-Language":["tr-TR,tr;q=0.9,en-US;q=0.8,en;q=0.7"],"Sec-Fetch-Mode":["cors"],"X-Real-Ip":["31.223.116.89"],"Sec-Ch-Ua-Mobile":["?0"],"Pragma":["no-cache"],"Via":["2.0 Caddy"],"Accept-Encoding":["gzip, deflate, br, zstd"],"Accept":["text/event-stream"],"User-Agent":["Mozilla/5.0 (Windows NT 10.0; Win64; x64) AppleWebKit/537.36 (KHTML, like Gecko) Chrome/152.0.0.0 Safari/537.36"]},"tls":{"resumed":true,"version":772,"cipher_suite":4865,"proto":"h2","server_name":"kitap.rorcun.com","ech":false}},"error":"reading: context canceled"}
{"level":"warn","ts":1788285969.1570034,"logger":"http.handlers.reverse_proxy","msg":"aborting with incomplete response","upstream":"127.0.0.1:8080","duration":0.0082362,"request":{"remote_ip":"31.223.116.89","remote_port":"62731","client_ip":"31.223.116.89","proto":"HTTP/2.0","method":"GET","host":"kitap.rorcun.com","uri":"/bildirimler/akis","headers":{"Sec-Fetch-Dest":["empty"],"Pragma":["no-cache"],"X-Forwarded-For":["31.223.116.89"],"Sec-Ch-Ua-Platform":["\"Windows\""],"Referer":["https://kitap.rorcun.com/mesajlar"],"X-Forwarded-Proto":["https"],"Accept":["text/event-stream"],"Cookie":["REDACTED"],"Sec-Fetch-Mode":["cors"],"Accept-Language":["tr-TR,tr;q=0.9,en-US;q=0.8,en;q=0.7"],"Sec-Ch-Ua":["\"Chromium\";v=\"152\", \"Not?A_Brand\";v=\"24\", \"Google Chrome\";v=\"152\""],"User-Agent":["Mozilla/5.0 (Windows NT 10.0; Win64; x64) AppleWebKit/537.36 (KHTML, like Gecko) Chrome/152.0.0.0 Safari/537.36"],"Sec-Ch-Ua-Mobile":["?0"],"Cache-Control":["no-cache"],"Sec-Fetch-Site":["same-origin"],"Accept-Encoding":["gzip, deflate, br, zstd"],"X-Forwarded-Host":["kitap.rorcun.com"],"Via":["2.0 Caddy"],"Priority":["u=1, i"],"X-Real-Ip":["31.223.116.89"]},"tls":{"resumed":true,"version":772,"cipher_suite":4865,"proto":"h2","server_name":"kitap.rorcun.com","ech":false}},"error":"reading: context canceled"}
{"level":"warn","ts":1788285971.8371947,"logger":"http.handlers.reverse_proxy","msg":"aborting with incomplete response","upstream":"127.0.0.1:8080","duration":0.0075615,"request":{"remote_ip":"31.223.116.89","remote_port":"62731","client_ip":"31.223.116.89","proto":"HTTP/2.0","method":"GET","host":"kitap.rorcun.com","uri":"/bildirimler/akis","headers":{"Sec-Ch-Ua-Mobile":["?0"],"Sec-Fetch-Mode":["cors"],"Priority":["u=1, i"],"X-Forwarded-For":["31.223.116.89"],"X-Real-Ip":["31.223.116.89"],"Cache-Control":["no-cache"],"User-Agent":["Mozilla/5.0 (Windows NT 10.0; Win64; x64) AppleWebKit/537.36 (KHTML, like Gecko) Chrome/152.0.0.0 Safari/537.36"],"Accept":["text/event-stream"],"Sec-Ch-Ua-Platform":["\"Windows\""],"Pragma":["no-cache"],"X-Forwarded-Proto":["https"],"X-Forwarded-Host":["kitap.rorcun.com"],"Accept-Encoding":["gzip, deflate, br, zstd"],"Accept-Language":["tr-TR,tr;q=0.9,en-US;q=0.8,en;q=0.7"],"Sec-Fetch-Dest":["empty"],"Sec-Fetch-Site":["same-origin"],"Sec-Ch-Ua":["\"Chromium\";v=\"152\", \"Not?A_Brand\";v=\"24\", \"Google Chrome\";v=\"152\""],"Referer":["https://kitap.rorcun.com/panom"],"Cookie":["REDACTED"],"Via":["2.0 Caddy"]},"tls":{"resumed":true,"version":772,"cipher_suite":4865,"proto":"h2","server_name":"kitap.rorcun.com","ech":false}},"error":"reading: context canceled"}
{"level":"warn","ts":1788285973.5011082,"logger":"http.handlers.reverse_proxy","msg":"aborting with incomplete response","upstream":"127.0.0.1:8080","duration":0.0087514,"request":{"remote_ip":"31.223.116.89","remote_port":"62731","client_ip":"31.223.116.89","proto":"HTTP/2.0","method":"GET","host":"kitap.rorcun.com","uri":"/bildirimler/akis","headers":{"Sec-Fetch-Mode":["cors"],"Accept-Encoding":["gzip, deflate, br, zstd"],"X-Forwarded-Proto":["https"],"User-Agent":["Mozilla/5.0 (Windows NT 10.0; Win64; x64) AppleWebKit/537.36 (KHTML, like Gecko) Chrome/152.0.0.0 Safari/537.36"],"X-Forwarded-Host":["kitap.rorcun.com"],"Priority":["u=1, i"],"Cookie":["REDACTED"],"Sec-Fetch-Dest":["empty"],"Accept":["text/event-stream"],"Via":["2.0 Caddy"],"Cache-Control":["no-cache"],"Sec-Fetch-Site":["same-origin"],"Sec-Ch-Ua-Platform":["\"Windows\""],"Sec-Ch-Ua":["\"Chromium\";v=\"152\", \"Not?A_Brand\";v=\"24\", \"Google Chrome\";v=\"152\""],"X-Real-Ip":["31.223.116.89"],"X-Forwarded-For":["31.223.116.89"],"Referer":["https://kitap.rorcun.com/aldiklarim"],"Accept-Language":["tr-TR,tr;q=0.9,en-US;q=0.8,en;q=0.7"],"Sec-Ch-Ua-Mobile":["?0"],"Pragma":["no-cache"]},"tls":{"resumed":true,"version":772,"cipher_suite":4865,"proto":"h2","server_name":"kitap.rorcun.com","ech":false}},"error":"reading: context canceled"}
{"level":"warn","ts":1788285976.5964267,"logger":"http.handlers.reverse_proxy","msg":"aborting with incomplete response","upstream":"127.0.0.1:8080","duration":0.0094247,"request":{"remote_ip":"31.223.116.89","remote_port":"62731","client_ip":"31.223.116.89","proto":"HTTP/2.0","method":"GET","host":"kitap.rorcun.com","uri":"/bildirimler/akis","headers":{"Sec-Ch-Ua-Mobile":["?0"],"Referer":["https://kitap.rorcun.com/panom"],"User-Agent":["Mozilla/5.0 (Windows NT 10.0; Win64; x64) AppleWebKit/537.36 (KHTML, like Gecko) Chrome/152.0.0.0 Safari/537.36"],"X-Forwarded-Proto":["https"],"Accept":["text/event-stream"],"X-Forwarded-For":["31.223.116.89"],"Accept-Encoding":["gzip, deflate, br, zstd"],"Sec-Fetch-Mode":["cors"],"Via":["2.0 Caddy"],"Priority":["u=1, i"],"X-Real-Ip":["31.223.116.89"],"X-Forwarded-Host":["kitap.rorcun.com"],"Cookie":["REDACTED"],"Pragma":["no-cache"],"Accept-Language":["tr-TR,tr;q=0.9,en-US;q=0.8,en;q=0.7"],"Sec-Ch-Ua-Platform":["\"Windows\""],"Sec-Ch-Ua":["\"Chromium\";v=\"152\", \"Not?A_Brand\";v=\"24\", \"Google Chrome\";v=\"152\""],"Sec-Fetch-Site":["same-origin"],"Sec-Fetch-Dest":["empty"],"Cache-Control":["no-cache"]},"tls":{"resumed":true,"version":772,"cipher_suite":4865,"proto":"h2","server_name":"kitap.rorcun.com","ech":false}},"error":"reading: context canceled"}
{"level":"warn","ts":1788285977.1377172,"logger":"http.handlers.reverse_proxy","msg":"aborting with incomplete response","upstream":"127.0.0.1:8080","duration":0.0077672,"request":{"remote_ip":"31.223.116.89","remote_port":"62731","client_ip":"31.223.116.89","proto":"HTTP/2.0","method":"GET","host":"kitap.rorcun.com","uri":"/bildirimler/akis","headers":{"X-Forwarded-For":["31.223.116.89"],"Cookie":["REDACTED"],"Sec-Fetch-Dest":["empty"],"User-Agent":["Mozilla/5.0 (Windows NT 10.0; Win64; x64) AppleWebKit/537.36 (KHTML, like Gecko) Chrome/152.0.0.0 Safari/537.36"],"Accept":["text/event-stream"],"Sec-Ch-Ua-Platform":["\"Windows\""],"Cache-Control":["no-cache"],"Sec-Ch-Ua-Mobile":["?0"],"Sec-Fetch-Site":["same-origin"],"X-Forwarded-Proto":["https"],"X-Forwarded-Host":["kitap.rorcun.com"],"Pragma":["no-cache"],"Sec-Fetch-Mode":["cors"],"Referer":["https://kitap.rorcun.com/aldiklarim"],"Sec-Ch-Ua":["\"Chromium\";v=\"152\", \"Not?A_Brand\";v=\"24\", \"Google Chrome\";v=\"152\""],"Accept-Language":["tr-TR,tr;q=0.9,en-US;q=0.8,en;q=0.7"],"Priority":["u=1, i"],"X-Real-Ip":["31.223.116.89"],"Accept-Encoding":["gzip, deflate, br, zstd"],"Via":["2.0 Caddy"]},"tls":{"resumed":true,"version":772,"cipher_suite":4865,"proto":"h2","server_name":"kitap.rorcun.com","ech":false}},"error":"reading: context canceled"}
{"level":"warn","ts":1788285978.207253,"logger":"http.handlers.reverse_proxy","msg":"aborting with incomplete response","upstream":"127.0.0.1:8080","duration":0.0085244,"request":{"remote_ip":"31.223.116.89","remote_port":"62731","client_ip":"31.223.116.89","proto":"HTTP/2.0","method":"GET","host":"kitap.rorcun.com","uri":"/bildirimler/akis","headers":{"Priority":["u=1, i"],"X-Forwarded-Proto":["https"],"Via":["2.0 Caddy"],"X-Real-Ip":["31.223.116.89"],"User-Agent":["Mozilla/5.0 (Windows NT 10.0; Win64; x64) AppleWebKit/537.36 (KHTML, like Gecko) Chrome/152.0.0.0 Safari/537.36"],"X-Forwarded-Host":["kitap.rorcun.com"],"Sec-Ch-Ua":["\"Chromium\";v=\"152\", \"Not?A_Brand\";v=\"24\", \"Google Chrome\";v=\"152\""],"X-Forwarded-For":["31.223.116.89"],"Cache-Control":["no-cache"],"Referer":["https://kitap.rorcun.com/isteklerim"],"Accept":["text/event-stream"],"Cookie":["REDACTED"],"Pragma":["no-cache"],"Sec-Fetch-Dest":["empty"],"Sec-Fetch-Mode":["cors"],"Sec-Fetch-Site":["same-origin"],"Accept-Language":["tr-TR,tr;q=0.9,en-US;q=0.8,en;q=0.7"],"Sec-Ch-Ua-Mobile":["?0"],"Accept-Encoding":["gzip, deflate, br, zstd"],"Sec-Ch-Ua-Platform":["\"Windows\""]},"tls":{"resumed":true,"version":772,"cipher_suite":4865,"proto":"h2","server_name":"kitap.rorcun.com","ech":false}},"error":"reading: context canceled"}
{"level":"warn","ts":1788285979.3607388,"logger":"http.handlers.reverse_proxy","msg":"aborting with incomplete response","upstream":"127.0.0.1:8080","duration":0.0108938,"request":{"remote_ip":"31.223.116.89","remote_port":"62731","client_ip":"31.223.116.89","proto":"HTTP/2.0","method":"GET","host":"kitap.rorcun.com","uri":"/bildirimler/akis","headers":{"X-Forwarded-For":["31.223.116.89"],"Accept-Encoding":["gzip, deflate, br, zstd"],"Sec-Ch-Ua":["\"Chromium\";v=\"152\", \"Not?A_Brand\";v=\"24\", \"Google Chrome\";v=\"152\""],"X-Forwarded-Host":["kitap.rorcun.com"],"User-Agent":["Mozilla/5.0 (Windows NT 10.0; Win64; x64) AppleWebKit/537.36 (KHTML, like Gecko) Chrome/152.0.0.0 Safari/537.36"],"X-Real-Ip":["31.223.116.89"],"Via":["2.0 Caddy"],"Accept-Language":["tr-TR,tr;q=0.9,en-US;q=0.8,en;q=0.7"],"Accept":["text/event-stream"],"Sec-Ch-Ua-Mobile":["?0"],"Priority":["u=1, i"],"Sec-Fetch-Dest":["empty"],"Cache-Control":["no-cache"],"Sec-Fetch-Site":["same-origin"],"Sec-Ch-Ua-Platform":["\"Windows\""],"Referer":["https://kitap.rorcun.com/bagislarim"],"Cookie":["REDACTED"],"Sec-Fetch-Mode":["cors"],"Pragma":["no-cache"],"X-Forwarded-Proto":["https"]},"tls":{"resumed":true,"version":772,"cipher_suite":4865,"proto":"h2","server_name":"kitap.rorcun.com","ech":false}},"error":"reading: context canceled"}
{"level":"warn","ts":1788285981.5454373,"logger":"http.handlers.reverse_proxy","msg":"aborting with incomplete response","upstream":"127.0.0.1:8080","duration":0.0086971,"request":{"remote_ip":"31.223.116.89","remote_port":"62731","client_ip":"31.223.116.89","proto":"HTTP/2.0","method":"GET","host":"kitap.rorcun.com","uri":"/bildirimler/akis","headers":{"Sec-Fetch-Site":["same-origin"],"Accept-Encoding":["gzip, deflate, br, zstd"],"Cache-Control":["no-cache"],"Sec-Ch-Ua-Platform":["\"Windows\""],"X-Forwarded-Proto":["https"],"Pragma":["no-cache"],"Accept":["text/event-stream"],"Priority":["u=1, i"],"Sec-Fetch-Mode":["cors"],"Referer":["https://kitap.rorcun.com/karsiladiklarim"],"Via":["2.0 Caddy"],"Sec-Ch-Ua":["\"Chromium\";v=\"152\", \"Not?A_Brand\";v=\"24\", \"Google Chrome\";v=\"152\""],"X-Forwarded-For":["31.223.116.89"],"Sec-Fetch-Dest":["empty"],"Sec-Ch-Ua-Mobile":["?0"],"Accept-Language":["tr-TR,tr;q=0.9,en-US;q=0.8,en;q=0.7"],"Cookie":["REDACTED"],"X-Forwarded-Host":["kitap.rorcun.com"],"User-Agent":["Mozilla/5.0 (Windows NT 10.0; Win64; x64) AppleWebKit/537.36 (KHTML, like Gecko) Chrome/152.0.0.0 Safari/537.36"],"X-Real-Ip":["31.223.116.89"]},"tls":{"resumed":true,"version":772,"cipher_suite":4865,"proto":"h2","server_name":"kitap.rorcun.com","ech":false}},"error":"reading: context canceled"}
{"level":"warn","ts":1788286038.6906276,"logger":"http.handlers.reverse_proxy","msg":"aborting with incomplete response","upstream":"127.0.0.1:8080","duration":0.0073978,"request":{"remote_ip":"31.223.116.89","remote_port":"62731","client_ip":"31.223.116.89","proto":"HTTP/2.0","method":"GET","host":"kitap.rorcun.com","uri":"/bildirimler/akis","headers":{"Sec-Ch-Ua-Platform":["\"Windows\""],"Sec-Ch-Ua":["\"Chromium\";v=\"152\", \"Not?A_Brand\";v=\"24\", \"Google Chrome\";v=\"152\""],"Pragma":["no-cache"],"Cache-Control":["no-cache"],"Sec-Fetch-Site":["same-origin"],"Cookie":["REDACTED"],"Priority":["u=1, i"],"Accept":["text/event-stream"],"X-Forwarded-Proto":["https"],"Sec-Fetch-Mode":["cors"],"X-Forwarded-For":["31.223.116.89"],"X-Real-Ip":["31.223.116.89"],"Via":["2.0 Caddy"],"Accept-Encoding":["gzip, deflate, br, zstd"],"Sec-Fetch-Dest":["empty"],"Sec-Ch-Ua-Mobile":["?0"],"X-Forwarded-Host":["kitap.rorcun.com"],"Accept-Language":["tr-TR,tr;q=0.9,en-US;q=0.8,en;q=0.7"],"Referer":["https://kitap.rorcun.com/aldiklarim"],"User-Agent":["Mozilla/5.0 (Windows NT 10.0; Win64; x64) AppleWebKit/537.36 (KHTML, like Gecko) Chrome/152.0.0.0 Safari/537.36"]},"tls":{"resumed":true,"version":772,"cipher_suite":4865,"proto":"h2","server_name":"kitap.rorcun.com","ech":false}},"error":"reading: context canceled"}
{"level":"warn","ts":1788286039.211201,"logger":"http.handlers.reverse_proxy","msg":"aborting with incomplete response","upstream":"127.0.0.1:8080","duration":0.007159,"request":{"remote_ip":"31.223.116.89","remote_port":"62731","client_ip":"31.223.116.89","proto":"HTTP/2.0","method":"GET","host":"kitap.rorcun.com","uri":"/bildirimler/akis","headers":{"Accept-Encoding":["gzip, deflate, br, zstd"],"Cookie":["REDACTED"],"Cache-Control":["no-cache"],"Pragma":["no-cache"],"Sec-Fetch-Dest":["empty"],"Sec-Ch-Ua-Mobile":["?0"],"Sec-Fetch-Site":["same-origin"],"X-Forwarded-Proto":["https"],"User-Agent":["Mozilla/5.0 (Windows NT 10.0; Win64; x64) AppleWebKit/537.36 (KHTML, like Gecko) Chrome/152.0.0.0 Safari/537.36"],"X-Real-Ip":["31.223.116.89"],"Priority":["u=1, i"],"Referer":["https://kitap.rorcun.com/mesajlar"],"X-Forwarded-For":["31.223.116.89"],"Accept-Language":["tr-TR,tr;q=0.9,en-US;q=0.8,en;q=0.7"],"Via":["2.0 Caddy"],"X-Forwarded-Host":["kitap.rorcun.com"],"Sec-Ch-Ua":["\"Chromium\";v=\"152\", \"Not?A_Brand\";v=\"24\", \"Google Chrome\";v=\"152\""],"Sec-Fetch-Mode":["cors"],"Accept":["text/event-stream"],"Sec-Ch-Ua-Platform":["\"Windows\""]},"tls":{"resumed":true,"version":772,"cipher_suite":4865,"proto":"h2","server_name":"kitap.rorcun.com","ech":false}},"error":"reading: context canceled"}
{"level":"warn","ts":1788286136.9140189,"logger":"http.handlers.reverse_proxy","msg":"aborting with incomplete response","upstream":"127.0.0.1:8080","duration":0.0086499,"request":{"remote_ip":"31.223.116.89","remote_port":"49239","client_ip":"31.223.116.89","proto":"HTTP/2.0","method":"GET","host":"kitap.rorcun.com","uri":"/bildirimler/akis","headers":{"Accept-Encoding":["gzip, deflate, br, zstd"],"Priority":["u=1, i"],"Sec-Fetch-Dest":["empty"],"Via":["2.0 Caddy"],"X-Forwarded-Proto":["https"],"X-Forwarded-For":["31.223.116.89"],"Sec-Ch-Ua":["\"Not=A?Brand\";v=\"99\", \"Opera\";v=\"135\", \"Chromium\";v=\"151\""],"Pragma":["no-cache"],"X-Forwarded-Host":["kitap.rorcun.com"],"Accept-Language":["tr,en-US;q=0.9,en;q=0.8,id;q=0.7,th;q=0.6,ru;q=0.5,da;q=0.4"],"Sec-Fetch-Mode":["cors"],"X-Real-Ip":["31.223.116.89"],"Sec-Ch-Ua-Mobile":["?0"],"Sec-Fetch-Site":["same-origin"],"Cache-Control":["no-cache"],"Accept":["text/event-stream"],"User-Agent":["Mozilla/5.0 (Windows NT 10.0; Win64; x64) AppleWebKit/537.36 (KHTML, like Gecko) Chrome/151.0.0.0 Safari/537.36 OPR/135.0.0.0"],"Sec-Ch-Ua-Platform":["\"Windows\""],"Cookie":["REDACTED"],"Referer":["https://kitap.rorcun.com/bildirimler"]},"tls":{"resumed":true,"version":772,"cipher_suite":4865,"proto":"h2","server_name":"kitap.rorcun.com","ech":false}},"error":"reading: context canceled"}
{"level":"warn","ts":1788286141.15624,"logger":"http.handlers.reverse_proxy","msg":"aborting with incomplete response","upstream":"127.0.0.1:8080","duration":0.0081119,"request":{"remote_ip":"31.223.116.89","remote_port":"62731","client_ip":"31.223.116.89","proto":"HTTP/2.0","method":"GET","host":"kitap.rorcun.com","uri":"/bildirimler/akis","headers":{"Sec-Fetch-Dest":["empty"],"Priority":["u=1, i"],"Sec-Ch-Ua":["\"Chromium\";v=\"152\", \"Not?A_Brand\";v=\"24\", \"Google Chrome\";v=\"152\""],"Accept-Encoding":["gzip, deflate, br, zstd"],"User-Agent":["Mozilla/5.0 (Windows NT 10.0; Win64; x64) AppleWebKit/537.36 (KHTML, like Gecko) Chrome/152.0.0.0 Safari/537.36"],"Sec-Fetch-Site":["same-origin"],"X-Forwarded-Host":["kitap.rorcun.com"],"Pragma":["no-cache"],"Cookie":["REDACTED"],"Sec-Fetch-Mode":["cors"],"X-Forwarded-Proto":["https"],"Sec-Ch-Ua-Platform":["\"Windows\""],"Accept-Language":["tr-TR,tr;q=0.9,en-US;q=0.8,en;q=0.7"],"Sec-Ch-Ua-Mobile":["?0"],"X-Real-Ip":["31.223.116.89"],"Accept":["text/event-stream"],"Cache-Control":["no-cache"],"Via":["2.0 Caddy"],"Referer":["https://kitap.rorcun.com/panom"],"X-Forwarded-For":["31.223.116.89"]},"tls":{"resumed":true,"version":772,"cipher_suite":4865,"proto":"h2","server_name":"kitap.rorcun.com","ech":false}},"error":"reading: context canceled"}
{"level":"warn","ts":1788286142.0566607,"logger":"http.handlers.reverse_proxy","msg":"aborting with incomplete response","upstream":"127.0.0.1:8080","duration":0.0067557,"request":{"remote_ip":"31.223.116.89","remote_port":"62731","client_ip":"31.223.116.89","proto":"HTTP/2.0","method":"GET","host":"kitap.rorcun.com","uri":"/bildirimler/akis","headers":{"Sec-Ch-Ua-Platform":["\"Windows\""],"Accept-Encoding":["gzip, deflate, br, zstd"],"Sec-Ch-Ua":["\"Chromium\";v=\"152\", \"Not?A_Brand\";v=\"24\", \"Google Chrome\";v=\"152\""],"X-Real-Ip":["31.223.116.89"],"Referer":["https://kitap.rorcun.com/bagislarim"],"Accept-Language":["tr-TR,tr;q=0.9,en-US;q=0.8,en;q=0.7"],"Pragma":["no-cache"],"X-Forwarded-Host":["kitap.rorcun.com"],"Cache-Control":["no-cache"],"Sec-Fetch-Site":["same-origin"],"Accept":["text/event-stream"],"Cookie":["REDACTED"],"X-Forwarded-For":["31.223.116.89"],"X-Forwarded-Proto":["https"],"Sec-Fetch-Mode":["cors"],"Sec-Fetch-Dest":["empty"],"Via":["2.0 Caddy"],"User-Agent":["Mozilla/5.0 (Windows NT 10.0; Win64; x64) AppleWebKit/537.36 (KHTML, like Gecko) Chrome/152.0.0.0 Safari/537.36"],"Priority":["u=1, i"],"Sec-Ch-Ua-Mobile":["?0"]},"tls":{"resumed":true,"version":772,"cipher_suite":4865,"proto":"h2","server_name":"kitap.rorcun.com","ech":false}},"error":"reading: context canceled"}
{"level":"warn","ts":1788286146.2299304,"logger":"http.handlers.reverse_proxy","msg":"aborting with incomplete response","upstream":"127.0.0.1:8080","duration":0.0085493,"request":{"remote_ip":"31.223.116.89","remote_port":"49239","client_ip":"31.223.116.89","proto":"HTTP/2.0","method":"GET","host":"kitap.rorcun.com","uri":"/bildirimler/akis","headers":{"Sec-Fetch-Site":["same-origin"],"Pragma":["no-cache"],"Sec-Fetch-Mode":["cors"],"Accept-Encoding":["gzip, deflate, br, zstd"],"Accept-Language":["tr,en-US;q=0.9,en;q=0.8,id;q=0.7,th;q=0.6,ru;q=0.5,da;q=0.4"],"X-Forwarded-For":["31.223.116.89"],"Via":["2.0 Caddy"],"Cache-Control":["no-cache"],"X-Forwarded-Host":["kitap.rorcun.com"],"Sec-Fetch-Dest":["empty"],"Sec-Ch-Ua-Platform":["\"Windows\""],"Cookie":["REDACTED"],"Sec-Ch-Ua-Mobile":["?0"],"X-Real-Ip":["31.223.116.89"],"Accept":["text/event-stream"],"Referer":["https://kitap.rorcun.com/bagislarim"],"Priority":["u=1, i"],"User-Agent":["Mozilla/5.0 (Windows NT 10.0; Win64; x64) AppleWebKit/537.36 (KHTML, like Gecko) Chrome/151.0.0.0 Safari/537.36 OPR/135.0.0.0"],"X-Forwarded-Proto":["https"],"Sec-Ch-Ua":["\"Not=A?Brand\";v=\"99\", \"Opera\";v=\"135\", \"Chromium\";v=\"151\""]},"tls":{"resumed":true,"version":772,"cipher_suite":4865,"proto":"h2","server_name":"kitap.rorcun.com","ech":false}},"error":"reading: context canceled"}
{"level":"warn","ts":1788286147.9370615,"logger":"http.handlers.reverse_proxy","msg":"aborting with incomplete response","upstream":"127.0.0.1:8080","duration":0.0079709,"request":{"remote_ip":"31.223.116.89","remote_port":"49239","client_ip":"31.223.116.89","proto":"HTTP/2.0","method":"GET","host":"kitap.rorcun.com","uri":"/bildirimler/akis","headers":{"Accept-Language":["tr,en-US;q=0.9,en;q=0.8,id;q=0.7,th;q=0.6,ru;q=0.5,da;q=0.4"],"X-Forwarded-For":["31.223.116.89"],"X-Real-Ip":["31.223.116.89"],"Sec-Fetch-Mode":["cors"],"Via":["2.0 Caddy"],"Sec-Ch-Ua-Mobile":["?0"],"Sec-Fetch-Site":["same-origin"],"Pragma":["no-cache"],"Sec-Ch-Ua-Platform":["\"Windows\""],"Sec-Fetch-Dest":["empty"],"X-Forwarded-Host":["kitap.rorcun.com"],"Referer":["https://kitap.rorcun.com/takas"],"Priority":["u=1, i"],"Cookie":["REDACTED"],"X-Forwarded-Proto":["https"],"Accept":["text/event-stream"],"Cache-Control":["no-cache"],"Accept-Encoding":["gzip, deflate, br, zstd"],"User-Agent":["Mozilla/5.0 (Windows NT 10.0; Win64; x64) AppleWebKit/537.36 (KHTML, like Gecko) Chrome/151.0.0.0 Safari/537.36 OPR/135.0.0.0"],"Sec-Ch-Ua":["\"Not=A?Brand\";v=\"99\", \"Opera\";v=\"135\", \"Chromium\";v=\"151\""]},"tls":{"resumed":true,"version":772,"cipher_suite":4865,"proto":"h2","server_name":"kitap.rorcun.com","ech":false}},"error":"reading: context canceled"}
{"level":"warn","ts":1788286193.5094242,"logger":"http.handlers.reverse_proxy","msg":"aborting with incomplete response","upstream":"127.0.0.1:8080","duration":0.0088818,"request":{"remote_ip":"31.223.116.89","remote_port":"49239","client_ip":"31.223.116.89","proto":"HTTP/2.0","method":"GET","host":"kitap.rorcun.com","uri":"/bildirimler/akis","headers":{"Cookie":["REDACTED"],"Referer":["https://kitap.rorcun.com/takas/kitaplarim"],"X-Forwarded-Proto":["https"],"Sec-Fetch-Site":["same-origin"],"Cache-Control":["no-cache"],"Sec-Fetch-Dest":["empty"],"User-Agent":["Mozilla/5.0 (Windows NT 10.0; Win64; x64) AppleWebKit/537.36 (KHTML, like Gecko) Chrome/151.0.0.0 Safari/537.36 OPR/135.0.0.0"],"Accept":["text/event-stream"],"X-Forwarded-For":["31.223.116.89"],"Sec-Ch-Ua-Mobile":["?0"],"X-Forwarded-Host":["kitap.rorcun.com"],"Sec-Ch-Ua":["\"Not=A?Brand\";v=\"99\", \"Opera\";v=\"135\", \"Chromium\";v=\"151\""],"Via":["2.0 Caddy"],"Pragma":["no-cache"],"Sec-Fetch-Mode":["cors"],"Accept-Encoding":["gzip, deflate, br, zstd"],"Accept-Language":["tr,en-US;q=0.9,en;q=0.8,id;q=0.7,th;q=0.6,ru;q=0.5,da;q=0.4"],"Priority":["u=1, i"],"Sec-Ch-Ua-Platform":["\"Windows\""],"X-Real-Ip":["31.223.116.89"]},"tls":{"resumed":true,"version":772,"cipher_suite":4865,"proto":"h2","server_name":"kitap.rorcun.com","ech":false}},"error":"reading: context canceled"}
{"level":"warn","ts":1788286204.3538017,"logger":"http.handlers.reverse_proxy","msg":"aborting with incomplete response","upstream":"127.0.0.1:8080","duration":0.0083572,"request":{"remote_ip":"31.223.116.89","remote_port":"49239","client_ip":"31.223.116.89","proto":"HTTP/2.0","method":"GET","host":"kitap.rorcun.com","uri":"/bildirimler/akis","headers":{"Sec-Fetch-Mode":["cors"],"X-Forwarded-For":["31.223.116.89"],"Via":["2.0 Caddy"],"Priority":["u=1, i"],"Cache-Control":["no-cache"],"X-Forwarded-Host":["kitap.rorcun.com"],"X-Real-Ip":["31.223.116.89"],"Accept-Encoding":["gzip, deflate, br, zstd"],"Pragma":["no-cache"],"X-Forwarded-Proto":["https"],"Sec-Fetch-Site":["same-origin"],"Sec-Fetch-Dest":["empty"],"Accept":["text/event-stream"],"User-Agent":["Mozilla/5.0 (Windows NT 10.0; Win64; x64) AppleWebKit/537.36 (KHTML, like Gecko) Chrome/151.0.0.0 Safari/537.36 OPR/135.0.0.0"],"Referer":["https://kitap.rorcun.com/takas/kitaplarim"],"Accept-Language":["tr,en-US;q=0.9,en;q=0.8,id;q=0.7,th;q=0.6,ru;q=0.5,da;q=0.4"],"Sec-Ch-Ua-Mobile":["?0"],"Sec-Ch-Ua":["\"Not=A?Brand\";v=\"99\", \"Opera\";v=\"135\", \"Chromium\";v=\"151\""],"Cookie":["REDACTED"],"Sec-Ch-Ua-Platform":["\"Windows\""]},"tls":{"resumed":true,"version":772,"cipher_suite":4865,"proto":"h2","server_name":"kitap.rorcun.com","ech":false}},"error":"reading: context canceled"}
{"level":"warn","ts":1788286205.2367518,"logger":"http.handlers.reverse_proxy","msg":"aborting with incomplete response","upstream":"127.0.0.1:8080","duration":0.0082272,"request":{"remote_ip":"31.223.116.89","remote_port":"49239","client_ip":"31.223.116.89","proto":"HTTP/2.0","method":"GET","host":"kitap.rorcun.com","uri":"/bildirimler/akis","headers":{"Referer":["https://kitap.rorcun.com/panom"],"Accept-Encoding":["gzip, deflate, br, zstd"],"X-Forwarded-Proto":["https"],"Sec-Ch-Ua-Mobile":["?0"],"Priority":["u=1, i"],"User-Agent":["Mozilla/5.0 (Windows NT 10.0; Win64; x64) AppleWebKit/537.36 (KHTML, like Gecko) Chrome/151.0.0.0 Safari/537.36 OPR/135.0.0.0"],"Sec-Fetch-Site":["same-origin"],"Accept-Language":["tr,en-US;q=0.9,en;q=0.8,id;q=0.7,th;q=0.6,ru;q=0.5,da;q=0.4"],"Cache-Control":["no-cache"],"Sec-Ch-Ua-Platform":["\"Windows\""],"Sec-Ch-Ua":["\"Not=A?Brand\";v=\"99\", \"Opera\";v=\"135\", \"Chromium\";v=\"151\""],"Cookie":["REDACTED"],"Pragma":["no-cache"],"X-Real-Ip":["31.223.116.89"],"Accept":["text/event-stream"],"Sec-Fetch-Mode":["cors"],"Via":["2.0 Caddy"],"Sec-Fetch-Dest":["empty"],"X-Forwarded-For":["31.223.116.89"],"X-Forwarded-Host":["kitap.rorcun.com"]},"tls":{"resumed":true,"version":772,"cipher_suite":4865,"proto":"h2","server_name":"kitap.rorcun.com","ech":false}},"error":"reading: context canceled"}
{"level":"warn","ts":1788286211.8686109,"logger":"http.handlers.reverse_proxy","msg":"aborting with incomplete response","upstream":"127.0.0.1:8080","duration":0.0083285,"request":{"remote_ip":"31.223.116.89","remote_port":"49239","client_ip":"31.223.116.89","proto":"HTTP/2.0","method":"GET","host":"kitap.rorcun.com","uri":"/bildirimler/akis","headers":{"X-Real-Ip":["31.223.116.89"],"X-Forwarded-For":["31.223.116.89"],"X-Forwarded-Host":["kitap.rorcun.com"],"Pragma":["no-cache"],"Sec-Ch-Ua-Mobile":["?0"],"Sec-Fetch-Site":["same-origin"],"Accept-Encoding":["gzip, deflate, br, zstd"],"Via":["2.0 Caddy"],"Referer":["https://kitap.rorcun.com/mesajlar"],"User-Agent":["Mozilla/5.0 (Windows NT 10.0; Win64; x64) AppleWebKit/537.36 (KHTML, like Gecko) Chrome/151.0.0.0 Safari/537.36 OPR/135.0.0.0"],"Accept-Language":["tr,en-US;q=0.9,en;q=0.8,id;q=0.7,th;q=0.6,ru;q=0.5,da;q=0.4"],"X-Forwarded-Proto":["https"],"Accept":["text/event-stream"],"Sec-Ch-Ua-Platform":["\"Windows\""],"Cache-Control":["no-cache"],"Cookie":["REDACTED"],"Sec-Fetch-Dest":["empty"],"Sec-Ch-Ua":["\"Not=A?Brand\";v=\"99\", \"Opera\";v=\"135\", \"Chromium\";v=\"151\""],"Sec-Fetch-Mode":["cors"],"Priority":["u=1, i"]},"tls":{"resumed":true,"version":772,"cipher_suite":4865,"proto":"h2","server_name":"kitap.rorcun.com","ech":false}},"error":"reading: context canceled"}
{"level":"warn","ts":1788286255.411263,"logger":"http.handlers.reverse_proxy","msg":"aborting with incomplete response","upstream":"127.0.0.1:8080","duration":0.0095976,"request":{"remote_ip":"31.223.116.89","remote_port":"62731","client_ip":"31.223.116.89","proto":"HTTP/2.0","method":"GET","host":"kitap.rorcun.com","uri":"/bildirimler/akis","headers":{"X-Forwarded-Proto":["https"],"Sec-Ch-Ua":["\"Chromium\";v=\"152\", \"Not?A_Brand\";v=\"24\", \"Google Chrome\";v=\"152\""],"X-Forwarded-For":["31.223.116.89"],"Sec-Fetch-Dest":["empty"],"Referer":["https://kitap.rorcun.com/istekler"],"Cookie":["REDACTED"],"Sec-Fetch-Mode":["cors"],"Accept":["text/event-stream"],"Accept-Encoding":["gzip, deflate, br, zstd"],"X-Real-Ip":["31.223.116.89"],"Sec-Ch-Ua-Platform":["\"Windows\""],"Sec-Fetch-Site":["same-origin"],"Sec-Ch-Ua-Mobile":["?0"],"User-Agent":["Mozilla/5.0 (Windows NT 10.0; Win64; x64) AppleWebKit/537.36 (KHTML, like Gecko) Chrome/152.0.0.0 Safari/537.36"],"Cache-Control":["no-cache"],"Pragma":["no-cache"],"X-Forwarded-Host":["kitap.rorcun.com"],"Via":["2.0 Caddy"],"Accept-Language":["tr-TR,tr;q=0.9,en-US;q=0.8,en;q=0.7"],"Priority":["u=1, i"]},"tls":{"resumed":true,"version":772,"cipher_suite":4865,"proto":"h2","server_name":"kitap.rorcun.com","ech":false}},"error":"reading: context canceled"}
{"level":"warn","ts":1788286255.9415348,"logger":"http.handlers.reverse_proxy","msg":"aborting with incomplete response","upstream":"127.0.0.1:8080","duration":0.0070437,"request":{"remote_ip":"31.223.116.89","remote_port":"52352","client_ip":"31.223.116.89","proto":"HTTP/2.0","method":"GET","host":"kitap.rorcun.com","uri":"/bildirimler/akis","headers":{"Sec-Fetch-Site":["same-origin"],"Sec-Ch-Ua":["\"Chromium\";v=\"152\", \"Not?A_Brand\";v=\"24\", \"Google Chrome\";v=\"152\""],"Cache-Control":["no-cache"],"Priority":["u=1, i"],"X-Forwarded-Host":["kitap.rorcun.com"],"Pragma":["no-cache"],"X-Real-Ip":["31.223.116.89"],"Sec-Fetch-Dest":["empty"],"Via":["2.0 Caddy"],"Referer":["https://kitap.rorcun.com/profil"],"X-Forwarded-For":["31.223.116.89"],"Sec-Fetch-Mode":["cors"],"X-Forwarded-Proto":["https"],"Accept-Language":["tr-TR,tr;q=0.9,en-US;q=0.8,en;q=0.7"],"Sec-Ch-Ua-Mobile":["?0"],"Cookie":["REDACTED"],"Accept":["text/event-stream"],"User-Agent":["Mozilla/5.0 (Windows NT 10.0; Win64; x64) AppleWebKit/537.36 (KHTML, like Gecko) Chrome/152.0.0.0 Safari/537.36"],"Accept-Encoding":["gzip, deflate, br, zstd"],"Sec-Ch-Ua-Platform":["\"Windows\""]},"tls":{"resumed":true,"version":772,"cipher_suite":4865,"proto":"h2","server_name":"kitap.rorcun.com","ech":false}},"error":"reading: context canceled"}
{"level":"warn","ts":1788286306.522085,"logger":"http.handlers.reverse_proxy","msg":"aborting with incomplete response","upstream":"127.0.0.1:8080","duration":0.0061087,"request":{"remote_ip":"31.223.116.89","remote_port":"52352","client_ip":"31.223.116.89","proto":"HTTP/2.0","method":"GET","host":"kitap.rorcun.com","uri":"/bildirimler/akis","headers":{"User-Agent":["Mozilla/5.0 (Windows NT 10.0; Win64; x64) AppleWebKit/537.36 (KHTML, like Gecko) Chrome/152.0.0.0 Safari/537.36"],"Priority":["u=1, i"],"Sec-Ch-Ua-Platform":["\"Windows\""],"X-Forwarded-Host":["kitap.rorcun.com"],"Accept-Language":["tr-TR,tr;q=0.9,en-US;q=0.8,en;q=0.7"],"Sec-Ch-Ua-Mobile":["?0"],"Sec-Ch-Ua":["\"Chromium\";v=\"152\", \"Not?A_Brand\";v=\"24\", \"Google Chrome\";v=\"152\""],"Cookie":["REDACTED"],"Sec-Fetch-Site":["same-origin"],"Sec-Fetch-Mode":["cors"],"X-Real-Ip":["31.223.116.89"],"Accept":["text/event-stream"],"Referer":["https://kitap.rorcun.com/panom"],"Cache-Control":["no-cache"],"X-Forwarded-Proto":["https"],"Accept-Encoding":["gzip, deflate, br, zstd"],"X-Forwarded-For":["31.223.116.89"],"Pragma":["no-cache"],"Via":["2.0 Caddy"],"Sec-Fetch-Dest":["empty"]},"tls":{"resumed":true,"version":772,"cipher_suite":4865,"proto":"h2","server_name":"kitap.rorcun.com","ech":false}},"error":"reading: context canceled"}
{"level":"warn","ts":1788286306.942528,"logger":"http.handlers.reverse_proxy","msg":"aborting with incomplete response","upstream":"127.0.0.1:8080","duration":0.0064552,"request":{"remote_ip":"31.223.116.89","remote_port":"52352","client_ip":"31.223.116.89","proto":"HTTP/2.0","method":"GET","host":"kitap.rorcun.com","uri":"/bildirimler/akis","headers":{"X-Real-Ip":["31.223.116.89"],"X-Forwarded-Proto":["https"],"Priority":["u=1, i"],"Accept-Encoding":["gzip, deflate, br, zstd"],"Cookie":["REDACTED"],"Sec-Ch-Ua":["\"Chromium\";v=\"152\", \"Not?A_Brand\";v=\"24\", \"Google Chrome\";v=\"152\""],"Referer":["https://kitap.rorcun.com/mesajlar"],"Via":["2.0 Caddy"],"Sec-Fetch-Dest":["empty"],"Sec-Fetch-Mode":["cors"],"Accept":["text/event-stream"],"User-Agent":["Mozilla/5.0 (Windows NT 10.0; Win64; x64) AppleWebKit/537.36 (KHTML, like Gecko) Chrome/152.0.0.0 Safari/537.36"],"Accept-Language":["tr-TR,tr;q=0.9,en-US;q=0.8,en;q=0.7"],"X-Forwarded-For":["31.223.116.89"],"Sec-Ch-Ua-Platform":["\"Windows\""],"X-Forwarded-Host":["kitap.rorcun.com"],"Sec-Fetch-Site":["same-origin"],"Sec-Ch-Ua-Mobile":["?0"],"Pragma":["no-cache"],"Cache-Control":["no-cache"]},"tls":{"resumed":true,"version":772,"cipher_suite":4865,"proto":"h2","server_name":"kitap.rorcun.com","ech":false}},"error":"reading: context canceled"}
{"level":"warn","ts":1788286308.3786378,"logger":"http.handlers.reverse_proxy","msg":"aborting with incomplete response","upstream":"127.0.0.1:8080","duration":0.0056833,"request":{"remote_ip":"31.223.116.89","remote_port":"52352","client_ip":"31.223.116.89","proto":"HTTP/2.0","method":"GET","host":"kitap.rorcun.com","uri":"/bildirimler/akis","headers":{"X-Real-Ip":["31.223.116.89"],"Priority":["u=1, i"],"Sec-Fetch-Dest":["empty"],"Sec-Fetch-Site":["same-origin"],"X-Forwarded-For":["31.223.116.89"],"X-Forwarded-Host":["kitap.rorcun.com"],"Sec-Ch-Ua-Platform":["\"Windows\""],"User-Agent":["Mozilla/5.0 (Windows NT 10.0; Win64; x64) AppleWebKit/537.36 (KHTML, like Gecko) Chrome/152.0.0.0 Safari/537.36"],"Accept-Language":["tr-TR,tr;q=0.9,en-US;q=0.8,en;q=0.7"],"Sec-Ch-Ua":["\"Chromium\";v=\"152\", \"Not?A_Brand\";v=\"24\", \"Google Chrome\";v=\"152\""],"Via":["2.0 Caddy"],"Sec-Ch-Ua-Mobile":["?0"],"Sec-Fetch-Mode":["cors"],"Referer":["https://kitap.rorcun.com/takas"],"Cookie":["REDACTED"],"Accept":["text/event-stream"],"Accept-Encoding":["gzip, deflate, br, zstd"],"Pragma":["no-cache"],"X-Forwarded-Proto":["https"],"Cache-Control":["no-cache"]},"tls":{"resumed":true,"version":772,"cipher_suite":4865,"proto":"h2","server_name":"kitap.rorcun.com","ech":false}},"error":"reading: context canceled"}
{"level":"warn","ts":1788286309.5371044,"logger":"http.handlers.reverse_proxy","msg":"aborting with incomplete response","upstream":"127.0.0.1:8080","duration":0.0058397,"request":{"remote_ip":"31.223.116.89","remote_port":"52352","client_ip":"31.223.116.89","proto":"HTTP/2.0","method":"GET","host":"kitap.rorcun.com","uri":"/bildirimler/akis","headers":{"Accept-Encoding":["gzip, deflate, br, zstd"],"X-Forwarded-For":["31.223.116.89"],"Priority":["u=1, i"],"X-Forwarded-Host":["kitap.rorcun.com"],"Sec-Fetch-Site":["same-origin"],"Sec-Ch-Ua":["\"Chromium\";v=\"152\", \"Not?A_Brand\";v=\"24\", \"Google Chrome\";v=\"152\""],"X-Real-Ip":["31.223.116.89"],"Sec-Fetch-Dest":["empty"],"X-Forwarded-Proto":["https"],"Accept":["text/event-stream"],"Cookie":["REDACTED"],"Sec-Ch-Ua-Mobile":["?0"],"Sec-Ch-Ua-Platform":["\"Windows\""],"Pragma":["no-cache"],"Referer":["https://kitap.rorcun.com/takas/teklif/1"],"Via":["2.0 Caddy"],"Sec-Fetch-Mode":["cors"],"Accept-Language":["tr-TR,tr;q=0.9,en-US;q=0.8,en;q=0.7"],"Cache-Control":["no-cache"],"User-Agent":["Mozilla/5.0 (Windows NT 10.0; Win64; x64) AppleWebKit/537.36 (KHTML, like Gecko) Chrome/152.0.0.0 Safari/537.36"]},"tls":{"resumed":true,"version":772,"cipher_suite":4865,"proto":"h2","server_name":"kitap.rorcun.com","ech":false}},"error":"reading: context canceled"}
{"level":"warn","ts":1788286363.7569926,"logger":"http.handlers.reverse_proxy","msg":"aborting with incomplete response","upstream":"127.0.0.1:8080","duration":0.0053466,"request":{"remote_ip":"31.223.116.89","remote_port":"52352","client_ip":"31.223.116.89","proto":"HTTP/2.0","method":"GET","host":"kitap.rorcun.com","uri":"/bildirimler/akis","headers":{"Cache-Control":["no-cache"],"X-Forwarded-Proto":["https"],"Accept-Encoding":["gzip, deflate, br, zstd"],"Sec-Fetch-Mode":["cors"],"Via":["2.0 Caddy"],"Sec-Fetch-Site":["same-origin"],"Pragma":["no-cache"],"Sec-Ch-Ua-Platform":["\"Windows\""],"Referer":["https://kitap.rorcun.com/takas/kitaplarim"],"X-Forwarded-For":["31.223.116.89"],"X-Real-Ip":["31.223.116.89"],"Sec-Ch-Ua-Mobile":["?0"],"X-Forwarded-Host":["kitap.rorcun.com"],"Priority":["u=1, i"],"User-Agent":["Mozilla/5.0 (Windows NT 10.0; Win64; x64) AppleWebKit/537.36 (KHTML, like Gecko) Chrome/152.0.0.0 Safari/537.36"],"Sec-Ch-Ua":["\"Chromium\";v=\"152\", \"Not?A_Brand\";v=\"24\", \"Google Chrome\";v=\"152\""],"Accept":["text/event-stream"],"Cookie":["REDACTED"],"Accept-Language":["tr-TR,tr;q=0.9,en-US;q=0.8,en;q=0.7"],"Sec-Fetch-Dest":["empty"]},"tls":{"resumed":true,"version":772,"cipher_suite":4865,"proto":"h2","server_name":"kitap.rorcun.com","ech":false}},"error":"reading: context canceled"}
{"level":"warn","ts":1788286366.2217014,"logger":"http.handlers.reverse_proxy","msg":"aborting with incomplete response","upstream":"127.0.0.1:8080","duration":0.0060668,"request":{"remote_ip":"31.223.116.89","remote_port":"52352","client_ip":"31.223.116.89","proto":"HTTP/2.0","method":"GET","host":"kitap.rorcun.com","uri":"/bildirimler/akis","headers":{"Sec-Fetch-Site":["same-origin"],"Sec-Fetch-Dest":["empty"],"Accept-Encoding":["gzip, deflate, br, zstd"],"X-Forwarded-For":["31.223.116.89"],"Priority":["u=1, i"],"Cookie":["REDACTED"],"User-Agent":["Mozilla/5.0 (Windows NT 10.0; Win64; x64) AppleWebKit/537.36 (KHTML, like Gecko) Chrome/152.0.0.0 Safari/537.36"],"Sec-Fetch-Mode":["cors"],"X-Real-Ip":["31.223.116.89"],"Accept-Language":["tr-TR,tr;q=0.9,en-US;q=0.8,en;q=0.7"],"Referer":["https://kitap.rorcun.com/takas/kitaplarim"],"Pragma":["no-cache"],"Cache-Control":["no-cache"],"X-Forwarded-Proto":["https"],"Via":["2.0 Caddy"],"Sec-Ch-Ua-Platform":["\"Windows\""],"X-Forwarded-Host":["kitap.rorcun.com"],"Accept":["text/event-stream"],"Sec-Ch-Ua-Mobile":["?0"],"Sec-Ch-Ua":["\"Chromium\";v=\"152\", \"Not?A_Brand\";v=\"24\", \"Google Chrome\";v=\"152\""]},"tls":{"resumed":true,"version":772,"cipher_suite":4865,"proto":"h2","server_name":"kitap.rorcun.com","ech":false}},"error":"reading: context canceled"}
{"level":"warn","ts":1788286367.6895237,"logger":"http.handlers.reverse_proxy","msg":"aborting with incomplete response","upstream":"127.0.0.1:8080","duration":0.0047039,"request":{"remote_ip":"31.223.116.89","remote_port":"52352","client_ip":"31.223.116.89","proto":"HTTP/2.0","method":"GET","host":"kitap.rorcun.com","uri":"/bildirimler/akis","headers":{"Accept-Encoding":["gzip, deflate, br, zstd"],"Via":["2.0 Caddy"],"Pragma":["no-cache"],"X-Forwarded-Proto":["https"],"X-Real-Ip":["31.223.116.89"],"Cache-Control":["no-cache"],"Sec-Ch-Ua-Platform":["\"Windows\""],"X-Forwarded-For":["31.223.116.89"],"Priority":["u=1, i"],"Sec-Fetch-Mode":["cors"],"Sec-Fetch-Dest":["empty"],"Sec-Ch-Ua":["\"Chromium\";v=\"152\", \"Not?A_Brand\";v=\"24\", \"Google Chrome\";v=\"152\""],"Referer":["https://kitap.rorcun.com/takas"],"Sec-Fetch-Site":["same-origin"],"Accept-Language":["tr-TR,tr;q=0.9,en-US;q=0.8,en;q=0.7"],"Sec-Ch-Ua-Mobile":["?0"],"X-Forwarded-Host":["kitap.rorcun.com"],"Cookie":["REDACTED"],"User-Agent":["Mozilla/5.0 (Windows NT 10.0; Win64; x64) AppleWebKit/537.36 (KHTML, like Gecko) Chrome/152.0.0.0 Safari/537.36"],"Accept":["text/event-stream"]},"tls":{"resumed":true,"version":772,"cipher_suite":4865,"proto":"h2","server_name":"kitap.rorcun.com","ech":false}},"error":"reading: context canceled"}
{"level":"warn","ts":1788286368.9749086,"logger":"http.handlers.reverse_proxy","msg":"aborting with incomplete response","upstream":"127.0.0.1:8080","duration":0.0058377,"request":{"remote_ip":"31.223.116.89","remote_port":"52352","client_ip":"31.223.116.89","proto":"HTTP/2.0","method":"GET","host":"kitap.rorcun.com","uri":"/bildirimler/akis","headers":{"Accept-Encoding":["gzip, deflate, br, zstd"],"Referer":["https://kitap.rorcun.com/takas/takaslarim"],"Priority":["u=1, i"],"X-Forwarded-For":["31.223.116.89"],"Via":["2.0 Caddy"],"Cache-Control":["no-cache"],"Sec-Ch-Ua-Mobile":["?0"],"X-Forwarded-Proto":["https"],"Sec-Ch-Ua":["\"Chromium\";v=\"152\", \"Not?A_Brand\";v=\"24\", \"Google Chrome\";v=\"152\""],"Accept":["text/event-stream"],"User-Agent":["Mozilla/5.0 (Windows NT 10.0; Win64; x64) AppleWebKit/537.36 (KHTML, like Gecko) Chrome/152.0.0.0 Safari/537.36"],"X-Forwarded-Host":["kitap.rorcun.com"],"Accept-Language":["tr-TR,tr;q=0.9,en-US;q=0.8,en;q=0.7"],"Sec-Ch-Ua-Platform":["\"Windows\""],"Sec-Fetch-Site":["same-origin"],"Pragma":["no-cache"],"X-Real-Ip":["31.223.116.89"],"Sec-Fetch-Mode":["cors"],"Sec-Fetch-Dest":["empty"],"Cookie":["REDACTED"]},"tls":{"resumed":true,"version":772,"cipher_suite":4865,"proto":"h2","server_name":"kitap.rorcun.com","ech":false}},"error":"reading: context canceled"}
{"level":"warn","ts":1788286415.73265,"logger":"http.handlers.reverse_proxy","msg":"aborting with incomplete response","upstream":"127.0.0.1:8080","duration":0.0057883,"request":{"remote_ip":"31.223.116.89","remote_port":"52352","client_ip":"31.223.116.89","proto":"HTTP/2.0","method":"GET","host":"kitap.rorcun.com","uri":"/bildirimler/akis","headers":{"Sec-Ch-Ua":["\"Chromium\";v=\"152\", \"Not?A_Brand\";v=\"24\", \"Google Chrome\";v=\"152\""],"Sec-Ch-Ua-Platform":["\"Windows\""],"X-Real-Ip":["31.223.116.89"],"X-Forwarded-For":["31.223.116.89"],"Sec-Fetch-Dest":["empty"],"Pragma":["no-cache"],"Sec-Fetch-Mode":["cors"],"Accept-Language":["tr-TR,tr;q=0.9,en-US;q=0.8,en;q=0.7"],"User-Agent":["Mozilla/5.0 (Windows NT 10.0; Win64; x64) AppleWebKit/537.36 (KHTML, like Gecko) Chrome/152.0.0.0 Safari/537.36"],"Cache-Control":["no-cache"],"Accept":["text/event-stream"],"Via":["2.0 Caddy"],"Accept-Encoding":["gzip, deflate, br, zstd"],"Priority":["u=1, i"],"Referer":["https://kitap.rorcun.com/takas"],"Sec-Fetch-Site":["same-origin"],"X-Forwarded-Proto":["https"],"X-Forwarded-Host":["kitap.rorcun.com"],"Cookie":["REDACTED"],"Sec-Ch-Ua-Mobile":["?0"]},"tls":{"resumed":true,"version":772,"cipher_suite":4865,"proto":"h2","server_name":"kitap.rorcun.com","ech":false}},"error":"reading: context canceled"}
{"level":"warn","ts":1788286419.5533688,"logger":"http.handlers.reverse_proxy","msg":"aborting with incomplete response","upstream":"127.0.0.1:8080","duration":0.0058763,"request":{"remote_ip":"31.223.116.89","remote_port":"52352","client_ip":"31.223.116.89","proto":"HTTP/2.0","method":"GET","host":"kitap.rorcun.com","uri":"/bildirimler/akis","headers":{"Via":["2.0 Caddy"],"Accept-Encoding":["gzip, deflate, br, zstd"],"Referer":["https://kitap.rorcun.com/takas/teklif/1"],"Sec-Ch-Ua-Platform":["\"Windows\""],"User-Agent":["Mozilla/5.0 (Windows NT 10.0; Win64; x64) AppleWebKit/537.36 (KHTML, like Gecko) Chrome/152.0.0.0 Safari/537.36"],"X-Forwarded-For":["31.223.116.89"],"Cache-Control":["no-cache"],"X-Forwarded-Host":["kitap.rorcun.com"],"X-Real-Ip":["31.223.116.89"],"Sec-Fetch-Dest":["empty"],"Sec-Ch-Ua-Mobile":["?0"],"Accept-Language":["tr-TR,tr;q=0.9,en-US;q=0.8,en;q=0.7"],"Cookie":["REDACTED"],"Sec-Ch-Ua":["\"Chromium\";v=\"152\", \"Not?A_Brand\";v=\"24\", \"Google Chrome\";v=\"152\""],"Sec-Fetch-Mode":["cors"],"Pragma":["no-cache"],"Priority":["u=1, i"],"Accept":["text/event-stream"],"X-Forwarded-Proto":["https"],"Sec-Fetch-Site":["same-origin"]},"tls":{"resumed":true,"version":772,"cipher_suite":4865,"proto":"h2","server_name":"kitap.rorcun.com","ech":false}},"error":"reading: context canceled"}
{"level":"warn","ts":1788286817.754436,"logger":"http.handlers.reverse_proxy","msg":"aborting with incomplete response","upstream":"127.0.0.1:8080","duration":0.0248882,"request":{"remote_ip":"31.223.116.89","remote_port":"59056","client_ip":"31.223.116.89","proto":"HTTP/2.0","method":"GET","host":"kitap.rorcun.com","uri":"/bildirimler/akis","headers":{"Via":["2.0 Caddy"],"Sec-Ch-Ua":["\"Chromium\";v=\"152\", \"Not?A_Brand\";v=\"24\", \"Microsoft Edge\";v=\"152\""],"Accept-Encoding":["gzip, deflate, br, zstd"],"Accept-Language":["tr,en;q=0.9,en-GB;q=0.8,en-US;q=0.7,tr-TR;q=0.6"],"Referer":["https://kitap.rorcun.com/panom"],"Pragma":["no-cache"],"Sec-Ch-Ua-Mobile":["?0"],"Sec-Fetch-Dest":["empty"],"Priority":["u=1, i"],"Sec-Fetch-Mode":["cors"],"X-Forwarded-Proto":["https"],"Sec-Fetch-Site":["same-origin"],"Sec-Ch-Ua-Platform":["\"Windows\""],"X-Forwarded-Host":["kitap.rorcun.com"],"Cache-Control":["no-cache"],"Accept":["text/event-stream"],"X-Real-Ip":["31.223.116.89"],"User-Agent":["Mozilla/5.0 (Windows NT 10.0; Win64; x64) AppleWebKit/537.36 (KHTML, like Gecko) Chrome/152.0.0.0 Safari/537.36 Edg/152.0.0.0"],"Cookie":["REDACTED"],"X-Forwarded-For":["31.223.116.89"]},"tls":{"resumed":true,"version":772,"cipher_suite":4865,"proto":"h2","server_name":"kitap.rorcun.com","ech":false}},"error":"reading: unexpected EOF"}
{"level":"warn","ts":1788286872.4176955,"logger":"http.handlers.reverse_proxy","msg":"aborting with incomplete response","upstream":"127.0.0.1:8080","duration":0.0095349,"request":{"remote_ip":"31.223.116.89","remote_port":"49239","client_ip":"31.223.116.89","proto":"HTTP/2.0","method":"GET","host":"kitap.rorcun.com","uri":"/bildirimler/akis","headers":{"Via":["2.0 Caddy"],"Sec-Fetch-Site":["same-origin"],"Sec-Ch-Ua-Platform":["\"Windows\""],"X-Forwarded-For":["31.223.116.89"],"Accept":["text/event-stream"],"Sec-Fetch-Mode":["cors"],"Accept-Encoding":["gzip, deflate, br, zstd"],"Cookie":["REDACTED"],"Referer":["https://kitap.rorcun.com/kesfet"],"Pragma":["no-cache"],"Accept-Language":["tr,en-US;q=0.9,en;q=0.8,id;q=0.7,th;q=0.6,ru;q=0.5,da;q=0.4"],"Sec-Fetch-Dest":["empty"],"Sec-Ch-Ua":["\"Not=A?Brand\";v=\"99\", \"Opera\";v=\"135\", \"Chromium\";v=\"151\""],"X-Real-Ip":["31.223.116.89"],"X-Forwarded-Proto":["https"],"X-Forwarded-Host":["kitap.rorcun.com"],"Cache-Control":["no-cache"],"Sec-Ch-Ua-Mobile":["?0"],"Priority":["u=1, i"],"User-Agent":["Mozilla/5.0 (Windows NT 10.0; Win64; x64) AppleWebKit/537.36 (KHTML, like Gecko) Chrome/151.0.0.0 Safari/537.36 OPR/135.0.0.0"]},"tls":{"resumed":true,"version":772,"cipher_suite":4865,"proto":"h2","server_name":"kitap.rorcun.com","ech":false}},"error":"reading: context canceled"}
{"level":"warn","ts":1788286887.1360695,"logger":"http.handlers.reverse_proxy","msg":"aborting with incomplete response","upstream":"127.0.0.1:8080","duration":0.007029,"request":{"remote_ip":"31.223.116.89","remote_port":"49239","client_ip":"31.223.116.89","proto":"HTTP/2.0","method":"GET","host":"kitap.rorcun.com","uri":"/bildirimler/akis","headers":{"Accept":["text/event-stream"],"Cookie":["REDACTED"],"X-Forwarded-For":["31.223.116.89"],"Accept-Language":["tr,en-US;q=0.9,en;q=0.8,id;q=0.7,th;q=0.6,ru;q=0.5,da;q=0.4"],"Referer":["https://kitap.rorcun.com/takas"],"X-Real-Ip":["31.223.116.89"],"Accept-Encoding":["gzip, deflate, br, zstd"],"Priority":["u=1, i"],"Sec-Ch-Ua-Platform":["\"Windows\""],"Sec-Fetch-Dest":["empty"],"Sec-Fetch-Mode":["cors"],"Sec-Ch-Ua":["\"Not=A?Brand\";v=\"99\", \"Opera\";v=\"135\", \"Chromium\";v=\"151\""],"Cache-Control":["no-cache"],"X-Forwarded-Host":["kitap.rorcun.com"],"User-Agent":["Mozilla/5.0 (Windows NT 10.0; Win64; x64) AppleWebKit/537.36 (KHTML, like Gecko) Chrome/151.0.0.0 Safari/537.36 OPR/135.0.0.0"],"Sec-Fetch-Site":["same-origin"],"Sec-Ch-Ua-Mobile":["?0"],"X-Forwarded-Proto":["https"],"Via":["2.0 Caddy"],"Pragma":["no-cache"]},"tls":{"resumed":true,"version":772,"cipher_suite":4865,"proto":"h2","server_name":"kitap.rorcun.com","ech":false}},"error":"reading: context canceled"}
{"level":"warn","ts":1788286913.1390395,"logger":"http.handlers.reverse_proxy","msg":"aborting with incomplete response","upstream":"127.0.0.1:8080","duration":0.0091407,"request":{"remote_ip":"31.223.116.89","remote_port":"49239","client_ip":"31.223.116.89","proto":"HTTP/2.0","method":"GET","host":"kitap.rorcun.com","uri":"/bildirimler/akis","headers":{"X-Forwarded-For":["31.223.116.89"],"Priority":["u=1, i"],"Sec-Fetch-Site":["same-origin"],"Sec-Ch-Ua-Platform":["\"Windows\""],"Via":["2.0 Caddy"],"Sec-Ch-Ua":["\"Not=A?Brand\";v=\"99\", \"Opera\";v=\"135\", \"Chromium\";v=\"151\""],"Sec-Ch-Ua-Mobile":["?0"],"X-Forwarded-Host":["kitap.rorcun.com"],"Sec-Fetch-Dest":["empty"],"Pragma":["no-cache"],"Accept":["text/event-stream"],"Sec-Fetch-Mode":["cors"],"Referer":["https://kitap.rorcun.com/takas/takaslarim"],"Accept-Encoding":["gzip, deflate, br, zstd"],"Cache-Control":["no-cache"],"X-Forwarded-Proto":["https"],"X-Real-Ip":["31.223.116.89"],"User-Agent":["Mozilla/5.0 (Windows NT 10.0; Win64; x64) AppleWebKit/537.36 (KHTML, like Gecko) Chrome/151.0.0.0 Safari/537.36 OPR/135.0.0.0"],"Accept-Language":["tr,en-US;q=0.9,en;q=0.8,id;q=0.7,th;q=0.6,ru;q=0.5,da;q=0.4"],"Cookie":["REDACTED"]},"tls":{"resumed":true,"version":772,"cipher_suite":4865,"proto":"h2","server_name":"kitap.rorcun.com","ech":false}},"error":"reading: context canceled"}
{"level":"warn","ts":1788286929.7904997,"logger":"http.handlers.reverse_proxy","msg":"aborting with incomplete response","upstream":"127.0.0.1:8080","duration":0.006456,"request":{"remote_ip":"31.223.116.89","remote_port":"49239","client_ip":"31.223.116.89","proto":"HTTP/2.0","method":"GET","host":"kitap.rorcun.com","uri":"/bildirimler/akis","headers":{"Accept-Language":["tr,en-US;q=0.9,en;q=0.8,id;q=0.7,th;q=0.6,ru;q=0.5,da;q=0.4"],"Via":["2.0 Caddy"],"X-Real-Ip":["31.223.116.89"],"Cookie":["REDACTED"],"Accept":["text/event-stream"],"X-Forwarded-Proto":["https"],"Sec-Fetch-Dest":["empty"],"Sec-Ch-Ua-Platform":["\"Windows\""],"Sec-Fetch-Site":["same-origin"],"X-Forwarded-Host":["kitap.rorcun.com"],"Accept-Encoding":["gzip, deflate, br, zstd"],"Cache-Control":["no-cache"],"Sec-Ch-Ua":["\"Not=A?Brand\";v=\"99\", \"Opera\";v=\"135\", \"Chromium\";v=\"151\""],"User-Agent":["Mozilla/5.0 (Windows NT 10.0; Win64; x64) AppleWebKit/537.36 (KHTML, like Gecko) Chrome/151.0.0.0 Safari/537.36 OPR/135.0.0.0"],"Sec-Fetch-Mode":["cors"],"X-Forwarded-For":["31.223.116.89"],"Priority":["u=1, i"],"Referer":["https://kitap.rorcun.com/takas/takaslarim"],"Pragma":["no-cache"],"Sec-Ch-Ua-Mobile":["?0"]},"tls":{"resumed":true,"version":772,"cipher_suite":4865,"proto":"h2","server_name":"kitap.rorcun.com","ech":false}},"error":"reading: context canceled"}
{"level":"warn","ts":1788286935.3995235,"logger":"http.handlers.reverse_proxy","msg":"aborting with incomplete response","upstream":"127.0.0.1:8080","duration":0.0052008,"request":{"remote_ip":"31.223.116.89","remote_port":"52352","client_ip":"31.223.116.89","proto":"HTTP/2.0","method":"GET","host":"kitap.rorcun.com","uri":"/bildirimler/akis","headers":{"Cache-Control":["no-cache"],"Sec-Ch-Ua":["\"Chromium\";v=\"152\", \"Not?A_Brand\";v=\"24\", \"Google Chrome\";v=\"152\""],"Priority":["u=1, i"],"Sec-Ch-Ua-Mobile":["?0"],"Via":["2.0 Caddy"],"Accept":["text/event-stream"],"Sec-Ch-Ua-Platform":["\"Windows\""],"X-Real-Ip":["31.223.116.89"],"User-Agent":["Mozilla/5.0 (Windows NT 10.0; Win64; x64) AppleWebKit/537.36 (KHTML, like Gecko) Chrome/152.0.0.0 Safari/537.36"],"X-Forwarded-For":["31.223.116.89"],"Sec-Fetch-Dest":["empty"],"Sec-Fetch-Mode":["cors"],"X-Forwarded-Proto":["https"],"Accept-Encoding":["gzip, deflate, br, zstd"],"X-Forwarded-Host":["kitap.rorcun.com"],"Sec-Fetch-Site":["same-origin"],"Referer":["https://kitap.rorcun.com/takas/takaslarim"],"Pragma":["no-cache"],"Accept-Language":["tr-TR,tr;q=0.9,en-US;q=0.8,en;q=0.7"],"Cookie":["REDACTED"]},"tls":{"resumed":true,"version":772,"cipher_suite":4865,"proto":"h2","server_name":"kitap.rorcun.com","ech":false}},"error":"reading: context canceled"}
{"level":"warn","ts":1788286938.6436274,"logger":"http.handlers.reverse_proxy","msg":"aborting with incomplete response","upstream":"127.0.0.1:8080","duration":0.0057223,"request":{"remote_ip":"31.223.116.89","remote_port":"52352","client_ip":"31.223.116.89","proto":"HTTP/2.0","method":"GET","host":"kitap.rorcun.com","uri":"/bildirimler/akis","headers":{"Cookie":["REDACTED"],"Sec-Ch-Ua":["\"Chromium\";v=\"152\", \"Not?A_Brand\";v=\"24\", \"Google Chrome\";v=\"152\""],"Sec-Ch-Ua-Mobile":["?0"],"Via":["2.0 Caddy"],"Priority":["u=1, i"],"Referer":["https://kitap.rorcun.com/bildirimler"],"X-Forwarded-Proto":["https"],"X-Real-Ip":["31.223.116.89"],"Sec-Fetch-Mode":["cors"],"Accept-Language":["tr-TR,tr;q=0.9,en-US;q=0.8,en;q=0.7"],"Cache-Control":["no-cache"],"Pragma":["no-cache"],"Sec-Fetch-Dest":["empty"],"X-Forwarded-Host":["kitap.rorcun.com"],"Accept-Encoding":["gzip, deflate, br, zstd"],"User-Agent":["Mozilla/5.0 (Windows NT 10.0; Win64; x64) AppleWebKit/537.36 (KHTML, like Gecko) Chrome/152.0.0.0 Safari/537.36"],"Accept":["text/event-stream"],"X-Forwarded-For":["31.223.116.89"],"Sec-Ch-Ua-Platform":["\"Windows\""],"Sec-Fetch-Site":["same-origin"]},"tls":{"resumed":true,"version":772,"cipher_suite":4865,"proto":"h2","server_name":"kitap.rorcun.com","ech":false}},"error":"reading: context canceled"}
{"level":"warn","ts":1788286943.5427551,"logger":"http.handlers.reverse_proxy","msg":"aborting with incomplete response","upstream":"127.0.0.1:8080","duration":0.0072011,"request":{"remote_ip":"31.223.116.89","remote_port":"52352","client_ip":"31.223.116.89","proto":"HTTP/2.0","method":"GET","host":"kitap.rorcun.com","uri":"/bildirimler/akis","headers":{"X-Forwarded-Proto":["https"],"User-Agent":["Mozilla/5.0 (Windows NT 10.0; Win64; x64) AppleWebKit/537.36 (KHTML, like Gecko) Chrome/152.0.0.0 Safari/537.36"],"Pragma":["no-cache"],"Sec-Fetch-Site":["same-origin"],"Accept-Encoding":["gzip, deflate, br, zstd"],"Priority":["u=1, i"],"Sec-Ch-Ua":["\"Chromium\";v=\"152\", \"Not?A_Brand\";v=\"24\", \"Google Chrome\";v=\"152\""],"Sec-Ch-Ua-Platform":["\"Windows\""],"Sec-Ch-Ua-Mobile":["?0"],"Referer":["https://kitap.rorcun.com/takas"],"Cookie":["REDACTED"],"X-Real-Ip":["31.223.116.89"],"X-Forwarded-For":["31.223.116.89"],"X-Forwarded-Host":["kitap.rorcun.com"],"Accept":["text/event-stream"],"Cache-Control":["no-cache"],"Sec-Fetch-Dest":["empty"],"Sec-Fetch-Mode":["cors"],"Accept-Language":["tr-TR,tr;q=0.9,en-US;q=0.8,en;q=0.7"],"Via":["2.0 Caddy"]},"tls":{"resumed":true,"version":772,"cipher_suite":4865,"proto":"h2","server_name":"kitap.rorcun.com","ech":false}},"error":"reading: context canceled"}
{"level":"warn","ts":1788286946.0960233,"logger":"http.handlers.reverse_proxy","msg":"aborting with incomplete response","upstream":"127.0.0.1:8080","duration":0.0059042,"request":{"remote_ip":"31.223.116.89","remote_port":"52352","client_ip":"31.223.116.89","proto":"HTTP/2.0","method":"GET","host":"kitap.rorcun.com","uri":"/bildirimler/akis","headers":{"Pragma":["no-cache"],"Sec-Fetch-Mode":["cors"],"X-Forwarded-Host":["kitap.rorcun.com"],"Sec-Ch-Ua":["\"Chromium\";v=\"152\", \"Not?A_Brand\";v=\"24\", \"Google Chrome\";v=\"152\""],"Priority":["u=1, i"],"Sec-Fetch-Dest":["empty"],"Sec-Ch-Ua-Platform":["\"Windows\""],"User-Agent":["Mozilla/5.0 (Windows NT 10.0; Win64; x64) AppleWebKit/537.36 (KHTML, like Gecko) Chrome/152.0.0.0 Safari/537.36"],"Accept-Language":["tr-TR,tr;q=0.9,en-US;q=0.8,en;q=0.7"],"X-Forwarded-Proto":["https"],"Referer":["https://kitap.rorcun.com/profil"],"Sec-Fetch-Site":["same-origin"],"X-Real-Ip":["31.223.116.89"],"Accept-Encoding":["gzip, deflate, br, zstd"],"Cookie":["REDACTED"],"Cache-Control":["no-cache"],"X-Forwarded-For":["31.223.116.89"],"Sec-Ch-Ua-Mobile":["?0"],"Accept":["text/event-stream"],"Via":["2.0 Caddy"]},"tls":{"resumed":true,"version":772,"cipher_suite":4865,"proto":"h2","server_name":"kitap.rorcun.com","ech":false}},"error":"reading: context canceled"}
{"level":"warn","ts":1788286951.9718328,"logger":"http.handlers.reverse_proxy","msg":"aborting with incomplete response","upstream":"127.0.0.1:8080","duration":0.0052407,"request":{"remote_ip":"31.223.116.89","remote_port":"52352","client_ip":"31.223.116.89","proto":"HTTP/2.0","method":"GET","host":"kitap.rorcun.com","uri":"/bildirimler/akis","headers":{"User-Agent":["Mozilla/5.0 (Windows NT 10.0; Win64; x64) AppleWebKit/537.36 (KHTML, like Gecko) Chrome/152.0.0.0 Safari/537.36"],"Cache-Control":["no-cache"],"Sec-Ch-Ua":["\"Chromium\";v=\"152\", \"Not?A_Brand\";v=\"24\", \"Google Chrome\";v=\"152\""],"Sec-Fetch-Mode":["cors"],"Sec-Fetch-Site":["same-origin"],"Via":["2.0 Caddy"],"Accept":["text/event-stream"],"Sec-Fetch-Dest":["empty"],"Sec-Ch-Ua-Platform":["\"Windows\""],"Referer":["https://kitap.rorcun.com/panom"],"Priority":["u=1, i"],"X-Forwarded-For":["31.223.116.89"],"X-Forwarded-Proto":["https"],"X-Real-Ip":["31.223.116.89"],"Cookie":["REDACTED"],"Pragma":["no-cache"],"Accept-Encoding":["gzip, deflate, br, zstd"],"Accept-Language":["tr-TR,tr;q=0.9,en-US;q=0.8,en;q=0.7"],"Sec-Ch-Ua-Mobile":["?0"],"X-Forwarded-Host":["kitap.rorcun.com"]},"tls":{"resumed":true,"version":772,"cipher_suite":4865,"proto":"h2","server_name":"kitap.rorcun.com","ech":false}},"error":"reading: context canceled"}
{"level":"warn","ts":1788286953.6401713,"logger":"http.handlers.reverse_proxy","msg":"aborting with incomplete response","upstream":"127.0.0.1:8080","duration":0.0053605,"request":{"remote_ip":"31.223.116.89","remote_port":"52352","client_ip":"31.223.116.89","proto":"HTTP/2.0","method":"GET","host":"kitap.rorcun.com","uri":"/bildirimler/akis","headers":{"Accept":["text/event-stream"],"Sec-Fetch-Dest":["empty"],"Via":["2.0 Caddy"],"Sec-Ch-Ua-Mobile":["?0"],"X-Forwarded-For":["31.223.116.89"],"Sec-Ch-Ua-Platform":["\"Windows\""],"Accept-Encoding":["gzip, deflate, br, zstd"],"X-Real-Ip":["31.223.116.89"],"X-Forwarded-Proto":["https"],"Cache-Control":["no-cache"],"User-Agent":["Mozilla/5.0 (Windows NT 10.0; Win64; x64) AppleWebKit/537.36 (KHTML, like Gecko) Chrome/152.0.0.0 Safari/537.36"],"Cookie":["REDACTED"],"Sec-Fetch-Mode":["cors"],"Sec-Fetch-Site":["same-origin"],"Referer":["https://kitap.rorcun.com/bagis/yeni"],"Accept-Language":["tr-TR,tr;q=0.9,en-US;q=0.8,en;q=0.7"],"Sec-Ch-Ua":["\"Chromium\";v=\"152\", \"Not?A_Brand\";v=\"24\", \"Google Chrome\";v=\"152\""],"X-Forwarded-Host":["kitap.rorcun.com"],"Pragma":["no-cache"],"Priority":["u=1, i"]},"tls":{"resumed":true,"version":772,"cipher_suite":4865,"proto":"h2","server_name":"kitap.rorcun.com","ech":false}},"error":"reading: context canceled"}
{"level":"warn","ts":1788286959.391783,"logger":"http.handlers.reverse_proxy","msg":"aborting with incomplete response","upstream":"127.0.0.1:8080","duration":0.0060667,"request":{"remote_ip":"31.223.116.89","remote_port":"52352","client_ip":"31.223.116.89","proto":"HTTP/2.0","method":"GET","host":"kitap.rorcun.com","uri":"/bildirimler/akis","headers":{"Sec-Ch-Ua-Mobile":["?0"],"Accept":["text/event-stream"],"Cookie":["REDACTED"],"Sec-Fetch-Dest":["empty"],"Sec-Fetch-Mode":["cors"],"X-Real-Ip":["31.223.116.89"],"Accept-Encoding":["gzip, deflate, br, zstd"],"User-Agent":["Mozilla/5.0 (Windows NT 10.0; Win64; x64) AppleWebKit/537.36 (KHTML, like Gecko) Chrome/152.0.0.0 Safari/537.36"],"Priority":["u=1, i"],"Via":["2.0 Caddy"],"X-Forwarded-For":["31.223.116.89"],"Cache-Control":["no-cache"],"Sec-Ch-Ua-Platform":["\"Windows\""],"Sec-Ch-Ua":["\"Chromium\";v=\"152\", \"Not?A_Brand\";v=\"24\", \"Google Chrome\";v=\"152\""],"Pragma":["no-cache"],"Sec-Fetch-Site":["same-origin"],"Accept-Language":["tr-TR,tr;q=0.9,en-US;q=0.8,en;q=0.7"],"Referer":["https://kitap.rorcun.com/takas"],"X-Forwarded-Proto":["https"],"X-Forwarded-Host":["kitap.rorcun.com"]},"tls":{"resumed":true,"version":772,"cipher_suite":4865,"proto":"h2","server_name":"kitap.rorcun.com","ech":false}},"error":"reading: context canceled"}
{"level":"warn","ts":1788287004.7455091,"logger":"http.handlers.reverse_proxy","msg":"aborting with incomplete response","upstream":"127.0.0.1:8080","duration":0.0095511,"request":{"remote_ip":"31.223.116.89","remote_port":"49239","client_ip":"31.223.116.89","proto":"HTTP/2.0","method":"GET","host":"kitap.rorcun.com","uri":"/bildirimler/akis","headers":{"X-Forwarded-Host":["kitap.rorcun.com"],"X-Real-Ip":["31.223.116.89"],"Sec-Ch-Ua-Platform":["\"Windows\""],"Accept-Encoding":["gzip, deflate, br, zstd"],"Accept":["text/event-stream"],"Sec-Fetch-Site":["same-origin"],"X-Forwarded-For":["31.223.116.89"],"Sec-Ch-Ua":["\"Not=A?Brand\";v=\"99\", \"Opera\";v=\"135\", \"Chromium\";v=\"151\""],"Sec-Fetch-Dest":["empty"],"Cookie":["REDACTED"],"Sec-Fetch-Mode":["cors"],"Referer":["https://kitap.rorcun.com/bildirimler"],"User-Agent":["Mozilla/5.0 (Windows NT 10.0; Win64; x64) AppleWebKit/537.36 (KHTML, like Gecko) Chrome/151.0.0.0 Safari/537.36 OPR/135.0.0.0"],"Pragma":["no-cache"],"X-Forwarded-Proto":["https"],"Cache-Control":["no-cache"],"Accept-Language":["tr,en-US;q=0.9,en;q=0.8,id;q=0.7,th;q=0.6,ru;q=0.5,da;q=0.4"],"Via":["2.0 Caddy"],"Priority":["u=1, i"],"Sec-Ch-Ua-Mobile":["?0"]},"tls":{"resumed":true,"version":772,"cipher_suite":4865,"proto":"h2","server_name":"kitap.rorcun.com","ech":false}},"error":"reading: context canceled"}
{"level":"warn","ts":1788287006.064654,"logger":"http.handlers.reverse_proxy","msg":"aborting with incomplete response","upstream":"127.0.0.1:8080","duration":0.0065287,"request":{"remote_ip":"31.223.116.89","remote_port":"49239","client_ip":"31.223.116.89","proto":"HTTP/2.0","method":"GET","host":"kitap.rorcun.com","uri":"/bildirimler/akis","headers":{"Sec-Ch-Ua-Mobile":["?0"],"Accept":["text/event-stream"],"Sec-Fetch-Dest":["empty"],"X-Forwarded-Proto":["https"],"Referer":["https://kitap.rorcun.com/takas"],"Priority":["u=1, i"],"Sec-Ch-Ua-Platform":["\"Windows\""],"Sec-Fetch-Site":["same-origin"],"Via":["2.0 Caddy"],"X-Forwarded-For":["31.223.116.89"],"Accept-Language":["tr,en-US;q=0.9,en;q=0.8,id;q=0.7,th;q=0.6,ru;q=0.5,da;q=0.4"],"Pragma":["no-cache"],"X-Real-Ip":["31.223.116.89"],"Cache-Control":["no-cache"],"User-Agent":["Mozilla/5.0 (Windows NT 10.0; Win64; x64) AppleWebKit/537.36 (KHTML, like Gecko) Chrome/151.0.0.0 Safari/537.36 OPR/135.0.0.0"],"Cookie":["REDACTED"],"X-Forwarded-Host":["kitap.rorcun.com"],"Sec-Fetch-Mode":["cors"],"Accept-Encoding":["gzip, deflate, br, zstd"],"Sec-Ch-Ua":["\"Not=A?Brand\";v=\"99\", \"Opera\";v=\"135\", \"Chromium\";v=\"151\""]},"tls":{"resumed":true,"version":772,"cipher_suite":4865,"proto":"h2","server_name":"kitap.rorcun.com","ech":false}},"error":"reading: context canceled"}
{"level":"warn","ts":1788287009.631055,"logger":"http.handlers.reverse_proxy","msg":"aborting with incomplete response","upstream":"127.0.0.1:8080","duration":0.0076407,"request":{"remote_ip":"31.223.116.89","remote_port":"49239","client_ip":"31.223.116.89","proto":"HTTP/2.0","method":"GET","host":"kitap.rorcun.com","uri":"/bildirimler/akis","headers":{"Sec-Fetch-Site":["same-origin"],"X-Forwarded-Proto":["https"],"Cache-Control":["no-cache"],"User-Agent":["Mozilla/5.0 (Windows NT 10.0; Win64; x64) AppleWebKit/537.36 (KHTML, like Gecko) Chrome/151.0.0.0 Safari/537.36 OPR/135.0.0.0"],"Sec-Fetch-Mode":["cors"],"X-Forwarded-Host":["kitap.rorcun.com"],"Cookie":["REDACTED"],"Accept-Encoding":["gzip, deflate, br, zstd"],"Priority":["u=1, i"],"Sec-Ch-Ua-Platform":["\"Windows\""],"Referer":["https://kitap.rorcun.com/takas/takaslarim"],"Accept-Language":["tr,en-US;q=0.9,en;q=0.8,id;q=0.7,th;q=0.6,ru;q=0.5,da;q=0.4"],"Sec-Fetch-Dest":["empty"],"Sec-Ch-Ua":["\"Not=A?Brand\";v=\"99\", \"Opera\";v=\"135\", \"Chromium\";v=\"151\""],"Accept":["text/event-stream"],"Pragma":["no-cache"],"Via":["2.0 Caddy"],"X-Real-Ip":["31.223.116.89"],"Sec-Ch-Ua-Mobile":["?0"],"X-Forwarded-For":["31.223.116.89"]},"tls":{"resumed":true,"version":772,"cipher_suite":4865,"proto":"h2","server_name":"kitap.rorcun.com","ech":false}},"error":"reading: context canceled"}
{"level":"warn","ts":1788287013.3677056,"logger":"http.handlers.reverse_proxy","msg":"aborting with incomplete response","upstream":"127.0.0.1:8080","duration":0.0059929,"request":{"remote_ip":"31.223.116.89","remote_port":"52352","client_ip":"31.223.116.89","proto":"HTTP/2.0","method":"GET","host":"kitap.rorcun.com","uri":"/bildirimler/akis","headers":{"X-Forwarded-For":["31.223.116.89"],"Cookie":["REDACTED"],"X-Forwarded-Host":["kitap.rorcun.com"],"Sec-Ch-Ua-Mobile":["?0"],"Sec-Fetch-Site":["same-origin"],"X-Real-Ip":["31.223.116.89"],"Cache-Control":["no-cache"],"Sec-Fetch-Dest":["empty"],"User-Agent":["Mozilla/5.0 (Windows NT 10.0; Win64; x64) AppleWebKit/537.36 (KHTML, like Gecko) Chrome/152.0.0.0 Safari/537.36"],"Pragma":["no-cache"],"Accept-Encoding":["gzip, deflate, br, zstd"],"X-Forwarded-Proto":["https"],"Priority":["u=1, i"],"Referer":["https://kitap.rorcun.com/takas/takaslarim"],"Via":["2.0 Caddy"],"Accept":["text/event-stream"],"Accept-Language":["tr-TR,tr;q=0.9,en-US;q=0.8,en;q=0.7"],"Sec-Fetch-Mode":["cors"],"Sec-Ch-Ua-Platform":["\"Windows\""],"Sec-Ch-Ua":["\"Chromium\";v=\"152\", \"Not?A_Brand\";v=\"24\", \"Google Chrome\";v=\"152\""]},"tls":{"resumed":true,"version":772,"cipher_suite":4865,"proto":"h2","server_name":"kitap.rorcun.com","ech":false}},"error":"reading: context canceled"}
{"level":"warn","ts":1788287014.9808505,"logger":"http.handlers.reverse_proxy","msg":"aborting with incomplete response","upstream":"127.0.0.1:8080","duration":0.0063739,"request":{"remote_ip":"31.223.116.89","remote_port":"52352","client_ip":"31.223.116.89","proto":"HTTP/2.0","method":"GET","host":"kitap.rorcun.com","uri":"/bildirimler/akis","headers":{"Sec-Ch-Ua-Platform":["\"Windows\""],"X-Forwarded-Proto":["https"],"Sec-Ch-Ua":["\"Chromium\";v=\"152\", \"Not?A_Brand\";v=\"24\", \"Google Chrome\";v=\"152\""],"Pragma":["no-cache"],"X-Real-Ip":["31.223.116.89"],"User-Agent":["Mozilla/5.0 (Windows NT 10.0; Win64; x64) AppleWebKit/537.36 (KHTML, like Gecko) Chrome/152.0.0.0 Safari/537.36"],"Priority":["u=1, i"],"Sec-Fetch-Mode":["cors"],"X-Forwarded-Host":["kitap.rorcun.com"],"Accept":["text/event-stream"],"Cache-Control":["no-cache"],"X-Forwarded-For":["31.223.116.89"],"Cookie":["REDACTED"],"Sec-Fetch-Site":["same-origin"],"Sec-Fetch-Dest":["empty"],"Via":["2.0 Caddy"],"Referer":["https://kitap.rorcun.com/bildirimler"],"Accept-Language":["tr-TR,tr;q=0.9,en-US;q=0.8,en;q=0.7"],"Sec-Ch-Ua-Mobile":["?0"],"Accept-Encoding":["gzip, deflate, br, zstd"]},"tls":{"resumed":true,"version":772,"cipher_suite":4865,"proto":"h2","server_name":"kitap.rorcun.com","ech":false}},"error":"reading: context canceled"}
{"level":"warn","ts":1788287016.1088905,"logger":"http.handlers.reverse_proxy","msg":"aborting with incomplete response","upstream":"127.0.0.1:8080","duration":0.0054679,"request":{"remote_ip":"31.223.116.89","remote_port":"52352","client_ip":"31.223.116.89","proto":"HTTP/2.0","method":"GET","host":"kitap.rorcun.com","uri":"/bildirimler/akis","headers":{"Sec-Fetch-Mode":["cors"],"X-Forwarded-Proto":["https"],"User-Agent":["Mozilla/5.0 (Windows NT 10.0; Win64; x64) AppleWebKit/537.36 (KHTML, like Gecko) Chrome/152.0.0.0 Safari/537.36"],"Via":["2.0 Caddy"],"Cookie":["REDACTED"],"Accept":["text/event-stream"],"X-Real-Ip":["31.223.116.89"],"X-Forwarded-Host":["kitap.rorcun.com"],"Accept-Language":["tr-TR,tr;q=0.9,en-US;q=0.8,en;q=0.7"],"Sec-Ch-Ua":["\"Chromium\";v=\"152\", \"Not?A_Brand\";v=\"24\", \"Google Chrome\";v=\"152\""],"Sec-Fetch-Site":["same-origin"],"Referer":["https://kitap.rorcun.com/takas"],"Sec-Ch-Ua-Platform":["\"Windows\""],"Cache-Control":["no-cache"],"Accept-Encoding":["gzip, deflate, br, zstd"],"Sec-Ch-Ua-Mobile":["?0"],"Pragma":["no-cache"],"Sec-Fetch-Dest":["empty"],"Priority":["u=1, i"],"X-Forwarded-For":["31.223.116.89"]},"tls":{"resumed":true,"version":772,"cipher_suite":4865,"proto":"h2","server_name":"kitap.rorcun.com","ech":false}},"error":"reading: context canceled"}
{"level":"warn","ts":1788287017.097157,"logger":"http.handlers.reverse_proxy","msg":"aborting with incomplete response","upstream":"127.0.0.1:8080","duration":0.0070287,"request":{"remote_ip":"31.223.116.89","remote_port":"52352","client_ip":"31.223.116.89","proto":"HTTP/2.0","method":"GET","host":"kitap.rorcun.com","uri":"/bildirimler/akis","headers":{"Referer":["https://kitap.rorcun.com/takas/takaslarim"],"Sec-Ch-Ua-Platform":["\"Windows\""],"Priority":["u=1, i"],"Sec-Fetch-Site":["same-origin"],"Pragma":["no-cache"],"X-Forwarded-For":["31.223.116.89"],"User-Agent":["Mozilla/5.0 (Windows NT 10.0; Win64; x64) AppleWebKit/537.36 (KHTML, like Gecko) Chrome/152.0.0.0 Safari/537.36"],"Accept-Language":["tr-TR,tr;q=0.9,en-US;q=0.8,en;q=0.7"],"Cookie":["REDACTED"],"X-Real-Ip":["31.223.116.89"],"Sec-Fetch-Mode":["cors"],"X-Forwarded-Proto":["https"],"Accept":["text/event-stream"],"Via":["2.0 Caddy"],"Accept-Encoding":["gzip, deflate, br, zstd"],"Sec-Fetch-Dest":["empty"],"X-Forwarded-Host":["kitap.rorcun.com"],"Sec-Ch-Ua":["\"Chromium\";v=\"152\", \"Not?A_Brand\";v=\"24\", \"Google Chrome\";v=\"152\""],"Cache-Control":["no-cache"],"Sec-Ch-Ua-Mobile":["?0"]},"tls":{"resumed":true,"version":772,"cipher_suite":4865,"proto":"h2","server_name":"kitap.rorcun.com","ech":false}},"error":"reading: context canceled"}
{"level":"warn","ts":1788287049.7337735,"logger":"http.handlers.reverse_proxy","msg":"aborting with incomplete response","upstream":"127.0.0.1:8080","duration":0.006523,"request":{"remote_ip":"31.223.116.89","remote_port":"49239","client_ip":"31.223.116.89","proto":"HTTP/2.0","method":"GET","host":"kitap.rorcun.com","uri":"/bildirimler/akis","headers":{"X-Forwarded-Proto":["https"],"Cookie":["REDACTED"],"Sec-Fetch-Dest":["empty"],"Via":["2.0 Caddy"],"Accept-Encoding":["gzip, deflate, br, zstd"],"Cache-Control":["no-cache"],"Sec-Ch-Ua-Platform":["\"Windows\""],"Accept":["text/event-stream"],"Sec-Ch-Ua":["\"Not=A?Brand\";v=\"99\", \"Opera\";v=\"135\", \"Chromium\";v=\"151\""],"X-Forwarded-Host":["kitap.rorcun.com"],"Sec-Ch-Ua-Mobile":["?0"],"Pragma":["no-cache"],"Accept-Language":["tr,en-US;q=0.9,en;q=0.8,id;q=0.7,th;q=0.6,ru;q=0.5,da;q=0.4"],"Priority":["u=1, i"],"User-Agent":["Mozilla/5.0 (Windows NT 10.0; Win64; x64) AppleWebKit/537.36 (KHTML, like Gecko) Chrome/151.0.0.0 Safari/537.36 OPR/135.0.0.0"],"Sec-Fetch-Mode":["cors"],"X-Real-Ip":["31.223.116.89"],"Sec-Fetch-Site":["same-origin"],"X-Forwarded-For":["31.223.116.89"],"Referer":["https://kitap.rorcun.com/takas/takaslarim"]},"tls":{"resumed":true,"version":772,"cipher_suite":4865,"proto":"h2","server_name":"kitap.rorcun.com","ech":false}},"error":"reading: context canceled"}
{"level":"warn","ts":1788287051.250683,"logger":"http.handlers.reverse_proxy","msg":"aborting with incomplete response","upstream":"127.0.0.1:8080","duration":0.00731,"request":{"remote_ip":"31.223.116.89","remote_port":"49239","client_ip":"31.223.116.89","proto":"HTTP/2.0","method":"GET","host":"kitap.rorcun.com","uri":"/bildirimler/akis","headers":{"Sec-Fetch-Mode":["cors"],"Sec-Ch-Ua":["\"Not=A?Brand\";v=\"99\", \"Opera\";v=\"135\", \"Chromium\";v=\"151\""],"Sec-Fetch-Dest":["empty"],"Accept-Language":["tr,en-US;q=0.9,en;q=0.8,id;q=0.7,th;q=0.6,ru;q=0.5,da;q=0.4"],"Sec-Ch-Ua-Platform":["\"Windows\""],"Priority":["u=1, i"],"Sec-Fetch-Site":["same-origin"],"X-Forwarded-Host":["kitap.rorcun.com"],"Cookie":["REDACTED"],"Cache-Control":["no-cache"],"X-Forwarded-For":["31.223.116.89"],"X-Forwarded-Proto":["https"],"Sec-Ch-Ua-Mobile":["?0"],"User-Agent":["Mozilla/5.0 (Windows NT 10.0; Win64; x64) AppleWebKit/537.36 (KHTML, like Gecko) Chrome/151.0.0.0 Safari/537.36 OPR/135.0.0.0"],"Accept":["text/event-stream"],"Via":["2.0 Caddy"],"X-Real-Ip":["31.223.116.89"],"Referer":["https://kitap.rorcun.com/mesajlar/2"],"Pragma":["no-cache"],"Accept-Encoding":["gzip, deflate, br, zstd"]},"tls":{"resumed":true,"version":772,"cipher_suite":4865,"proto":"h2","server_name":"kitap.rorcun.com","ech":false}},"error":"reading: context canceled"}
{"level":"warn","ts":1788287051.250683,"logger":"http.handlers.reverse_proxy","msg":"aborting with incomplete response","upstream":"127.0.0.1:8080","duration":0.0129048,"request":{"remote_ip":"31.223.116.89","remote_port":"49239","client_ip":"31.223.116.89","proto":"HTTP/2.0","method":"GET","host":"kitap.rorcun.com","uri":"/mesajlar/2/akis","headers":{"Sec-Fetch-Mode":["cors"],"Sec-Ch-Ua-Platform":["\"Windows\""],"Accept-Language":["tr,en-US;q=0.9,en;q=0.8,id;q=0.7,th;q=0.6,ru;q=0.5,da;q=0.4"],"X-Forwarded-For":["31.223.116.89"],"Sec-Ch-Ua":["\"Not=A?Brand\";v=\"99\", \"Opera\";v=\"135\", \"Chromium\";v=\"151\""],"X-Real-Ip":["31.223.116.89"],"Sec-Fetch-Site":["same-origin"],"Priority":["u=1, i"],"Cookie":["REDACTED"],"Referer":["https://kitap.rorcun.com/mesajlar/2"],"X-Forwarded-Host":["kitap.rorcun.com"],"User-Agent":["Mozilla/5.0 (Windows NT 10.0; Win64; x64) AppleWebKit/537.36 (KHTML, like Gecko) Chrome/151.0.0.0 Safari/537.36 OPR/135.0.0.0"],"Sec-Ch-Ua-Mobile":["?0"],"Cache-Control":["no-cache"],"X-Forwarded-Proto":["https"],"Accept":["text/event-stream"],"Sec-Fetch-Dest":["empty"],"Accept-Encoding":["gzip, deflate, br, zstd"],"Via":["2.0 Caddy"],"Pragma":["no-cache"]},"tls":{"resumed":true,"version":772,"cipher_suite":4865,"proto":"h2","server_name":"kitap.rorcun.com","ech":false}},"error":"reading: context canceled"}
{"level":"warn","ts":1788287053.3375103,"logger":"http.handlers.reverse_proxy","msg":"aborting with incomplete response","upstream":"127.0.0.1:8080","duration":0.0068577,"request":{"remote_ip":"31.223.116.89","remote_port":"49239","client_ip":"31.223.116.89","proto":"HTTP/2.0","method":"GET","host":"kitap.rorcun.com","uri":"/bildirimler/akis","headers":{"Sec-Ch-Ua-Mobile":["?0"],"Accept-Language":["tr,en-US;q=0.9,en;q=0.8,id;q=0.7,th;q=0.6,ru;q=0.5,da;q=0.4"],"Sec-Fetch-Dest":["empty"],"Sec-Fetch-Mode":["cors"],"X-Forwarded-For":["31.223.116.89"],"Referer":["https://kitap.rorcun.com/mesajlar"],"Cache-Control":["no-cache"],"User-Agent":["Mozilla/5.0 (Windows NT 10.0; Win64; x64) AppleWebKit/537.36 (KHTML, like Gecko) Chrome/151.0.0.0 Safari/537.36 OPR/135.0.0.0"],"X-Forwarded-Host":["kitap.rorcun.com"],"X-Forwarded-Proto":["https"],"X-Real-Ip":["31.223.116.89"],"Pragma":["no-cache"],"Sec-Fetch-Site":["same-origin"],"Accept-Encoding":["gzip, deflate, br, zstd"],"Priority":["u=1, i"],"Sec-Ch-Ua":["\"Not=A?Brand\";v=\"99\", \"Opera\";v=\"135\", \"Chromium\";v=\"151\""],"Via":["2.0 Caddy"],"Accept":["text/event-stream"],"Cookie":["REDACTED"],"Sec-Ch-Ua-Platform":["\"Windows\""]},"tls":{"resumed":true,"version":772,"cipher_suite":4865,"proto":"h2","server_name":"kitap.rorcun.com","ech":false}},"error":"reading: context canceled"}
{"level":"warn","ts":1788287053.8561554,"logger":"http.handlers.reverse_proxy","msg":"aborting with incomplete response","upstream":"127.0.0.1:8080","duration":0.009617,"request":{"remote_ip":"31.223.116.89","remote_port":"49239","client_ip":"31.223.116.89","proto":"HTTP/2.0","method":"GET","host":"kitap.rorcun.com","uri":"/mesajlar/2/akis","headers":{"X-Forwarded-For":["31.223.116.89"],"Sec-Ch-Ua-Platform":["\"Windows\""],"Accept-Language":["tr,en-US;q=0.9,en;q=0.8,id;q=0.7,th;q=0.6,ru;q=0.5,da;q=0.4"],"Cookie":["REDACTED"],"X-Real-Ip":["31.223.116.89"],"Sec-Ch-Ua-Mobile":["?0"],"X-Forwarded-Host":["kitap.rorcun.com"],"Cache-Control":["no-cache"],"X-Forwarded-Proto":["https"],"Accept-Encoding":["gzip, deflate, br, zstd"],"Accept":["text/event-stream"],"Sec-Fetch-Mode":["cors"],"Via":["2.0 Caddy"],"Sec-Fetch-Site":["same-origin"],"User-Agent":["Mozilla/5.0 (Windows NT 10.0; Win64; x64) AppleWebKit/537.36 (KHTML, like Gecko) Chrome/151.0.0.0 Safari/537.36 OPR/135.0.0.0"],"Sec-Ch-Ua":["\"Not=A?Brand\";v=\"99\", \"Opera\";v=\"135\", \"Chromium\";v=\"151\""],"Priority":["u=1, i"],"Pragma":["no-cache"],"Sec-Fetch-Dest":["empty"],"Referer":["https://kitap.rorcun.com/mesajlar/2"]},"tls":{"resumed":true,"version":772,"cipher_suite":4865,"proto":"h2","server_name":"kitap.rorcun.com","ech":false}},"error":"reading: context canceled"}
{"level":"warn","ts":1788287053.8561554,"logger":"http.handlers.reverse_proxy","msg":"aborting with incomplete response","upstream":"127.0.0.1:8080","duration":0.0100358,"request":{"remote_ip":"31.223.116.89","remote_port":"49239","client_ip":"31.223.116.89","proto":"HTTP/2.0","method":"GET","host":"kitap.rorcun.com","uri":"/bildirimler/akis","headers":{"Accept-Language":["tr,en-US;q=0.9,en;q=0.8,id;q=0.7,th;q=0.6,ru;q=0.5,da;q=0.4"],"X-Forwarded-Host":["kitap.rorcun.com"],"Referer":["https://kitap.rorcun.com/mesajlar/2"],"Via":["2.0 Caddy"],"Sec-Ch-Ua-Platform":["\"Windows\""],"X-Real-Ip":["31.223.116.89"],"Pragma":["no-cache"],"X-Forwarded-Proto":["https"],"Accept":["text/event-stream"],"Sec-Fetch-Site":["same-origin"],"X-Forwarded-For":["31.223.116.89"],"Accept-Encoding":["gzip, deflate, br, zstd"],"Sec-Fetch-Dest":["empty"],"Sec-Ch-Ua":["\"Not=A?Brand\";v=\"99\", \"Opera\";v=\"135\", \"Chromium\";v=\"151\""],"Sec-Ch-Ua-Mobile":["?0"],"Cache-Control":["no-cache"],"Sec-Fetch-Mode":["cors"],"Cookie":["REDACTED"],"Priority":["u=1, i"],"User-Agent":["Mozilla/5.0 (Windows NT 10.0; Win64; x64) AppleWebKit/537.36 (KHTML, like Gecko) Chrome/151.0.0.0 Safari/537.36 OPR/135.0.0.0"]},"tls":{"resumed":true,"version":772,"cipher_suite":4865,"proto":"h2","server_name":"kitap.rorcun.com","ech":false}},"error":"reading: context canceled"}
{"level":"warn","ts":1788287067.5688062,"logger":"http.handlers.reverse_proxy","msg":"aborting with incomplete response","upstream":"127.0.0.1:8080","duration":0.0077324,"request":{"remote_ip":"31.223.116.89","remote_port":"52352","client_ip":"31.223.116.89","proto":"HTTP/2.0","method":"GET","host":"kitap.rorcun.com","uri":"/bildirimler/akis","headers":{"X-Forwarded-For":["31.223.116.89"],"Pragma":["no-cache"],"X-Real-Ip":["31.223.116.89"],"Accept":["text/event-stream"],"Referer":["https://kitap.rorcun.com/takas/takaslarim"],"User-Agent":["Mozilla/5.0 (Windows NT 10.0; Win64; x64) AppleWebKit/537.36 (KHTML, like Gecko) Chrome/152.0.0.0 Safari/537.36"],"Sec-Fetch-Mode":["cors"],"Sec-Fetch-Dest":["empty"],"Cookie":["REDACTED"],"Accept-Language":["tr-TR,tr;q=0.9,en-US;q=0.8,en;q=0.7"],"X-Forwarded-Proto":["https"],"Sec-Ch-Ua":["\"Chromium\";v=\"152\", \"Not?A_Brand\";v=\"24\", \"Google Chrome\";v=\"152\""],"Sec-Fetch-Site":["same-origin"],"X-Forwarded-Host":["kitap.rorcun.com"],"Cache-Control":["no-cache"],"Sec-Ch-Ua-Platform":["\"Windows\""],"Sec-Ch-Ua-Mobile":["?0"],"Accept-Encoding":["gzip, deflate, br, zstd"],"Priority":["u=1, i"],"Via":["2.0 Caddy"]},"tls":{"resumed":true,"version":772,"cipher_suite":4865,"proto":"h2","server_name":"kitap.rorcun.com","ech":false}},"error":"reading: context canceled"}
{"level":"warn","ts":1788287068.6728516,"logger":"http.handlers.reverse_proxy","msg":"aborting with incomplete response","upstream":"127.0.0.1:8080","duration":0.0070774,"request":{"remote_ip":"31.223.116.89","remote_port":"52352","client_ip":"31.223.116.89","proto":"HTTP/2.0","method":"GET","host":"kitap.rorcun.com","uri":"/bildirimler/akis","headers":{"X-Forwarded-Proto":["https"],"Sec-Ch-Ua-Mobile":["?0"],"Accept-Encoding":["gzip, deflate, br, zstd"],"Cache-Control":["no-cache"],"Accept-Language":["tr-TR,tr;q=0.9,en-US;q=0.8,en;q=0.7"],"X-Forwarded-For":["31.223.116.89"],"Via":["2.0 Caddy"],"Accept":["text/event-stream"],"User-Agent":["Mozilla/5.0 (Windows NT 10.0; Win64; x64) AppleWebKit/537.36 (KHTML, like Gecko) Chrome/152.0.0.0 Safari/537.36"],"Priority":["u=1, i"],"Sec-Ch-Ua":["\"Chromium\";v=\"152\", \"Not?A_Brand\";v=\"24\", \"Google Chrome\";v=\"152\""],"X-Real-Ip":["31.223.116.89"],"X-Forwarded-Host":["kitap.rorcun.com"],"Sec-Fetch-Site":["same-origin"],"Pragma":["no-cache"],"Referer":["https://kitap.rorcun.com/bildirimler"],"Sec-Ch-Ua-Platform":["\"Windows\""],"Cookie":["REDACTED"],"Sec-Fetch-Mode":["cors"],"Sec-Fetch-Dest":["empty"]},"tls":{"resumed":true,"version":772,"cipher_suite":4865,"proto":"h2","server_name":"kitap.rorcun.com","ech":false}},"error":"reading: context canceled"}
{"level":"warn","ts":1788287457.75229,"logger":"http.handlers.reverse_proxy","msg":"aborting with incomplete response","upstream":"127.0.0.1:8080","duration":0.0068176,"request":{"remote_ip":"31.223.116.89","remote_port":"49239","client_ip":"31.223.116.89","proto":"HTTP/2.0","method":"GET","host":"kitap.rorcun.com","uri":"/bildirimler/akis","headers":{"X-Forwarded-For":["31.223.116.89"],"Referer":["https://kitap.rorcun.com/bildirimler"],"X-Forwarded-Proto":["https"],"Pragma":["no-cache"],"Via":["2.0 Caddy"],"Cache-Control":["no-cache"],"Cookie":["REDACTED"],"X-Forwarded-Host":["kitap.rorcun.com"],"Accept-Encoding":["gzip, deflate, br, zstd"],"Sec-Ch-Ua-Platform":["\"Windows\""],"Priority":["u=1, i"],"Sec-Ch-Ua":["\"Not=A?Brand\";v=\"99\", \"Opera\";v=\"135\", \"Chromium\";v=\"151\""],"Sec-Fetch-Mode":["cors"],"X-Real-Ip":["31.223.116.89"],"Sec-Fetch-Site":["same-origin"],"Accept":["text/event-stream"],"Sec-Fetch-Dest":["empty"],"Accept-Language":["tr,en-US;q=0.9,en;q=0.8,id;q=0.7,th;q=0.6,ru;q=0.5,da;q=0.4"],"Sec-Ch-Ua-Mobile":["?0"],"User-Agent":["Mozilla/5.0 (Windows NT 10.0; Win64; x64) AppleWebKit/537.36 (KHTML, like Gecko) Chrome/151.0.0.0 Safari/537.36 OPR/135.0.0.0"]},"tls":{"resumed":true,"version":772,"cipher_suite":4865,"proto":"h2","server_name":"kitap.rorcun.com","ech":false}},"error":"reading: context canceled"}
{"level":"warn","ts":1788287483.4523911,"logger":"http.handlers.reverse_proxy","msg":"aborting with incomplete response","upstream":"127.0.0.1:8080","duration":0.0076267,"request":{"remote_ip":"31.223.116.89","remote_port":"49239","client_ip":"31.223.116.89","proto":"HTTP/2.0","method":"GET","host":"kitap.rorcun.com","uri":"/bildirimler/akis","headers":{"X-Forwarded-Proto":["https"],"Accept-Language":["tr,en-US;q=0.9,en;q=0.8,id;q=0.7,th;q=0.6,ru;q=0.5,da;q=0.4"],"Sec-Fetch-Mode":["cors"],"Accept-Encoding":["gzip, deflate, br, zstd"],"Sec-Fetch-Dest":["empty"],"User-Agent":["Mozilla/5.0 (Windows NT 10.0; Win64; x64) AppleWebKit/537.36 (KHTML, like Gecko) Chrome/151.0.0.0 Safari/537.36 OPR/135.0.0.0"],"Cache-Control":["no-cache"],"Sec-Fetch-Site":["same-origin"],"Referer":["https://kitap.rorcun.com/panom"],"X-Forwarded-Host":["kitap.rorcun.com"],"Sec-Ch-Ua":["\"Not=A?Brand\";v=\"99\", \"Opera\";v=\"135\", \"Chromium\";v=\"151\""],"Sec-Ch-Ua-Platform":["\"Windows\""],"X-Forwarded-For":["31.223.116.89"],"X-Real-Ip":["31.223.116.89"],"Via":["2.0 Caddy"],"Sec-Ch-Ua-Mobile":["?0"],"Cookie":["REDACTED"],"Priority":["u=1, i"],"Pragma":["no-cache"],"Accept":["text/event-stream"]},"tls":{"resumed":true,"version":772,"cipher_suite":4865,"proto":"h2","server_name":"kitap.rorcun.com","ech":false}},"error":"reading: context canceled"}
{"level":"warn","ts":1788287490.0163765,"logger":"http.handlers.reverse_proxy","msg":"aborting with incomplete response","upstream":"127.0.0.1:8080","duration":0.0096801,"request":{"remote_ip":"31.223.116.89","remote_port":"49239","client_ip":"31.223.116.89","proto":"HTTP/2.0","method":"GET","host":"kitap.rorcun.com","uri":"/bildirimler/akis","headers":{"User-Agent":["Mozilla/5.0 (Windows NT 10.0; Win64; x64) AppleWebKit/537.36 (KHTML, like Gecko) Chrome/151.0.0.0 Safari/537.36 OPR/135.0.0.0"],"Via":["2.0 Caddy"],"X-Forwarded-For":["31.223.116.89"],"Sec-Ch-Ua":["\"Not=A?Brand\";v=\"99\", \"Opera\";v=\"135\", \"Chromium\";v=\"151\""],"Referer":["https://kitap.rorcun.com/bagislarim"],"X-Forwarded-Proto":["https"],"Sec-Ch-Ua-Mobile":["?0"],"Sec-Ch-Ua-Platform":["\"Windows\""],"Sec-Fetch-Mode":["cors"],"X-Forwarded-Host":["kitap.rorcun.com"],"Sec-Fetch-Site":["same-origin"],"Sec-Fetch-Dest":["empty"],"Pragma":["no-cache"],"Cookie":["REDACTED"],"Accept":["text/event-stream"],"Cache-Control":["no-cache"],"Accept-Language":["tr,en-US;q=0.9,en;q=0.8,id;q=0.7,th;q=0.6,ru;q=0.5,da;q=0.4"],"X-Real-Ip":["31.223.116.89"],"Priority":["u=1, i"],"Accept-Encoding":["gzip, deflate, br, zstd"]},"tls":{"resumed":true,"version":772,"cipher_suite":4865,"proto":"h2","server_name":"kitap.rorcun.com","ech":false}},"error":"reading: context canceled"}
{"level":"warn","ts":1788287493.501356,"logger":"http.handlers.reverse_proxy","msg":"aborting with incomplete response","upstream":"127.0.0.1:8080","duration":0.0071209,"request":{"remote_ip":"31.223.116.89","remote_port":"49239","client_ip":"31.223.116.89","proto":"HTTP/2.0","method":"GET","host":"kitap.rorcun.com","uri":"/bildirimler/akis","headers":{"Sec-Ch-Ua":["\"Not=A?Brand\";v=\"99\", \"Opera\";v=\"135\", \"Chromium\";v=\"151\""],"X-Forwarded-Proto":["https"],"X-Forwarded-For":["31.223.116.89"],"Cache-Control":["no-cache"],"User-Agent":["Mozilla/5.0 (Windows NT 10.0; Win64; x64) AppleWebKit/537.36 (KHTML, like Gecko) Chrome/151.0.0.0 Safari/537.36 OPR/135.0.0.0"],"Sec-Fetch-Site":["same-origin"],"X-Real-Ip":["31.223.116.89"],"Via":["2.0 Caddy"],"Referer":["https://kitap.rorcun.com/takas"],"Sec-Fetch-Dest":["empty"],"Pragma":["no-cache"],"Accept-Encoding":["gzip, deflate, br, zstd"],"Sec-Ch-Ua-Mobile":["?0"],"X-Forwarded-Host":["kitap.rorcun.com"],"Accept-Language":["tr,en-US;q=0.9,en;q=0.8,id;q=0.7,th;q=0.6,ru;q=0.5,da;q=0.4"],"Sec-Ch-Ua-Platform":["\"Windows\""],"Accept":["text/event-stream"],"Priority":["u=1, i"],"Sec-Fetch-Mode":["cors"],"Cookie":["REDACTED"]},"tls":{"resumed":true,"version":772,"cipher_suite":4865,"proto":"h2","server_name":"kitap.rorcun.com","ech":false}},"error":"reading: context canceled"}
{"level":"warn","ts":1788287537.3044326,"logger":"http.handlers.reverse_proxy","msg":"aborting with incomplete response","upstream":"127.0.0.1:8080","duration":0.006522,"request":{"remote_ip":"31.223.116.89","remote_port":"49239","client_ip":"31.223.116.89","proto":"HTTP/2.0","method":"GET","host":"kitap.rorcun.com","uri":"/bildirimler/akis","headers":{"Sec-Fetch-Site":["same-origin"],"Accept":["text/event-stream"],"Sec-Fetch-Dest":["empty"],"Sec-Fetch-Mode":["cors"],"X-Real-Ip":["31.223.116.89"],"X-Forwarded-Proto":["https"],"Cookie":["REDACTED"],"Sec-Ch-Ua-Platform":["\"Windows\""],"Cache-Control":["no-cache"],"Priority":["u=1, i"],"X-Forwarded-For":["31.223.116.89"],"Via":["2.0 Caddy"],"Accept-Encoding":["gzip, deflate, br, zstd"],"Sec-Ch-Ua-Mobile":["?0"],"X-Forwarded-Host":["kitap.rorcun.com"],"User-Agent":["Mozilla/5.0 (Windows NT 10.0; Win64; x64) AppleWebKit/537.36 (KHTML, like Gecko) Chrome/151.0.0.0 Safari/537.36 OPR/135.0.0.0"],"Referer":["https://kitap.rorcun.com/bagislarim"],"Accept-Language":["tr,en-US;q=0.9,en;q=0.8,id;q=0.7,th;q=0.6,ru;q=0.5,da;q=0.4"],"Sec-Ch-Ua":["\"Not=A?Brand\";v=\"99\", \"Opera\";v=\"135\", \"Chromium\";v=\"151\""],"Pragma":["no-cache"]},"tls":{"resumed":true,"version":772,"cipher_suite":4865,"proto":"h2","server_name":"kitap.rorcun.com","ech":false}},"error":"reading: context canceled"}
{"level":"warn","ts":1788287542.72026,"logger":"http.handlers.reverse_proxy","msg":"aborting with incomplete response","upstream":"127.0.0.1:8080","duration":0.0052902,"request":{"remote_ip":"88.230.49.239","remote_port":"23520","client_ip":"88.230.49.239","proto":"HTTP/2.0","method":"GET","host":"kitap.rorcun.com","uri":"/bildirimler/akis","headers":{"Sec-Ch-Ua-Mobile":["?1"],"Cookie":["REDACTED"],"Pragma":["no-cache"],"Referer":["https://kitap.rorcun.com/panom"],"Via":["2.0 Caddy"],"Sec-Ch-Ua-Platform":["\"Android\""],"X-Forwarded-Proto":["https"],"Sec-Fetch-Dest":["empty"],"Priority":["u=1, i"],"Sec-Ch-Ua":["\"Chromium\";v=\"152\", \"Not?A_Brand\";v=\"24\", \"Google Chrome\";v=\"152\""],"Sec-Fetch-Site":["same-origin"],"User-Agent":["Mozilla/5.0 (Linux; Android 10; K) AppleWebKit/537.36 (KHTML, like Gecko) Chrome/152.0.0.0 Mobile Safari/537.36"],"Sec-Fetch-Mode":["cors"],"Accept-Encoding":["gzip, deflate, br, zstd"],"Accept":["text/event-stream"],"Accept-Language":["tr-TR,tr;q=0.9,en-US;q=0.8,en;q=0.7"],"X-Forwarded-For":["88.230.49.239"],"X-Forwarded-Host":["kitap.rorcun.com"],"Cache-Control":["no-cache"],"X-Real-Ip":["88.230.49.239"]},"tls":{"resumed":true,"version":772,"cipher_suite":4865,"proto":"h2","server_name":"kitap.rorcun.com","ech":false}},"error":"reading: context canceled"}
{"level":"warn","ts":1788287544.8613317,"logger":"http.handlers.reverse_proxy","msg":"aborting with incomplete response","upstream":"127.0.0.1:8080","duration":0.0054596,"request":{"remote_ip":"88.230.49.239","remote_port":"23520","client_ip":"88.230.49.239","proto":"HTTP/2.0","method":"GET","host":"kitap.rorcun.com","uri":"/bildirimler/akis","headers":{"Sec-Ch-Ua":["\"Chromium\";v=\"152\", \"Not?A_Brand\";v=\"24\", \"Google Chrome\";v=\"152\""],"Sec-Fetch-Site":["same-origin"],"Cookie":["REDACTED"],"Sec-Ch-Ua-Mobile":["?1"],"X-Forwarded-Proto":["https"],"X-Real-Ip":["88.230.49.239"],"Accept-Encoding":["gzip, deflate, br, zstd"],"X-Forwarded-For":["88.230.49.239"],"Sec-Ch-Ua-Platform":["\"Android\""],"Sec-Fetch-Dest":["empty"],"Pragma":["no-cache"],"User-Agent":["Mozilla/5.0 (Linux; Android 10; K) AppleWebKit/537.36 (KHTML, like Gecko) Chrome/152.0.0.0 Mobile Safari/537.36"],"Accept":["text/event-stream"],"Cache-Control":["no-cache"],"Via":["2.0 Caddy"],"Priority":["u=1, i"],"Accept-Language":["tr-TR,tr;q=0.9,en-US;q=0.8,en;q=0.7"],"Sec-Fetch-Mode":["cors"],"X-Forwarded-Host":["kitap.rorcun.com"],"Referer":["https://kitap.rorcun.com/bagis/yeni"]},"tls":{"resumed":true,"version":772,"cipher_suite":4865,"proto":"h2","server_name":"kitap.rorcun.com","ech":false}},"error":"reading: context canceled"}
{"level":"warn","ts":1788287565.6389313,"logger":"http.handlers.reverse_proxy","msg":"aborting with incomplete response","upstream":"127.0.0.1:8080","duration":0.0058154,"request":{"remote_ip":"88.230.49.239","remote_port":"23520","client_ip":"88.230.49.239","proto":"HTTP/2.0","method":"GET","host":"kitap.rorcun.com","uri":"/bildirimler/akis","headers":{"Sec-Ch-Ua-Mobile":["?1"],"Priority":["u=1, i"],"Sec-Fetch-Dest":["empty"],"Sec-Ch-Ua":["\"Chromium\";v=\"152\", \"Not?A_Brand\";v=\"24\", \"Google Chrome\";v=\"152\""],"Sec-Ch-Ua-Platform":["\"Android\""],"Via":["2.0 Caddy"],"Cache-Control":["no-cache"],"Sec-Fetch-Site":["same-origin"],"Sec-Fetch-Mode":["cors"],"User-Agent":["Mozilla/5.0 (Linux; Android 10; K) AppleWebKit/537.36 (KHTML, like Gecko) Chrome/152.0.0.0 Mobile Safari/537.36"],"Accept":["text/event-stream"],"Pragma":["no-cache"],"X-Forwarded-Host":["kitap.rorcun.com"],"Accept-Language":["tr-TR,tr;q=0.9,en-US;q=0.8,en;q=0.7"],"Referer":["https://kitap.rorcun.com/kesfet"],"Cookie":["REDACTED"],"X-Forwarded-Proto":["https"],"X-Real-Ip":["88.230.49.239"],"Accept-Encoding":["gzip, deflate, br, zstd"],"X-Forwarded-For":["88.230.49.239"]},"tls":{"resumed":true,"version":772,"cipher_suite":4865,"proto":"h2","server_name":"kitap.rorcun.com","ech":false}},"error":"reading: context canceled"}
{"level":"warn","ts":1788287566.9049048,"logger":"http.handlers.reverse_proxy","msg":"aborting with incomplete response","upstream":"127.0.0.1:8080","duration":0.0110129,"request":{"remote_ip":"31.223.116.89","remote_port":"49239","client_ip":"31.223.116.89","proto":"HTTP/2.0","method":"GET","host":"kitap.rorcun.com","uri":"/bildirimler/akis","headers":{"Priority":["u=1, i"],"Sec-Fetch-Mode":["cors"],"X-Forwarded-Proto":["https"],"Cache-Control":["no-cache"],"Referer":["https://kitap.rorcun.com/kesfet"],"Pragma":["no-cache"],"Via":["2.0 Caddy"],"X-Forwarded-For":["31.223.116.89"],"X-Forwarded-Host":["kitap.rorcun.com"],"Sec-Ch-Ua-Platform":["\"Windows\""],"Sec-Fetch-Site":["same-origin"],"X-Real-Ip":["31.223.116.89"],"Sec-Ch-Ua-Mobile":["?0"],"Accept":["text/event-stream"],"Accept-Encoding":["gzip, deflate, br, zstd"],"Sec-Ch-Ua":["\"Not=A?Brand\";v=\"99\", \"Opera\";v=\"135\", \"Chromium\";v=\"151\""],"User-Agent":["Mozilla/5.0 (Windows NT 10.0; Win64; x64) AppleWebKit/537.36 (KHTML, like Gecko) Chrome/151.0.0.0 Safari/537.36 OPR/135.0.0.0"],"Cookie":["REDACTED"],"Accept-Language":["tr,en-US;q=0.9,en;q=0.8,id;q=0.7,th;q=0.6,ru;q=0.5,da;q=0.4"],"Sec-Fetch-Dest":["empty"]},"tls":{"resumed":true,"version":772,"cipher_suite":4865,"proto":"h2","server_name":"kitap.rorcun.com","ech":false}},"error":"reading: context canceled"}
{"level":"warn","ts":1788287569.978784,"logger":"http.handlers.reverse_proxy","msg":"aborting with incomplete response","upstream":"127.0.0.1:8080","duration":0.0054281,"request":{"remote_ip":"88.230.49.239","remote_port":"23520","client_ip":"88.230.49.239","proto":"HTTP/2.0","method":"GET","host":"kitap.rorcun.com","uri":"/bildirimler/akis","headers":{"Sec-Fetch-Mode":["cors"],"Accept":["text/event-stream"],"Accept-Language":["tr-TR,tr;q=0.9,en-US;q=0.8,en;q=0.7"],"Sec-Ch-Ua-Platform":["\"Android\""],"Pragma":["no-cache"],"User-Agent":["Mozilla/5.0 (Linux; Android 10; K) AppleWebKit/537.36 (KHTML, like Gecko) Chrome/152.0.0.0 Mobile Safari/537.36"],"Via":["2.0 Caddy"],"Referer":["https://kitap.rorcun.com/panom"],"X-Forwarded-For":["88.230.49.239"],"Sec-Ch-Ua-Mobile":["?1"],"X-Forwarded-Host":["kitap.rorcun.com"],"X-Forwarded-Proto":["https"],"Sec-Ch-Ua":["\"Chromium\";v=\"152\", \"Not?A_Brand\";v=\"24\", \"Google Chrome\";v=\"152\""],"Sec-Fetch-Site":["same-origin"],"Accept-Encoding":["gzip, deflate, br, zstd"],"Cookie":["REDACTED"],"X-Real-Ip":["88.230.49.239"],"Cache-Control":["no-cache"],"Priority":["u=1, i"],"Sec-Fetch-Dest":["empty"]},"tls":{"resumed":true,"version":772,"cipher_suite":4865,"proto":"h2","server_name":"kitap.rorcun.com","ech":false}},"error":"reading: context canceled"}
{"level":"warn","ts":1788287596.0695524,"logger":"http.handlers.reverse_proxy","msg":"aborting with incomplete response","upstream":"127.0.0.1:8080","duration":0.0089405,"request":{"remote_ip":"88.230.49.239","remote_port":"23520","client_ip":"88.230.49.239","proto":"HTTP/2.0","method":"GET","host":"kitap.rorcun.com","uri":"/bildirimler/akis","headers":{"Priority":["u=1, i"],"Sec-Ch-Ua-Platform":["\"Android\""],"Accept":["text/event-stream"],"X-Real-Ip":["88.230.49.239"],"Sec-Fetch-Site":["same-origin"],"Sec-Ch-Ua-Mobile":["?1"],"Accept-Encoding":["gzip, deflate, br, zstd"],"X-Forwarded-Proto":["https"],"Cache-Control":["no-cache"],"X-Forwarded-For":["88.230.49.239"],"Cookie":["REDACTED"],"User-Agent":["Mozilla/5.0 (Linux; Android 10; K) AppleWebKit/537.36 (KHTML, like Gecko) Chrome/152.0.0.0 Mobile Safari/537.36"],"Pragma":["no-cache"],"X-Forwarded-Host":["kitap.rorcun.com"],"Via":["2.0 Caddy"],"Referer":["https://kitap.rorcun.com/profil/ogrenci"],"Sec-Ch-Ua":["\"Chromium\";v=\"152\", \"Not?A_Brand\";v=\"24\", \"Google Chrome\";v=\"152\""],"Sec-Fetch-Dest":["empty"],"Sec-Fetch-Mode":["cors"],"Accept-Language":["tr-TR,tr;q=0.9,en-US;q=0.8,en;q=0.7"]},"tls":{"resumed":true,"version":772,"cipher_suite":4865,"proto":"h2","server_name":"kitap.rorcun.com","ech":false}},"error":"reading: context canceled"}
{"level":"warn","ts":1788287618.1018791,"logger":"http.handlers.reverse_proxy","msg":"aborting with incomplete response","upstream":"127.0.0.1:8080","duration":0.0054321,"request":{"remote_ip":"88.230.49.239","remote_port":"23520","client_ip":"88.230.49.239","proto":"HTTP/2.0","method":"GET","host":"kitap.rorcun.com","uri":"/bildirimler/akis","headers":{"Sec-Ch-Ua-Mobile":["?1"],"User-Agent":["Mozilla/5.0 (Linux; Android 10; K) AppleWebKit/537.36 (KHTML, like Gecko) Chrome/152.0.0.0 Mobile Safari/537.36"],"Priority":["u=1, i"],"Accept-Encoding":["gzip, deflate, br, zstd"],"Cookie":["REDACTED"],"Sec-Fetch-Mode":["cors"],"X-Forwarded-Host":["kitap.rorcun.com"],"Referer":["https://kitap.rorcun.com/profil/ogrenci"],"Pragma":["no-cache"],"Sec-Ch-Ua-Platform":["\"Android\""],"Via":["2.0 Caddy"],"X-Forwarded-Proto":["https"],"Sec-Fetch-Site":["same-origin"],"Accept":["text/event-stream"],"X-Forwarded-For":["88.230.49.239"],"Accept-Language":["tr-TR,tr;q=0.9,en-US;q=0.8,en;q=0.7"],"X-Real-Ip":["88.230.49.239"],"Sec-Ch-Ua":["\"Chromium\";v=\"152\", \"Not?A_Brand\";v=\"24\", \"Google Chrome\";v=\"152\""],"Sec-Fetch-Dest":["empty"],"Cache-Control":["no-cache"]},"tls":{"resumed":true,"version":772,"cipher_suite":4865,"proto":"h2","server_name":"kitap.rorcun.com","ech":false}},"error":"reading: context canceled"}
{"level":"warn","ts":1788287626.1129837,"logger":"http.handlers.reverse_proxy","msg":"aborting with incomplete response","upstream":"127.0.0.1:8080","duration":0.0045195,"request":{"remote_ip":"88.230.49.239","remote_port":"23520","client_ip":"88.230.49.239","proto":"HTTP/2.0","method":"GET","host":"kitap.rorcun.com","uri":"/bildirimler/akis","headers":{"X-Forwarded-Host":["kitap.rorcun.com"],"Cookie":["REDACTED"],"Priority":["u=1, i"],"Cache-Control":["no-cache"],"Via":["2.0 Caddy"],"Sec-Fetch-Mode":["cors"],"Sec-Ch-Ua":["\"Chromium\";v=\"152\", \"Not?A_Brand\";v=\"24\", \"Google Chrome\";v=\"152\""],"X-Real-Ip":["88.230.49.239"],"X-Forwarded-For":["88.230.49.239"],"Accept":["text/event-stream"],"Sec-Fetch-Site":["same-origin"],"Accept-Encoding":["gzip, deflate, br, zstd"],"User-Agent":["Mozilla/5.0 (Linux; Android 10; K) AppleWebKit/537.36 (KHTML, like Gecko) Chrome/152.0.0.0 Mobile Safari/537.36"],"Pragma":["no-cache"],"Accept-Language":["tr-TR,tr;q=0.9,en-US;q=0.8,en;q=0.7"],"Referer":["https://kitap.rorcun.com/profil"],"X-Forwarded-Proto":["https"],"Sec-Ch-Ua-Platform":["\"Android\""],"Sec-Fetch-Dest":["empty"],"Sec-Ch-Ua-Mobile":["?1"]},"tls":{"resumed":true,"version":772,"cipher_suite":4865,"proto":"h2","server_name":"kitap.rorcun.com","ech":false}},"error":"reading: context canceled"}
{"level":"warn","ts":1788287634.797336,"logger":"http.handlers.reverse_proxy","msg":"aborting with incomplete response","upstream":"127.0.0.1:8080","duration":0.0052703,"request":{"remote_ip":"88.230.49.239","remote_port":"23520","client_ip":"88.230.49.239","proto":"HTTP/2.0","method":"GET","host":"kitap.rorcun.com","uri":"/bildirimler/akis","headers":{"X-Forwarded-Proto":["https"],"Accept":["text/event-stream"],"Sec-Fetch-Mode":["cors"],"Sec-Fetch-Dest":["empty"],"Accept-Encoding":["gzip, deflate, br, zstd"],"Cookie":["REDACTED"],"X-Forwarded-For":["88.230.49.239"],"Via":["2.0 Caddy"],"Accept-Language":["tr-TR,tr;q=0.9,en-US;q=0.8,en;q=0.7"],"Sec-Fetch-Site":["same-origin"],"Sec-Ch-Ua-Platform":["\"Android\""],"Pragma":["no-cache"],"Sec-Ch-Ua":["\"Chromium\";v=\"152\", \"Not?A_Brand\";v=\"24\", \"Google Chrome\";v=\"152\""],"Referer":["https://kitap.rorcun.com/profil"],"X-Real-Ip":["88.230.49.239"],"Cache-Control":["no-cache"],"Sec-Ch-Ua-Mobile":["?1"],"User-Agent":["Mozilla/5.0 (Linux; Android 10; K) AppleWebKit/537.36 (KHTML, like Gecko) Chrome/152.0.0.0 Mobile Safari/537.36"],"X-Forwarded-Host":["kitap.rorcun.com"],"Priority":["u=1, i"]},"tls":{"resumed":true,"version":772,"cipher_suite":4865,"proto":"h2","server_name":"kitap.rorcun.com","ech":false}},"error":"reading: context canceled"}
{"level":"warn","ts":1788287638.4280517,"logger":"http.handlers.reverse_proxy","msg":"aborting with incomplete response","upstream":"127.0.0.1:8080","duration":0.0072011,"request":{"remote_ip":"31.223.116.89","remote_port":"49239","client_ip":"31.223.116.89","proto":"HTTP/2.0","method":"GET","host":"kitap.rorcun.com","uri":"/bildirimler/akis","headers":{"X-Real-Ip":["31.223.116.89"],"Cookie":["REDACTED"],"Pragma":["no-cache"],"Sec-Ch-Ua-Platform":["\"Windows\""],"Priority":["u=1, i"],"Accept":["text/event-stream"],"Accept-Language":["tr,en-US;q=0.9,en;q=0.8,id;q=0.7,th;q=0.6,ru;q=0.5,da;q=0.4"],"X-Forwarded-Host":["kitap.rorcun.com"],"Via":["2.0 Caddy"],"X-Forwarded-For":["31.223.116.89"],"Cache-Control":["no-cache"],"Sec-Ch-Ua":["\"Not=A?Brand\";v=\"99\", \"Opera\";v=\"135\", \"Chromium\";v=\"151\""],"Sec-Ch-Ua-Mobile":["?0"],"Accept-Encoding":["gzip, deflate, br, zstd"],"X-Forwarded-Proto":["https"],"Sec-Fetch-Mode":["cors"],"User-Agent":["Mozilla/5.0 (Windows NT 10.0; Win64; x64) AppleWebKit/537.36 (KHTML, like Gecko) Chrome/151.0.0.0 Safari/537.36 OPR/135.0.0.0"],"Sec-Fetch-Site":["same-origin"],"Referer":["https://kitap.rorcun.com/panom"],"Sec-Fetch-Dest":["empty"]},"tls":{"resumed":true,"version":772,"cipher_suite":4865,"proto":"h2","server_name":"kitap.rorcun.com","ech":false}},"error":"reading: context canceled"}
{"level":"warn","ts":1788287639.7127852,"logger":"http.handlers.reverse_proxy","msg":"aborting with incomplete response","upstream":"127.0.0.1:8080","duration":0.0051048,"request":{"remote_ip":"88.230.49.239","remote_port":"23520","client_ip":"88.230.49.239","proto":"HTTP/2.0","method":"GET","host":"kitap.rorcun.com","uri":"/bildirimler/akis","headers":{"Accept-Encoding":["gzip, deflate, br, zstd"],"Referer":["https://kitap.rorcun.com/kesfet"],"Via":["2.0 Caddy"],"Sec-Fetch-Mode":["cors"],"Cookie":["REDACTED"],"Cache-Control":["no-cache"],"X-Real-Ip":["88.230.49.239"],"Sec-Fetch-Dest":["empty"],"Sec-Ch-Ua-Mobile":["?1"],"Sec-Ch-Ua-Platform":["\"Android\""],"X-Forwarded-Proto":["https"],"Sec-Ch-Ua":["\"Chromium\";v=\"152\", \"Not?A_Brand\";v=\"24\", \"Google Chrome\";v=\"152\""],"Sec-Fetch-Site":["same-origin"],"X-Forwarded-For":["88.230.49.239"],"X-Forwarded-Host":["kitap.rorcun.com"],"Pragma":["no-cache"],"Accept":["text/event-stream"],"User-Agent":["Mozilla/5.0 (Linux; Android 10; K) AppleWebKit/537.36 (KHTML, like Gecko) Chrome/152.0.0.0 Mobile Safari/537.36"],"Priority":["u=1, i"],"Accept-Language":["tr-TR,tr;q=0.9,en-US;q=0.8,en;q=0.7"]},"tls":{"resumed":true,"version":772,"cipher_suite":4865,"proto":"h2","server_name":"kitap.rorcun.com","ech":false}},"error":"reading: context canceled"}
{"level":"warn","ts":1788287640.8855388,"logger":"http.handlers.reverse_proxy","msg":"aborting with incomplete response","upstream":"127.0.0.1:8080","duration":0.0089119,"request":{"remote_ip":"31.223.116.89","remote_port":"49239","client_ip":"31.223.116.89","proto":"HTTP/2.0","method":"GET","host":"kitap.rorcun.com","uri":"/bildirimler/akis","headers":{"Priority":["u=1, i"],"User-Agent":["Mozilla/5.0 (Windows NT 10.0; Win64; x64) AppleWebKit/537.36 (KHTML, like Gecko) Chrome/151.0.0.0 Safari/537.36 OPR/135.0.0.0"],"X-Forwarded-Proto":["https"],"Sec-Ch-Ua-Platform":["\"Windows\""],"Accept-Encoding":["gzip, deflate, br, zstd"],"Via":["2.0 Caddy"],"Sec-Fetch-Site":["same-origin"],"Cookie":["REDACTED"],"Accept":["text/event-stream"],"Sec-Fetch-Dest":["empty"],"Accept-Language":["tr,en-US;q=0.9,en;q=0.8,id;q=0.7,th;q=0.6,ru;q=0.5,da;q=0.4"],"Pragma":["no-cache"],"X-Forwarded-For":["31.223.116.89"],"Sec-Ch-Ua-Mobile":["?0"],"Cache-Control":["no-cache"],"Referer":["https://kitap.rorcun.com/kesfet"],"X-Real-Ip":["31.223.116.89"],"Sec-Ch-Ua":["\"Not=A?Brand\";v=\"99\", \"Opera\";v=\"135\", \"Chromium\";v=\"151\""],"Sec-Fetch-Mode":["cors"],"X-Forwarded-Host":["kitap.rorcun.com"]},"tls":{"resumed":true,"version":772,"cipher_suite":4865,"proto":"h2","server_name":"kitap.rorcun.com","ech":false}},"error":"reading: context canceled"}
{"level":"warn","ts":1788287643.886506,"logger":"http.handlers.reverse_proxy","msg":"aborting with incomplete response","upstream":"127.0.0.1:8080","duration":0.0044072,"request":{"remote_ip":"88.230.49.239","remote_port":"23520","client_ip":"88.230.49.239","proto":"HTTP/2.0","method":"GET","host":"kitap.rorcun.com","uri":"/bildirimler/akis","headers":{"Accept":["text/event-stream"],"X-Forwarded-Proto":["https"],"Accept-Encoding":["gzip, deflate, br, zstd"],"Sec-Ch-Ua-Mobile":["?1"],"X-Forwarded-Host":["kitap.rorcun.com"],"Sec-Ch-Ua-Platform":["\"Android\""],"Sec-Fetch-Mode":["cors"],"Sec-Fetch-Site":["same-origin"],"Accept-Language":["tr-TR,tr;q=0.9,en-US;q=0.8,en;q=0.7"],"Cache-Control":["no-cache"],"Pragma":["no-cache"],"Cookie":["REDACTED"],"Sec-Ch-Ua":["\"Chromium\";v=\"152\", \"Not?A_Brand\";v=\"24\", \"Google Chrome\";v=\"152\""],"Referer":["https://kitap.rorcun.com/kitap/2"],"Priority":["u=1, i"],"X-Real-Ip":["88.230.49.239"],"User-Agent":["Mozilla/5.0 (Linux; Android 10; K) AppleWebKit/537.36 (KHTML, like Gecko) Chrome/152.0.0.0 Mobile Safari/537.36"],"Sec-Fetch-Dest":["empty"],"X-Forwarded-For":["88.230.49.239"],"Via":["2.0 Caddy"]},"tls":{"resumed":true,"version":772,"cipher_suite":4865,"proto":"h2","server_name":"kitap.rorcun.com","ech":false}},"error":"reading: context canceled"}
{"level":"warn","ts":1788287645.693148,"logger":"http.handlers.reverse_proxy","msg":"aborting with incomplete response","upstream":"127.0.0.1:8080","duration":0.0084946,"request":{"remote_ip":"31.223.116.89","remote_port":"49239","client_ip":"31.223.116.89","proto":"HTTP/2.0","method":"GET","host":"kitap.rorcun.com","uri":"/bildirimler/akis","headers":{"X-Forwarded-For":["31.223.116.89"],"Priority":["u=1, i"],"X-Real-Ip":["31.223.116.89"],"Accept-Language":["tr,en-US;q=0.9,en;q=0.8,id;q=0.7,th;q=0.6,ru;q=0.5,da;q=0.4"],"Sec-Ch-Ua-Mobile":["?0"],"Accept-Encoding":["gzip, deflate, br, zstd"],"Pragma":["no-cache"],"Referer":["https://kitap.rorcun.com/kitap/2"],"Cache-Control":["no-cache"],"Sec-Fetch-Site":["same-origin"],"X-Forwarded-Host":["kitap.rorcun.com"],"Sec-Fetch-Mode":["cors"],"Cookie":["REDACTED"],"Via":["2.0 Caddy"],"Sec-Ch-Ua":["\"Not=A?Brand\";v=\"99\", \"Opera\";v=\"135\", \"Chromium\";v=\"151\""],"Accept":["text/event-stream"],"X-Forwarded-Proto":["https"],"Sec-Ch-Ua-Platform":["\"Windows\""],"User-Agent":["Mozilla/5.0 (Windows NT 10.0; Win64; x64) AppleWebKit/537.36 (KHTML, like Gecko) Chrome/151.0.0.0 Safari/537.36 OPR/135.0.0.0"],"Sec-Fetch-Dest":["empty"]},"tls":{"resumed":true,"version":772,"cipher_suite":4865,"proto":"h2","server_name":"kitap.rorcun.com","ech":false}},"error":"reading: context canceled"}
{"level":"warn","ts":1788287654.0962539,"logger":"http.handlers.reverse_proxy","msg":"aborting with incomplete response","upstream":"127.0.0.1:8080","duration":0.0085253,"request":{"remote_ip":"31.223.116.89","remote_port":"49239","client_ip":"31.223.116.89","proto":"HTTP/2.0","method":"GET","host":"kitap.rorcun.com","uri":"/bildirimler/akis","headers":{"Sec-Ch-Ua-Mobile":["?0"],"Accept":["text/event-stream"],"Priority":["u=1, i"],"Accept-Encoding":["gzip, deflate, br, zstd"],"Sec-Fetch-Site":["same-origin"],"X-Real-Ip":["31.223.116.89"],"X-Forwarded-For":["31.223.116.89"],"User-Agent":["Mozilla/5.0 (Windows NT 10.0; Win64; x64) AppleWebKit/537.36 (KHTML, like Gecko) Chrome/151.0.0.0 Safari/537.36 OPR/135.0.0.0"],"Referer":["https://kitap.rorcun.com/bildirimler"],"Cache-Control":["no-cache"],"X-Forwarded-Host":["kitap.rorcun.com"],"Cookie":["REDACTED"],"Pragma":["no-cache"],"Accept-Language":["tr,en-US;q=0.9,en;q=0.8,id;q=0.7,th;q=0.6,ru;q=0.5,da;q=0.4"],"Sec-Fetch-Mode":["cors"],"Sec-Ch-Ua":["\"Not=A?Brand\";v=\"99\", \"Opera\";v=\"135\", \"Chromium\";v=\"151\""],"Sec-Fetch-Dest":["empty"],"X-Forwarded-Proto":["https"],"Via":["2.0 Caddy"],"Sec-Ch-Ua-Platform":["\"Windows\""]},"tls":{"resumed":true,"version":772,"cipher_suite":4865,"proto":"h2","server_name":"kitap.rorcun.com","ech":false}},"error":"reading: context canceled"}
{"level":"warn","ts":1788287656.216141,"logger":"http.handlers.reverse_proxy","msg":"aborting with incomplete response","upstream":"127.0.0.1:8080","duration":0.0067538,"request":{"remote_ip":"88.230.49.239","remote_port":"23520","client_ip":"88.230.49.239","proto":"HTTP/2.0","method":"GET","host":"kitap.rorcun.com","uri":"/bildirimler/akis","headers":{"Sec-Fetch-Mode":["cors"],"X-Forwarded-For":["88.230.49.239"],"Sec-Ch-Ua-Platform":["\"Android\""],"Referer":["https://kitap.rorcun.com/aldiklarim"],"Accept":["text/event-stream"],"Via":["2.0 Caddy"],"X-Forwarded-Proto":["https"],"Accept-Language":["tr-TR,tr;q=0.9,en-US;q=0.8,en;q=0.7"],"Cache-Control":["no-cache"],"Sec-Ch-Ua-Mobile":["?1"],"Priority":["u=1, i"],"Sec-Fetch-Site":["same-origin"],"Sec-Ch-Ua":["\"Chromium\";v=\"152\", \"Not?A_Brand\";v=\"24\", \"Google Chrome\";v=\"152\""],"Cookie":["REDACTED"],"X-Forwarded-Host":["kitap.rorcun.com"],"Accept-Encoding":["gzip, deflate, br, zstd"],"Pragma":["no-cache"],"User-Agent":["Mozilla/5.0 (Linux; Android 10; K) AppleWebKit/537.36 (KHTML, like Gecko) Chrome/152.0.0.0 Mobile Safari/537.36"],"Sec-Fetch-Dest":["empty"],"X-Real-Ip":["88.230.49.239"]},"tls":{"resumed":true,"version":772,"cipher_suite":4865,"proto":"h2","server_name":"kitap.rorcun.com","ech":false}},"error":"reading: context canceled"}
{"level":"warn","ts":1788287662.8792078,"logger":"http.handlers.reverse_proxy","msg":"aborting with incomplete response","upstream":"127.0.0.1:8080","duration":0.0077723,"request":{"remote_ip":"31.223.116.89","remote_port":"49239","client_ip":"31.223.116.89","proto":"HTTP/2.0","method":"GET","host":"kitap.rorcun.com","uri":"/bildirimler/akis","headers":{"Sec-Fetch-Mode":["cors"],"Sec-Fetch-Site":["same-origin"],"Pragma":["no-cache"],"Cache-Control":["no-cache"],"Sec-Ch-Ua":["\"Not=A?Brand\";v=\"99\", \"Opera\";v=\"135\", \"Chromium\";v=\"151\""],"Accept-Language":["tr,en-US;q=0.9,en;q=0.8,id;q=0.7,th;q=0.6,ru;q=0.5,da;q=0.4"],"Sec-Ch-Ua-Platform":["\"Windows\""],"Sec-Fetch-Dest":["empty"],"X-Forwarded-For":["31.223.116.89"],"Cookie":["REDACTED"],"User-Agent":["Mozilla/5.0 (Windows NT 10.0; Win64; x64) AppleWebKit/537.36 (KHTML, like Gecko) Chrome/151.0.0.0 Safari/537.36 OPR/135.0.0.0"],"Referer":["https://kitap.rorcun.com/bagislarim"],"X-Real-Ip":["31.223.116.89"],"X-Forwarded-Proto":["https"],"X-Forwarded-Host":["kitap.rorcun.com"],"Sec-Ch-Ua-Mobile":["?0"],"Accept":["text/event-stream"],"Via":["2.0 Caddy"],"Accept-Encoding":["gzip, deflate, br, zstd"],"Priority":["u=1, i"]},"tls":{"resumed":true,"version":772,"cipher_suite":4865,"proto":"h2","server_name":"kitap.rorcun.com","ech":false}},"error":"reading: context canceled"}
{"level":"warn","ts":1788287666.187673,"logger":"http.handlers.reverse_proxy","msg":"aborting with incomplete response","upstream":"127.0.0.1:8080","duration":0.0077599,"request":{"remote_ip":"88.230.49.239","remote_port":"23520","client_ip":"88.230.49.239","proto":"HTTP/2.0","method":"GET","host":"kitap.rorcun.com","uri":"/bildirimler/akis","headers":{"Sec-Ch-Ua":["\"Chromium\";v=\"152\", \"Not?A_Brand\";v=\"24\", \"Google Chrome\";v=\"152\""],"Sec-Fetch-Site":["same-origin"],"Referer":["https://kitap.rorcun.com/mesajlar/3"],"Cache-Control":["no-cache"],"X-Forwarded-Host":["kitap.rorcun.com"],"User-Agent":["Mozilla/5.0 (Linux; Android 10; K) AppleWebKit/537.36 (KHTML, like Gecko) Chrome/152.0.0.0 Mobile Safari/537.36"],"X-Forwarded-Proto":["https"],"Pragma":["no-cache"],"Sec-Fetch-Dest":["empty"],"Sec-Ch-Ua-Mobile":["?1"],"X-Real-Ip":["88.230.49.239"],"Priority":["u=1, i"],"Accept-Encoding":["gzip, deflate, br, zstd"],"Sec-Ch-Ua-Platform":["\"Android\""],"Accept-Language":["tr-TR,tr;q=0.9,en-US;q=0.8,en;q=0.7"],"X-Forwarded-For":["88.230.49.239"],"Via":["2.0 Caddy"],"Cookie":["REDACTED"],"Accept":["text/event-stream"],"Sec-Fetch-Mode":["cors"]},"tls":{"resumed":true,"version":772,"cipher_suite":4865,"proto":"h2","server_name":"kitap.rorcun.com","ech":false}},"error":"reading: context canceled"}
{"level":"warn","ts":1788287666.187673,"logger":"http.handlers.reverse_proxy","msg":"aborting with incomplete response","upstream":"127.0.0.1:8080","duration":0.0078062,"request":{"remote_ip":"88.230.49.239","remote_port":"23520","client_ip":"88.230.49.239","proto":"HTTP/2.0","method":"GET","host":"kitap.rorcun.com","uri":"/mesajlar/3/akis","headers":{"Accept":["text/event-stream"],"Sec-Ch-Ua":["\"Chromium\";v=\"152\", \"Not?A_Brand\";v=\"24\", \"Google Chrome\";v=\"152\""],"Priority":["u=1, i"],"User-Agent":["Mozilla/5.0 (Linux; Android 10; K) AppleWebKit/537.36 (KHTML, like Gecko) Chrome/152.0.0.0 Mobile Safari/537.36"],"Via":["2.0 Caddy"],"X-Forwarded-Proto":["https"],"X-Real-Ip":["88.230.49.239"],"Sec-Fetch-Site":["same-origin"],"Accept-Language":["tr-TR,tr;q=0.9,en-US;q=0.8,en;q=0.7"],"Sec-Fetch-Dest":["empty"],"Cookie":["REDACTED"],"Sec-Ch-Ua-Platform":["\"Android\""],"X-Forwarded-Host":["kitap.rorcun.com"],"Sec-Fetch-Mode":["cors"],"Referer":["https://kitap.rorcun.com/mesajlar/3"],"X-Forwarded-For":["88.230.49.239"],"Accept-Encoding":["gzip, deflate, br, zstd"],"Cache-Control":["no-cache"],"Pragma":["no-cache"],"Sec-Ch-Ua-Mobile":["?1"]},"tls":{"resumed":true,"version":772,"cipher_suite":4865,"proto":"h2","server_name":"kitap.rorcun.com","ech":false}},"error":"reading: context canceled"}
{"level":"warn","ts":1788287666.6051378,"logger":"http.handlers.reverse_proxy","msg":"aborting with incomplete response","upstream":"127.0.0.1:8080","duration":0.0130166,"request":{"remote_ip":"31.223.116.89","remote_port":"49239","client_ip":"31.223.116.89","proto":"HTTP/2.0","method":"GET","host":"kitap.rorcun.com","uri":"/mesajlar/3/akis","headers":{"User-Agent":["Mozilla/5.0 (Windows NT 10.0; Win64; x64) AppleWebKit/537.36 (KHTML, like Gecko) Chrome/151.0.0.0 Safari/537.36 OPR/135.0.0.0"],"Pragma":["no-cache"],"Sec-Fetch-Dest":["empty"],"X-Forwarded-For":["31.223.116.89"],"Accept":["text/event-stream"],"X-Forwarded-Proto":["https"],"Sec-Ch-Ua-Mobile":["?0"],"Sec-Ch-Ua":["\"Not=A?Brand\";v=\"99\", \"Opera\";v=\"135\", \"Chromium\";v=\"151\""],"Accept-Encoding":["gzip, deflate, br, zstd"],"Sec-Fetch-Site":["same-origin"],"Priority":["u=1, i"],"Via":["2.0 Caddy"],"Sec-Fetch-Mode":["cors"],"Sec-Ch-Ua-Platform":["\"Windows\""],"X-Forwarded-Host":["kitap.rorcun.com"],"Referer":["https://kitap.rorcun.com/mesajlar/3"],"X-Real-Ip":["31.223.116.89"],"Cookie":["REDACTED"],"Accept-Language":["tr,en-US;q=0.9,en;q=0.8,id;q=0.7,th;q=0.6,ru;q=0.5,da;q=0.4"],"Cache-Control":["no-cache"]},"tls":{"resumed":true,"version":772,"cipher_suite":4865,"proto":"h2","server_name":"kitap.rorcun.com","ech":false}},"error":"reading: context canceled"}
{"level":"warn","ts":1788287666.6051378,"logger":"http.handlers.reverse_proxy","msg":"aborting with incomplete response","upstream":"127.0.0.1:8080","duration":0.0083493,"request":{"remote_ip":"31.223.116.89","remote_port":"49239","client_ip":"31.223.116.89","proto":"HTTP/2.0","method":"GET","host":"kitap.rorcun.com","uri":"/bildirimler/akis","headers":{"X-Real-Ip":["31.223.116.89"],"Accept":["text/event-stream"],"Via":["2.0 Caddy"],"Sec-Ch-Ua-Mobile":["?0"],"X-Forwarded-For":["31.223.116.89"],"X-Forwarded-Proto":["https"],"X-Forwarded-Host":["kitap.rorcun.com"],"Accept-Encoding":["gzip, deflate, br, zstd"],"Priority":["u=1, i"],"Sec-Fetch-Dest":["empty"],"Sec-Fetch-Mode":["cors"],"Cache-Control":["no-cache"],"Accept-Language":["tr,en-US;q=0.9,en;q=0.8,id;q=0.7,th;q=0.6,ru;q=0.5,da;q=0.4"],"Cookie":["REDACTED"],"Referer":["https://kitap.rorcun.com/mesajlar/3"],"User-Agent":["Mozilla/5.0 (Windows NT 10.0; Win64; x64) AppleWebKit/537.36 (KHTML, like Gecko) Chrome/151.0.0.0 Safari/537.36 OPR/135.0.0.0"],"Sec-Ch-Ua-Platform":["\"Windows\""],"Sec-Fetch-Site":["same-origin"],"Sec-Ch-Ua":["\"Not=A?Brand\";v=\"99\", \"Opera\";v=\"135\", \"Chromium\";v=\"151\""],"Pragma":["no-cache"]},"tls":{"resumed":true,"version":772,"cipher_suite":4865,"proto":"h2","server_name":"kitap.rorcun.com","ech":false}},"error":"reading: context canceled"}
{"level":"warn","ts":1788287668.6833274,"logger":"http.handlers.reverse_proxy","msg":"aborting with incomplete response","upstream":"127.0.0.1:8080","duration":0.0102068,"request":{"remote_ip":"31.223.116.89","remote_port":"49239","client_ip":"31.223.116.89","proto":"HTTP/2.0","method":"GET","host":"kitap.rorcun.com","uri":"/mesajlar/3/akis","headers":{"Cookie":["REDACTED"],"Sec-Ch-Ua-Platform":["\"Windows\""],"Accept-Language":["tr,en-US;q=0.9,en;q=0.8,id;q=0.7,th;q=0.6,ru;q=0.5,da;q=0.4"],"Via":["2.0 Caddy"],"User-Agent":["Mozilla/5.0 (Windows NT 10.0; Win64; x64) AppleWebKit/537.36 (KHTML, like Gecko) Chrome/151.0.0.0 Safari/537.36 OPR/135.0.0.0"],"Sec-Ch-Ua":["\"Not=A?Brand\";v=\"99\", \"Opera\";v=\"135\", \"Chromium\";v=\"151\""],"Sec-Fetch-Mode":["cors"],"Sec-Fetch-Site":["same-origin"],"Pragma":["no-cache"],"X-Real-Ip":["31.223.116.89"],"Priority":["u=1, i"],"Sec-Ch-Ua-Mobile":["?0"],"Accept":["text/event-stream"],"Referer":["https://kitap.rorcun.com/mesajlar/3"],"Accept-Encoding":["gzip, deflate, br, zstd"],"Sec-Fetch-Dest":["empty"],"X-Forwarded-For":["31.223.116.89"],"X-Forwarded-Proto":["https"],"Cache-Control":["no-cache"],"X-Forwarded-Host":["kitap.rorcun.com"]},"tls":{"resumed":true,"version":772,"cipher_suite":4865,"proto":"h2","server_name":"kitap.rorcun.com","ech":false}},"error":"reading: context canceled"}
{"level":"warn","ts":1788287668.6833274,"logger":"http.handlers.reverse_proxy","msg":"aborting with incomplete response","upstream":"127.0.0.1:8080","duration":0.0087446,"request":{"remote_ip":"31.223.116.89","remote_port":"49239","client_ip":"31.223.116.89","proto":"HTTP/2.0","method":"GET","host":"kitap.rorcun.com","uri":"/bildirimler/akis","headers":{"Priority":["u=1, i"],"X-Real-Ip":["31.223.116.89"],"X-Forwarded-Host":["kitap.rorcun.com"],"Sec-Fetch-Dest":["empty"],"X-Forwarded-For":["31.223.116.89"],"X-Forwarded-Proto":["https"],"Sec-Fetch-Mode":["cors"],"Sec-Ch-Ua":["\"Not=A?Brand\";v=\"99\", \"Opera\";v=\"135\", \"Chromium\";v=\"151\""],"Referer":["https://kitap.rorcun.com/mesajlar/3"],"Accept-Language":["tr,en-US;q=0.9,en;q=0.8,id;q=0.7,th;q=0.6,ru;q=0.5,da;q=0.4"],"User-Agent":["Mozilla/5.0 (Windows NT 10.0; Win64; x64) AppleWebKit/537.36 (KHTML, like Gecko) Chrome/151.0.0.0 Safari/537.36 OPR/135.0.0.0"],"Sec-Ch-Ua-Platform":["\"Windows\""],"Pragma":["no-cache"],"Cookie":["REDACTED"],"Via":["2.0 Caddy"],"Sec-Ch-Ua-Mobile":["?0"],"Cache-Control":["no-cache"],"Accept-Encoding":["gzip, deflate, br, zstd"],"Sec-Fetch-Site":["same-origin"],"Accept":["text/event-stream"]},"tls":{"resumed":true,"version":772,"cipher_suite":4865,"proto":"h2","server_name":"kitap.rorcun.com","ech":false}},"error":"reading: context canceled"}
{"level":"warn","ts":1788287679.2203515,"logger":"http.handlers.reverse_proxy","msg":"aborting with incomplete response","upstream":"127.0.0.1:8080","duration":0.0078602,"request":{"remote_ip":"88.230.49.239","remote_port":"23520","client_ip":"88.230.49.239","proto":"HTTP/2.0","method":"GET","host":"kitap.rorcun.com","uri":"/bildirimler/akis","headers":{"Sec-Fetch-Dest":["empty"],"X-Forwarded-Host":["kitap.rorcun.com"],"X-Real-Ip":["88.230.49.239"],"Pragma":["no-cache"],"Cache-Control":["no-cache"],"Sec-Ch-Ua":["\"Chromium\";v=\"152\", \"Not?A_Brand\";v=\"24\", \"Google Chrome\";v=\"152\""],"Priority":["u=1, i"],"Via":["2.0 Caddy"],"Accept":["text/event-stream"],"Referer":["https://kitap.rorcun.com/mesajlar/3"],"Cookie":["REDACTED"],"Sec-Ch-Ua-Mobile":["?1"],"Accept-Encoding":["gzip, deflate, br, zstd"],"Sec-Fetch-Mode":["cors"],"X-Forwarded-For":["88.230.49.239"],"Sec-Ch-Ua-Platform":["\"Android\""],"User-Agent":["Mozilla/5.0 (Linux; Android 10; K) AppleWebKit/537.36 (KHTML, like Gecko) Chrome/152.0.0.0 Mobile Safari/537.36"],"Sec-Fetch-Site":["same-origin"],"Accept-Language":["tr-TR,tr;q=0.9,en-US;q=0.8,en;q=0.7"],"X-Forwarded-Proto":["https"]},"tls":{"resumed":true,"version":772,"cipher_suite":4865,"proto":"h2","server_name":"kitap.rorcun.com","ech":false}},"error":"reading: context canceled"}
{"level":"warn","ts":1788287679.2203515,"logger":"http.handlers.reverse_proxy","msg":"aborting with incomplete response","upstream":"127.0.0.1:8080","duration":0.0083561,"request":{"remote_ip":"88.230.49.239","remote_port":"23520","client_ip":"88.230.49.239","proto":"HTTP/2.0","method":"GET","host":"kitap.rorcun.com","uri":"/mesajlar/3/akis","headers":{"Cache-Control":["no-cache"],"User-Agent":["Mozilla/5.0 (Linux; Android 10; K) AppleWebKit/537.36 (KHTML, like Gecko) Chrome/152.0.0.0 Mobile Safari/537.36"],"Priority":["u=1, i"],"Sec-Fetch-Mode":["cors"],"X-Forwarded-For":["88.230.49.239"],"X-Real-Ip":["88.230.49.239"],"Via":["2.0 Caddy"],"X-Forwarded-Host":["kitap.rorcun.com"],"Sec-Ch-Ua":["\"Chromium\";v=\"152\", \"Not?A_Brand\";v=\"24\", \"Google Chrome\";v=\"152\""],"Sec-Ch-Ua-Platform":["\"Android\""],"Accept-Language":["tr-TR,tr;q=0.9,en-US;q=0.8,en;q=0.7"],"Cookie":["REDACTED"],"X-Forwarded-Proto":["https"],"Pragma":["no-cache"],"Sec-Fetch-Site":["same-origin"],"Sec-Ch-Ua-Mobile":["?1"],"Accept":["text/event-stream"],"Sec-Fetch-Dest":["empty"],"Accept-Encoding":["gzip, deflate, br, zstd"],"Referer":["https://kitap.rorcun.com/mesajlar/3"]},"tls":{"resumed":true,"version":772,"cipher_suite":4865,"proto":"h2","server_name":"kitap.rorcun.com","ech":false}},"error":"reading: context canceled"}
{"level":"warn","ts":1788287684.1467636,"logger":"http.handlers.reverse_proxy","msg":"aborting with incomplete response","upstream":"127.0.0.1:8080","duration":0.0089398,"request":{"remote_ip":"31.223.116.89","remote_port":"49239","client_ip":"31.223.116.89","proto":"HTTP/2.0","method":"GET","host":"kitap.rorcun.com","uri":"/bildirimler/akis","headers":{"X-Forwarded-For":["31.223.116.89"],"Priority":["u=1, i"],"Cookie":["REDACTED"],"Sec-Ch-Ua-Mobile":["?0"],"X-Forwarded-Proto":["https"],"Referer":["https://kitap.rorcun.com/mesajlar/3"],"X-Forwarded-Host":["kitap.rorcun.com"],"Sec-Fetch-Dest":["empty"],"Sec-Fetch-Site":["same-origin"],"Via":["2.0 Caddy"],"Sec-Ch-Ua-Platform":["\"Windows\""],"Accept":["text/event-stream"],"Sec-Ch-Ua":["\"Not=A?Brand\";v=\"99\", \"Opera\";v=\"135\", \"Chromium\";v=\"151\""],"Pragma":["no-cache"],"User-Agent":["Mozilla/5.0 (Windows NT 10.0; Win64; x64) AppleWebKit/537.36 (KHTML, like Gecko) Chrome/151.0.0.0 Safari/537.36 OPR/135.0.0.0"],"X-Real-Ip":["31.223.116.89"],"Cache-Control":["no-cache"],"Accept-Encoding":["gzip, deflate, br, zstd"],"Accept-Language":["tr,en-US;q=0.9,en;q=0.8,id;q=0.7,th;q=0.6,ru;q=0.5,da;q=0.4"],"Sec-Fetch-Mode":["cors"]},"tls":{"resumed":true,"version":772,"cipher_suite":4865,"proto":"h2","server_name":"kitap.rorcun.com","ech":false}},"error":"reading: context canceled"}
{"level":"warn","ts":1788287684.1467636,"logger":"http.handlers.reverse_proxy","msg":"aborting with incomplete response","upstream":"127.0.0.1:8080","duration":0.0102194,"request":{"remote_ip":"31.223.116.89","remote_port":"49239","client_ip":"31.223.116.89","proto":"HTTP/2.0","method":"GET","host":"kitap.rorcun.com","uri":"/mesajlar/3/akis","headers":{"Sec-Ch-Ua-Platform":["\"Windows\""],"Sec-Fetch-Site":["same-origin"],"X-Forwarded-Host":["kitap.rorcun.com"],"X-Real-Ip":["31.223.116.89"],"Referer":["https://kitap.rorcun.com/mesajlar/3"],"X-Forwarded-For":["31.223.116.89"],"Cache-Control":["no-cache"],"Accept-Encoding":["gzip, deflate, br, zstd"],"Pragma":["no-cache"],"Priority":["u=1, i"],"X-Forwarded-Proto":["https"],"Cookie":["REDACTED"],"User-Agent":["Mozilla/5.0 (Windows NT 10.0; Win64; x64) AppleWebKit/537.36 (KHTML, like Gecko) Chrome/151.0.0.0 Safari/537.36 OPR/135.0.0.0"],"Sec-Fetch-Dest":["empty"],"Accept-Language":["tr,en-US;q=0.9,en;q=0.8,id;q=0.7,th;q=0.6,ru;q=0.5,da;q=0.4"],"Sec-Ch-Ua-Mobile":["?0"],"Sec-Fetch-Mode":["cors"],"Sec-Ch-Ua":["\"Not=A?Brand\";v=\"99\", \"Opera\";v=\"135\", \"Chromium\";v=\"151\""],"Via":["2.0 Caddy"],"Accept":["text/event-stream"]},"tls":{"resumed":true,"version":772,"cipher_suite":4865,"proto":"h2","server_name":"kitap.rorcun.com","ech":false}},"error":"reading: context canceled"}
{"level":"warn","ts":1788287690.000706,"logger":"http.handlers.reverse_proxy","msg":"aborting with incomplete response","upstream":"127.0.0.1:8080","duration":0.0080227,"request":{"remote_ip":"31.223.116.89","remote_port":"49239","client_ip":"31.223.116.89","proto":"HTTP/2.0","method":"GET","host":"kitap.rorcun.com","uri":"/bildirimler/akis","headers":{"X-Forwarded-Host":["kitap.rorcun.com"],"Priority":["u=1, i"],"Accept":["text/event-stream"],"Sec-Ch-Ua":["\"Not=A?Brand\";v=\"99\", \"Opera\";v=\"135\", \"Chromium\";v=\"151\""],"X-Real-Ip":["31.223.116.89"],"Sec-Fetch-Site":["same-origin"],"Sec-Fetch-Mode":["cors"],"Accept-Language":["tr,en-US;q=0.9,en;q=0.8,id;q=0.7,th;q=0.6,ru;q=0.5,da;q=0.4"],"Sec-Fetch-Dest":["empty"],"Via":["2.0 Caddy"],"Accept-Encoding":["gzip, deflate, br, zstd"],"Referer":["https://kitap.rorcun.com/mesajlar/3"],"Cookie":["REDACTED"],"Cache-Control":["no-cache"],"X-Forwarded-For":["31.223.116.89"],"Sec-Ch-Ua-Platform":["\"Windows\""],"Sec-Ch-Ua-Mobile":["?0"],"X-Forwarded-Proto":["https"],"Pragma":["no-cache"],"User-Agent":["Mozilla/5.0 (Windows NT 10.0; Win64; x64) AppleWebKit/537.36 (KHTML, like Gecko) Chrome/151.0.0.0 Safari/537.36 OPR/135.0.0.0"]},"tls":{"resumed":true,"version":772,"cipher_suite":4865,"proto":"h2","server_name":"kitap.rorcun.com","ech":false}},"error":"reading: context canceled"}
{"level":"warn","ts":1788287690.000706,"logger":"http.handlers.reverse_proxy","msg":"aborting with incomplete response","upstream":"127.0.0.1:8080","duration":0.0139833,"request":{"remote_ip":"31.223.116.89","remote_port":"49239","client_ip":"31.223.116.89","proto":"HTTP/2.0","method":"GET","host":"kitap.rorcun.com","uri":"/mesajlar/3/akis","headers":{"Accept-Language":["tr,en-US;q=0.9,en;q=0.8,id;q=0.7,th;q=0.6,ru;q=0.5,da;q=0.4"],"Sec-Ch-Ua":["\"Not=A?Brand\";v=\"99\", \"Opera\";v=\"135\", \"Chromium\";v=\"151\""],"Sec-Fetch-Site":["same-origin"],"Sec-Fetch-Dest":["empty"],"User-Agent":["Mozilla/5.0 (Windows NT 10.0; Win64; x64) AppleWebKit/537.36 (KHTML, like Gecko) Chrome/151.0.0.0 Safari/537.36 OPR/135.0.0.0"],"Accept-Encoding":["gzip, deflate, br, zstd"],"X-Forwarded-Host":["kitap.rorcun.com"],"Cache-Control":["no-cache"],"Sec-Ch-Ua-Platform":["\"Windows\""],"Priority":["u=1, i"],"X-Forwarded-Proto":["https"],"X-Real-Ip":["31.223.116.89"],"Accept":["text/event-stream"],"Sec-Ch-Ua-Mobile":["?0"],"Pragma":["no-cache"],"Via":["2.0 Caddy"],"Sec-Fetch-Mode":["cors"],"X-Forwarded-For":["31.223.116.89"],"Cookie":["REDACTED"],"Referer":["https://kitap.rorcun.com/mesajlar/3"]},"tls":{"resumed":true,"version":772,"cipher_suite":4865,"proto":"h2","server_name":"kitap.rorcun.com","ech":false}},"error":"reading: context canceled"}
{"level":"warn","ts":1788287704.8153868,"logger":"http.handlers.reverse_proxy","msg":"aborting with incomplete response","upstream":"127.0.0.1:8080","duration":0.0047621,"request":{"remote_ip":"88.230.49.239","remote_port":"23520","client_ip":"88.230.49.239","proto":"HTTP/2.0","method":"GET","host":"kitap.rorcun.com","uri":"/mesajlar/3/akis","headers":{"Accept-Language":["tr-TR,tr;q=0.9,en-US;q=0.8,en;q=0.7"],"User-Agent":["Mozilla/5.0 (Linux; Android 10; K) AppleWebKit/537.36 (KHTML, like Gecko) Chrome/152.0.0.0 Mobile Safari/537.36"],"Sec-Ch-Ua-Platform":["\"Android\""],"X-Forwarded-For":["88.230.49.239"],"X-Forwarded-Host":["kitap.rorcun.com"],"Sec-Ch-Ua":["\"Chromium\";v=\"152\", \"Not?A_Brand\";v=\"24\", \"Google Chrome\";v=\"152\""],"Accept-Encoding":["gzip, deflate, br, zstd"],"Referer":["https://kitap.rorcun.com/mesajlar/3"],"Cache-Control":["no-cache"],"Sec-Fetch-Mode":["cors"],"Via":["2.0 Caddy"],"Sec-Ch-Ua-Mobile":["?1"],"X-Forwarded-Proto":["https"],"Pragma":["no-cache"],"X-Real-Ip":["88.230.49.239"],"Accept":["text/event-stream"],"Sec-Fetch-Site":["same-origin"],"Sec-Fetch-Dest":["empty"],"Priority":["u=1, i"],"Cookie":["REDACTED"]},"tls":{"resumed":true,"version":772,"cipher_suite":4865,"proto":"h2","server_name":"kitap.rorcun.com","ech":false}},"error":"reading: context canceled"}
{"level":"warn","ts":1788287704.8153868,"logger":"http.handlers.reverse_proxy","msg":"aborting with incomplete response","upstream":"127.0.0.1:8080","duration":0.0062934,"request":{"remote_ip":"88.230.49.239","remote_port":"23520","client_ip":"88.230.49.239","proto":"HTTP/2.0","method":"GET","host":"kitap.rorcun.com","uri":"/bildirimler/akis","headers":{"Sec-Ch-Ua-Platform":["\"Android\""],"Accept-Encoding":["gzip, deflate, br, zstd"],"Accept":["text/event-stream"],"Referer":["https://kitap.rorcun.com/mesajlar/3"],"X-Forwarded-For":["88.230.49.239"],"X-Forwarded-Proto":["https"],"Sec-Ch-Ua":["\"Chromium\";v=\"152\", \"Not?A_Brand\";v=\"24\", \"Google Chrome\";v=\"152\""],"Cache-Control":["no-cache"],"Accept-Language":["tr-TR,tr;q=0.9,en-US;q=0.8,en;q=0.7"],"Cookie":["REDACTED"],"Sec-Ch-Ua-Mobile":["?1"],"Via":["2.0 Caddy"],"Pragma":["no-cache"],"X-Real-Ip":["88.230.49.239"],"X-Forwarded-Host":["kitap.rorcun.com"],"User-Agent":["Mozilla/5.0 (Linux; Android 10; K) AppleWebKit/537.36 (KHTML, like Gecko) Chrome/152.0.0.0 Mobile Safari/537.36"],"Sec-Fetch-Site":["same-origin"],"Sec-Fetch-Mode":["cors"],"Priority":["u=1, i"],"Sec-Fetch-Dest":["empty"]},"tls":{"resumed":true,"version":772,"cipher_suite":4865,"proto":"h2","server_name":"kitap.rorcun.com","ech":false}},"error":"reading: context canceled"}
{"level":"warn","ts":1788287710.044887,"logger":"http.handlers.reverse_proxy","msg":"aborting with incomplete response","upstream":"127.0.0.1:8080","duration":0.0070705,"request":{"remote_ip":"88.230.49.239","remote_port":"23520","client_ip":"88.230.49.239","proto":"HTTP/2.0","method":"GET","host":"kitap.rorcun.com","uri":"/bildirimler/akis","headers":{"Sec-Ch-Ua-Mobile":["?1"],"Sec-Fetch-Site":["same-origin"],"Priority":["u=1, i"],"Via":["2.0 Caddy"],"Cache-Control":["no-cache"],"Sec-Ch-Ua":["\"Chromium\";v=\"152\", \"Not?A_Brand\";v=\"24\", \"Google Chrome\";v=\"152\""],"Sec-Fetch-Mode":["cors"],"Accept-Language":["tr-TR,tr;q=0.9,en-US;q=0.8,en;q=0.7"],"X-Forwarded-Host":["kitap.rorcun.com"],"Cookie":["REDACTED"],"Sec-Fetch-Dest":["empty"],"X-Real-Ip":["88.230.49.239"],"User-Agent":["Mozilla/5.0 (Linux; Android 10; K) AppleWebKit/537.36 (KHTML, like Gecko) Chrome/152.0.0.0 Mobile Safari/537.36"],"X-Forwarded-For":["88.230.49.239"],"Sec-Ch-Ua-Platform":["\"Android\""],"Accept-Encoding":["gzip, deflate, br, zstd"],"Accept":["text/event-stream"],"Pragma":["no-cache"],"X-Forwarded-Proto":["https"],"Referer":["https://kitap.rorcun.com/mesajlar/3"]},"tls":{"resumed":true,"version":772,"cipher_suite":4865,"proto":"h2","server_name":"kitap.rorcun.com","ech":false}},"error":"reading: context canceled"}
{"level":"warn","ts":1788287710.0455601,"logger":"http.handlers.reverse_proxy","msg":"aborting with incomplete response","upstream":"127.0.0.1:8080","duration":0.0060872,"request":{"remote_ip":"88.230.49.239","remote_port":"23520","client_ip":"88.230.49.239","proto":"HTTP/2.0","method":"GET","host":"kitap.rorcun.com","uri":"/mesajlar/3/akis","headers":{"Via":["2.0 Caddy"],"Pragma":["no-cache"],"Referer":["https://kitap.rorcun.com/mesajlar/3"],"Sec-Fetch-Mode":["cors"],"X-Forwarded-Host":["kitap.rorcun.com"],"X-Forwarded-For":["88.230.49.239"],"X-Real-Ip":["88.230.49.239"],"User-Agent":["Mozilla/5.0 (Linux; Android 10; K) AppleWebKit/537.36 (KHTML, like Gecko) Chrome/152.0.0.0 Mobile Safari/537.36"],"Sec-Ch-Ua-Platform":["\"Android\""],"Sec-Fetch-Site":["same-origin"],"Accept-Language":["tr-TR,tr;q=0.9,en-US;q=0.8,en;q=0.7"],"Priority":["u=1, i"],"Sec-Ch-Ua-Mobile":["?1"],"X-Forwarded-Proto":["https"],"Cookie":["REDACTED"],"Sec-Fetch-Dest":["empty"],"Accept":["text/event-stream"],"Sec-Ch-Ua":["\"Chromium\";v=\"152\", \"Not?A_Brand\";v=\"24\", \"Google Chrome\";v=\"152\""],"Accept-Encoding":["gzip, deflate, br, zstd"],"Cache-Control":["no-cache"]},"tls":{"resumed":true,"version":772,"cipher_suite":4865,"proto":"h2","server_name":"kitap.rorcun.com","ech":false}},"error":"reading: context canceled"}
{"level":"warn","ts":1788287710.652159,"logger":"http.handlers.reverse_proxy","msg":"aborting with incomplete response","upstream":"127.0.0.1:8080","duration":0.0114301,"request":{"remote_ip":"31.223.116.89","remote_port":"49239","client_ip":"31.223.116.89","proto":"HTTP/2.0","method":"GET","host":"kitap.rorcun.com","uri":"/bildirimler/akis","headers":{"Sec-Ch-Ua":["\"Not=A?Brand\";v=\"99\", \"Opera\";v=\"135\", \"Chromium\";v=\"151\""],"X-Forwarded-Proto":["https"],"Accept-Encoding":["gzip, deflate, br, zstd"],"Accept-Language":["tr,en-US;q=0.9,en;q=0.8,id;q=0.7,th;q=0.6,ru;q=0.5,da;q=0.4"],"Accept":["text/event-stream"],"Sec-Ch-Ua-Mobile":["?0"],"X-Forwarded-For":["31.223.116.89"],"Referer":["https://kitap.rorcun.com/mesajlar/3"],"Via":["2.0 Caddy"],"Priority":["u=1, i"],"Cookie":["REDACTED"],"Sec-Fetch-Dest":["empty"],"X-Forwarded-Host":["kitap.rorcun.com"],"Sec-Fetch-Mode":["cors"],"Pragma":["no-cache"],"Sec-Fetch-Site":["same-origin"],"Sec-Ch-Ua-Platform":["\"Windows\""],"User-Agent":["Mozilla/5.0 (Windows NT 10.0; Win64; x64) AppleWebKit/537.36 (KHTML, like Gecko) Chrome/151.0.0.0 Safari/537.36 OPR/135.0.0.0"],"Cache-Control":["no-cache"],"X-Real-Ip":["31.223.116.89"]},"tls":{"resumed":true,"version":772,"cipher_suite":4865,"proto":"h2","server_name":"kitap.rorcun.com","ech":false}},"error":"reading: context canceled"}
{"level":"warn","ts":1788287710.652159,"logger":"http.handlers.reverse_proxy","msg":"aborting with incomplete response","upstream":"127.0.0.1:8080","duration":0.0088944,"request":{"remote_ip":"31.223.116.89","remote_port":"49239","client_ip":"31.223.116.89","proto":"HTTP/2.0","method":"GET","host":"kitap.rorcun.com","uri":"/mesajlar/3/akis","headers":{"X-Forwarded-For":["31.223.116.89"],"Cookie":["REDACTED"],"Sec-Fetch-Site":["same-origin"],"Accept":["text/event-stream"],"X-Forwarded-Proto":["https"],"Sec-Ch-Ua":["\"Not=A?Brand\";v=\"99\", \"Opera\";v=\"135\", \"Chromium\";v=\"151\""],"Via":["2.0 Caddy"],"X-Real-Ip":["31.223.116.89"],"Pragma":["no-cache"],"Accept-Language":["tr,en-US;q=0.9,en;q=0.8,id;q=0.7,th;q=0.6,ru;q=0.5,da;q=0.4"],"Sec-Ch-Ua-Platform":["\"Windows\""],"Referer":["https://kitap.rorcun.com/mesajlar/3"],"Priority":["u=1, i"],"Sec-Ch-Ua-Mobile":["?0"],"X-Forwarded-Host":["kitap.rorcun.com"],"User-Agent":["Mozilla/5.0 (Windows NT 10.0; Win64; x64) AppleWebKit/537.36 (KHTML, like Gecko) Chrome/151.0.0.0 Safari/537.36 OPR/135.0.0.0"],"Sec-Fetch-Dest":["empty"],"Accept-Encoding":["gzip, deflate, br, zstd"],"Sec-Fetch-Mode":["cors"],"Cache-Control":["no-cache"]},"tls":{"resumed":true,"version":772,"cipher_suite":4865,"proto":"h2","server_name":"kitap.rorcun.com","ech":false}},"error":"reading: context canceled"}
{"level":"warn","ts":1788287715.003927,"logger":"http.handlers.reverse_proxy","msg":"aborting with incomplete response","upstream":"127.0.0.1:8080","duration":0.0081683,"request":{"remote_ip":"31.223.116.89","remote_port":"49239","client_ip":"31.223.116.89","proto":"HTTP/2.0","method":"GET","host":"kitap.rorcun.com","uri":"/bildirimler/akis","headers":{"X-Real-Ip":["31.223.116.89"],"Via":["2.0 Caddy"],"X-Forwarded-Host":["kitap.rorcun.com"],"User-Agent":["Mozilla/5.0 (Windows NT 10.0; Win64; x64) AppleWebKit/537.36 (KHTML, like Gecko) Chrome/151.0.0.0 Safari/537.36 OPR/135.0.0.0"],"Sec-Ch-Ua":["\"Not=A?Brand\";v=\"99\", \"Opera\";v=\"135\", \"Chromium\";v=\"151\""],"Pragma":["no-cache"],"Cache-Control":["no-cache"],"Sec-Fetch-Site":["same-origin"],"Accept":["text/event-stream"],"Accept-Encoding":["gzip, deflate, br, zstd"],"X-Forwarded-For":["31.223.116.89"],"Sec-Fetch-Mode":["cors"],"Cookie":["REDACTED"],"Accept-Language":["tr,en-US;q=0.9,en;q=0.8,id;q=0.7,th;q=0.6,ru;q=0.5,da;q=0.4"],"Sec-Ch-Ua-Mobile":["?0"],"X-Forwarded-Proto":["https"],"Sec-Fetch-Dest":["empty"],"Referer":["https://kitap.rorcun.com/mesajlar/3"],"Priority":["u=1, i"],"Sec-Ch-Ua-Platform":["\"Windows\""]},"tls":{"resumed":true,"version":772,"cipher_suite":4865,"proto":"h2","server_name":"kitap.rorcun.com","ech":false}},"error":"reading: context canceled"}
{"level":"warn","ts":1788287715.0044358,"logger":"http.handlers.reverse_proxy","msg":"aborting with incomplete response","upstream":"127.0.0.1:8080","duration":0.0116983,"request":{"remote_ip":"31.223.116.89","remote_port":"49239","client_ip":"31.223.116.89","proto":"HTTP/2.0","method":"GET","host":"kitap.rorcun.com","uri":"/mesajlar/3/akis","headers":{"Accept-Encoding":["gzip, deflate, br, zstd"],"Sec-Ch-Ua-Platform":["\"Windows\""],"X-Forwarded-Proto":["https"],"Pragma":["no-cache"],"Referer":["https://kitap.rorcun.com/mesajlar/3"],"Accept-Language":["tr,en-US;q=0.9,en;q=0.8,id;q=0.7,th;q=0.6,ru;q=0.5,da;q=0.4"],"Cache-Control":["no-cache"],"Sec-Fetch-Site":["same-origin"],"X-Real-Ip":["31.223.116.89"],"Accept":["text/event-stream"],"Via":["2.0 Caddy"],"User-Agent":["Mozilla/5.0 (Windows NT 10.0; Win64; x64) AppleWebKit/537.36 (KHTML, like Gecko) Chrome/151.0.0.0 Safari/537.36 OPR/135.0.0.0"],"Sec-Ch-Ua-Mobile":["?0"],"Sec-Fetch-Mode":["cors"],"Priority":["u=1, i"],"Sec-Fetch-Dest":["empty"],"Cookie":["REDACTED"],"X-Forwarded-Host":["kitap.rorcun.com"],"X-Forwarded-For":["31.223.116.89"],"Sec-Ch-Ua":["\"Not=A?Brand\";v=\"99\", \"Opera\";v=\"135\", \"Chromium\";v=\"151\""]},"tls":{"resumed":true,"version":772,"cipher_suite":4865,"proto":"h2","server_name":"kitap.rorcun.com","ech":false}},"error":"reading: context canceled"}
{"level":"warn","ts":1788287717.1459587,"logger":"http.handlers.reverse_proxy","msg":"aborting with incomplete response","upstream":"127.0.0.1:8080","duration":0.0087123,"request":{"remote_ip":"88.230.49.239","remote_port":"23520","client_ip":"88.230.49.239","proto":"HTTP/2.0","method":"GET","host":"kitap.rorcun.com","uri":"/bildirimler/akis","headers":{"Sec-Ch-Ua-Mobile":["?1"],"Accept-Language":["tr-TR,tr;q=0.9,en-US;q=0.8,en;q=0.7"],"Priority":["u=1, i"],"Via":["2.0 Caddy"],"Referer":["https://kitap.rorcun.com/mesajlar/3"],"X-Forwarded-For":["88.230.49.239"],"Sec-Fetch-Site":["same-origin"],"Sec-Fetch-Mode":["cors"],"Sec-Fetch-Dest":["empty"],"Sec-Ch-Ua":["\"Chromium\";v=\"152\", \"Not?A_Brand\";v=\"24\", \"Google Chrome\";v=\"152\""],"User-Agent":["Mozilla/5.0 (Linux; Android 10; K) AppleWebKit/537.36 (KHTML, like Gecko) Chrome/152.0.0.0 Mobile Safari/537.36"],"X-Forwarded-Host":["kitap.rorcun.com"],"Accept-Encoding":["gzip, deflate, br, zstd"],"Cookie":["REDACTED"],"Cache-Control":["no-cache"],"Sec-Ch-Ua-Platform":["\"Android\""],"X-Forwarded-Proto":["https"],"Pragma":["no-cache"],"Accept":["text/event-stream"],"X-Real-Ip":["88.230.49.239"]},"tls":{"resumed":true,"version":772,"cipher_suite":4865,"proto":"h2","server_name":"kitap.rorcun.com","ech":false}},"error":"reading: context canceled"}
{"level":"warn","ts":1788287717.1489654,"logger":"http.handlers.reverse_proxy","msg":"aborting with incomplete response","upstream":"127.0.0.1:8080","duration":0.0087123,"request":{"remote_ip":"88.230.49.239","remote_port":"23520","client_ip":"88.230.49.239","proto":"HTTP/2.0","method":"GET","host":"kitap.rorcun.com","uri":"/mesajlar/3/akis","headers":{"X-Forwarded-For":["88.230.49.239"],"X-Forwarded-Host":["kitap.rorcun.com"],"User-Agent":["Mozilla/5.0 (Linux; Android 10; K) AppleWebKit/537.36 (KHTML, like Gecko) Chrome/152.0.0.0 Mobile Safari/537.36"],"Accept-Encoding":["gzip, deflate, br, zstd"],"Via":["2.0 Caddy"],"Cookie":["REDACTED"],"Sec-Fetch-Site":["same-origin"],"Cache-Control":["no-cache"],"Sec-Fetch-Mode":["cors"],"Sec-Ch-Ua-Platform":["\"Android\""],"Sec-Fetch-Dest":["empty"],"Pragma":["no-cache"],"Sec-Ch-Ua":["\"Chromium\";v=\"152\", \"Not?A_Brand\";v=\"24\", \"Google Chrome\";v=\"152\""],"Priority":["u=1, i"],"Sec-Ch-Ua-Mobile":["?1"],"Accept-Language":["tr-TR,tr;q=0.9,en-US;q=0.8,en;q=0.7"],"Accept":["text/event-stream"],"Referer":["https://kitap.rorcun.com/mesajlar/3"],"X-Forwarded-Proto":["https"],"X-Real-Ip":["88.230.49.239"]},"tls":{"resumed":true,"version":772,"cipher_suite":4865,"proto":"h2","server_name":"kitap.rorcun.com","ech":false}},"error":"reading: context canceled"}
{"level":"warn","ts":1788287726.132101,"logger":"http.handlers.reverse_proxy","msg":"aborting with incomplete response","upstream":"127.0.0.1:8080","duration":0.0100629,"request":{"remote_ip":"31.223.116.89","remote_port":"49239","client_ip":"31.223.116.89","proto":"HTTP/2.0","method":"GET","host":"kitap.rorcun.com","uri":"/bildirimler/akis","headers":{"X-Forwarded-For":["31.223.116.89"],"Sec-Ch-Ua-Mobile":["?0"],"Accept-Encoding":["gzip, deflate, br, zstd"],"Cache-Control":["no-cache"],"Accept":["text/event-stream"],"Referer":["https://kitap.rorcun.com/mesajlar/3"],"X-Forwarded-Proto":["https"],"X-Real-Ip":["31.223.116.89"],"Sec-Ch-Ua-Platform":["\"Windows\""],"Cookie":["REDACTED"],"Pragma":["no-cache"],"Via":["2.0 Caddy"],"Sec-Ch-Ua":["\"Not=A?Brand\";v=\"99\", \"Opera\";v=\"135\", \"Chromium\";v=\"151\""],"Sec-Fetch-Mode":["cors"],"X-Forwarded-Host":["kitap.rorcun.com"],"Accept-Language":["tr,en-US;q=0.9,en;q=0.8,id;q=0.7,th;q=0.6,ru;q=0.5,da;q=0.4"],"Sec-Fetch-Site":["same-origin"],"Sec-Fetch-Dest":["empty"],"User-Agent":["Mozilla/5.0 (Windows NT 10.0; Win64; x64) AppleWebKit/537.36 (KHTML, like Gecko) Chrome/151.0.0.0 Safari/537.36 OPR/135.0.0.0"],"Priority":["u=1, i"]},"tls":{"resumed":true,"version":772,"cipher_suite":4865,"proto":"h2","server_name":"kitap.rorcun.com","ech":false}},"error":"reading: context canceled"}
{"level":"warn","ts":1788287726.132101,"logger":"http.handlers.reverse_proxy","msg":"aborting with incomplete response","upstream":"127.0.0.1:8080","duration":0.0114791,"request":{"remote_ip":"31.223.116.89","remote_port":"49239","client_ip":"31.223.116.89","proto":"HTTP/2.0","method":"GET","host":"kitap.rorcun.com","uri":"/mesajlar/3/akis","headers":{"Sec-Fetch-Site":["same-origin"],"Cache-Control":["no-cache"],"X-Forwarded-Proto":["https"],"Sec-Fetch-Mode":["cors"],"Sec-Fetch-Dest":["empty"],"Via":["2.0 Caddy"],"Accept":["text/event-stream"],"X-Real-Ip":["31.223.116.89"],"Sec-Ch-Ua-Platform":["\"Windows\""],"X-Forwarded-Host":["kitap.rorcun.com"],"Accept-Encoding":["gzip, deflate, br, zstd"],"Sec-Ch-Ua-Mobile":["?0"],"Priority":["u=1, i"],"Cookie":["REDACTED"],"Pragma":["no-cache"],"Accept-Language":["tr,en-US;q=0.9,en;q=0.8,id;q=0.7,th;q=0.6,ru;q=0.5,da;q=0.4"],"Sec-Ch-Ua":["\"Not=A?Brand\";v=\"99\", \"Opera\";v=\"135\", \"Chromium\";v=\"151\""],"X-Forwarded-For":["31.223.116.89"],"Referer":["https://kitap.rorcun.com/mesajlar/3"],"User-Agent":["Mozilla/5.0 (Windows NT 10.0; Win64; x64) AppleWebKit/537.36 (KHTML, like Gecko) Chrome/151.0.0.0 Safari/537.36 OPR/135.0.0.0"]},"tls":{"resumed":true,"version":772,"cipher_suite":4865,"proto":"h2","server_name":"kitap.rorcun.com","ech":false}},"error":"reading: context canceled"}
{"level":"warn","ts":1788287745.8690276,"logger":"http.handlers.reverse_proxy","msg":"aborting with incomplete response","upstream":"127.0.0.1:8080","duration":0.0050407,"request":{"remote_ip":"88.230.49.239","remote_port":"23520","client_ip":"88.230.49.239","proto":"HTTP/2.0","method":"GET","host":"kitap.rorcun.com","uri":"/mesajlar/3/akis","headers":{"X-Forwarded-Proto":["https"],"Accept-Encoding":["gzip, deflate, br, zstd"],"Sec-Ch-Ua":["\"Chromium\";v=\"152\", \"Not?A_Brand\";v=\"24\", \"Google Chrome\";v=\"152\""],"X-Forwarded-For":["88.230.49.239"],"Cache-Control":["no-cache"],"Priority":["u=1, i"],"Referer":["https://kitap.rorcun.com/mesajlar/3"],"User-Agent":["Mozilla/5.0 (Linux; Android 10; K) AppleWebKit/537.36 (KHTML, like Gecko) Chrome/152.0.0.0 Mobile Safari/537.36"],"Sec-Fetch-Site":["same-origin"],"Cookie":["REDACTED"],"X-Real-Ip":["88.230.49.239"],"Sec-Ch-Ua-Mobile":["?1"],"Accept":["text/event-stream"],"Accept-Language":["tr-TR,tr;q=0.9,en-US;q=0.8,en;q=0.7"],"X-Forwarded-Host":["kitap.rorcun.com"],"Pragma":["no-cache"],"Sec-Fetch-Dest":["empty"],"Via":["2.0 Caddy"],"Sec-Ch-Ua-Platform":["\"Android\""],"Sec-Fetch-Mode":["cors"]},"tls":{"resumed":true,"version":772,"cipher_suite":4865,"proto":"h2","server_name":"kitap.rorcun.com","ech":false}},"error":"reading: context canceled"}
{"level":"warn","ts":1788287745.8690276,"logger":"http.handlers.reverse_proxy","msg":"aborting with incomplete response","upstream":"127.0.0.1:8080","duration":0.0060102,"request":{"remote_ip":"88.230.49.239","remote_port":"23520","client_ip":"88.230.49.239","proto":"HTTP/2.0","method":"GET","host":"kitap.rorcun.com","uri":"/bildirimler/akis","headers":{"Accept-Encoding":["gzip, deflate, br, zstd"],"Sec-Fetch-Mode":["cors"],"Sec-Fetch-Site":["same-origin"],"Accept":["text/event-stream"],"User-Agent":["Mozilla/5.0 (Linux; Android 10; K) AppleWebKit/537.36 (KHTML, like Gecko) Chrome/152.0.0.0 Mobile Safari/537.36"],"Sec-Fetch-Dest":["empty"],"Sec-Ch-Ua-Mobile":["?1"],"Sec-Ch-Ua":["\"Chromium\";v=\"152\", \"Not?A_Brand\";v=\"24\", \"Google Chrome\";v=\"152\""],"X-Forwarded-For":["88.230.49.239"],"X-Forwarded-Host":["kitap.rorcun.com"],"X-Real-Ip":["88.230.49.239"],"Cookie":["REDACTED"],"Accept-Language":["tr-TR,tr;q=0.9,en-US;q=0.8,en;q=0.7"],"Sec-Ch-Ua-Platform":["\"Android\""],"Pragma":["no-cache"],"Referer":["https://kitap.rorcun.com/mesajlar/3"],"X-Forwarded-Proto":["https"],"Cache-Control":["no-cache"],"Priority":["u=1, i"],"Via":["2.0 Caddy"]},"tls":{"resumed":true,"version":772,"cipher_suite":4865,"proto":"h2","server_name":"kitap.rorcun.com","ech":false}},"error":"reading: context canceled"}
{"level":"warn","ts":1788287747.8221319,"logger":"http.handlers.reverse_proxy","msg":"aborting with incomplete response","upstream":"127.0.0.1:8080","duration":0.0086748,"request":{"remote_ip":"31.223.116.89","remote_port":"49239","client_ip":"31.223.116.89","proto":"HTTP/2.0","method":"GET","host":"kitap.rorcun.com","uri":"/bildirimler/akis","headers":{"Sec-Fetch-Mode":["cors"],"Cookie":["REDACTED"],"Sec-Ch-Ua-Mobile":["?0"],"Sec-Ch-Ua-Platform":["\"Windows\""],"Via":["2.0 Caddy"],"Accept-Language":["tr,en-US;q=0.9,en;q=0.8,id;q=0.7,th;q=0.6,ru;q=0.5,da;q=0.4"],"Priority":["u=1, i"],"Pragma":["no-cache"],"X-Forwarded-For":["31.223.116.89"],"Referer":["https://kitap.rorcun.com/mesajlar/3"],"Accept":["text/event-stream"],"X-Forwarded-Host":["kitap.rorcun.com"],"X-Real-Ip":["31.223.116.89"],"User-Agent":["Mozilla/5.0 (Windows NT 10.0; Win64; x64) AppleWebKit/537.36 (KHTML, like Gecko) Chrome/151.0.0.0 Safari/537.36 OPR/135.0.0.0"],"Sec-Fetch-Site":["same-origin"],"Sec-Fetch-Dest":["empty"],"Accept-Encoding":["gzip, deflate, br, zstd"],"X-Forwarded-Proto":["https"],"Cache-Control":["no-cache"],"Sec-Ch-Ua":["\"Not=A?Brand\";v=\"99\", \"Opera\";v=\"135\", \"Chromium\";v=\"151\""]},"tls":{"resumed":true,"version":772,"cipher_suite":4865,"proto":"h2","server_name":"kitap.rorcun.com","ech":false}},"error":"reading: context canceled"}
{"level":"warn","ts":1788287747.8226998,"logger":"http.handlers.reverse_proxy","msg":"aborting with incomplete response","upstream":"127.0.0.1:8080","duration":0.0096716,"request":{"remote_ip":"31.223.116.89","remote_port":"49239","client_ip":"31.223.116.89","proto":"HTTP/2.0","method":"GET","host":"kitap.rorcun.com","uri":"/mesajlar/3/akis","headers":{"Sec-Fetch-Mode":["cors"],"Sec-Ch-Ua-Platform":["\"Windows\""],"Accept-Encoding":["gzip, deflate, br, zstd"],"Priority":["u=1, i"],"X-Forwarded-Proto":["https"],"X-Real-Ip":["31.223.116.89"],"Pragma":["no-cache"],"X-Forwarded-Host":["kitap.rorcun.com"],"Cookie":["REDACTED"],"X-Forwarded-For":["31.223.116.89"],"Via":["2.0 Caddy"],"Sec-Fetch-Site":["same-origin"],"Referer":["https://kitap.rorcun.com/mesajlar/3"],"Cache-Control":["no-cache"],"User-Agent":["Mozilla/5.0 (Windows NT 10.0; Win64; x64) AppleWebKit/537.36 (KHTML, like Gecko) Chrome/151.0.0.0 Safari/537.36 OPR/135.0.0.0"],"Sec-Fetch-Dest":["empty"],"Sec-Ch-Ua":["\"Not=A?Brand\";v=\"99\", \"Opera\";v=\"135\", \"Chromium\";v=\"151\""],"Accept":["text/event-stream"],"Accept-Language":["tr,en-US;q=0.9,en;q=0.8,id;q=0.7,th;q=0.6,ru;q=0.5,da;q=0.4"],"Sec-Ch-Ua-Mobile":["?0"]},"tls":{"resumed":true,"version":772,"cipher_suite":4865,"proto":"h2","server_name":"kitap.rorcun.com","ech":false}},"error":"reading: context canceled"}
{"level":"warn","ts":1788287748.7894394,"logger":"http.handlers.reverse_proxy","msg":"aborting with incomplete response","upstream":"127.0.0.1:8080","duration":0.0089084,"request":{"remote_ip":"31.223.116.89","remote_port":"49239","client_ip":"31.223.116.89","proto":"HTTP/2.0","method":"GET","host":"kitap.rorcun.com","uri":"/bildirimler/akis","headers":{"Accept-Encoding":["gzip, deflate, br, zstd"],"X-Forwarded-For":["31.223.116.89"],"Sec-Ch-Ua-Mobile":["?0"],"X-Forwarded-Proto":["https"],"Cookie":["REDACTED"],"Accept-Language":["tr,en-US;q=0.9,en;q=0.8,id;q=0.7,th;q=0.6,ru;q=0.5,da;q=0.4"],"Sec-Ch-Ua-Platform":["\"Windows\""],"Referer":["https://kitap.rorcun.com/bildirimler"],"Pragma":["no-cache"],"Sec-Fetch-Dest":["empty"],"Sec-Fetch-Mode":["cors"],"Sec-Fetch-Site":["same-origin"],"Priority":["u=1, i"],"X-Forwarded-Host":["kitap.rorcun.com"],"Via":["2.0 Caddy"],"User-Agent":["Mozilla/5.0 (Windows NT 10.0; Win64; x64) AppleWebKit/537.36 (KHTML, like Gecko) Chrome/151.0.0.0 Safari/537.36 OPR/135.0.0.0"],"Cache-Control":["no-cache"],"Sec-Ch-Ua":["\"Not=A?Brand\";v=\"99\", \"Opera\";v=\"135\", \"Chromium\";v=\"151\""],"X-Real-Ip":["31.223.116.89"],"Accept":["text/event-stream"]},"tls":{"resumed":true,"version":772,"cipher_suite":4865,"proto":"h2","server_name":"kitap.rorcun.com","ech":false}},"error":"reading: context canceled"}
{"level":"warn","ts":1788287749.6156485,"logger":"http.handlers.reverse_proxy","msg":"aborting with incomplete response","upstream":"127.0.0.1:8080","duration":0.0060221,"request":{"remote_ip":"31.223.116.89","remote_port":"49239","client_ip":"31.223.116.89","proto":"HTTP/2.0","method":"GET","host":"kitap.rorcun.com","uri":"/bildirimler/akis","headers":{"Accept-Encoding":["gzip, deflate, br, zstd"],"X-Forwarded-Proto":["https"],"X-Forwarded-Host":["kitap.rorcun.com"],"Sec-Ch-Ua":["\"Not=A?Brand\";v=\"99\", \"Opera\";v=\"135\", \"Chromium\";v=\"151\""],"Priority":["u=1, i"],"Sec-Ch-Ua-Platform":["\"Windows\""],"Referer":["https://kitap.rorcun.com/bildirimler"],"Via":["2.0 Caddy"],"Accept":["text/event-stream"],"Sec-Fetch-Mode":["cors"],"Cache-Control":["no-cache"],"X-Real-Ip":["31.223.116.89"],"Sec-Fetch-Dest":["empty"],"Cookie":["REDACTED"],"X-Forwarded-For":["31.223.116.89"],"Pragma":["no-cache"],"Accept-Language":["tr,en-US;q=0.9,en;q=0.8,id;q=0.7,th;q=0.6,ru;q=0.5,da;q=0.4"],"User-Agent":["Mozilla/5.0 (Windows NT 10.0; Win64; x64) AppleWebKit/537.36 (KHTML, like Gecko) Chrome/151.0.0.0 Safari/537.36 OPR/135.0.0.0"],"Sec-Fetch-Site":["same-origin"],"Sec-Ch-Ua-Mobile":["?0"]},"tls":{"resumed":true,"version":772,"cipher_suite":4865,"proto":"h2","server_name":"kitap.rorcun.com","ech":false}},"error":"reading: context canceled"}
{"level":"warn","ts":1788287777.3829107,"logger":"http.handlers.reverse_proxy","msg":"aborting with incomplete response","upstream":"127.0.0.1:8080","duration":0.005503,"request":{"remote_ip":"88.230.49.239","remote_port":"23520","client_ip":"88.230.49.239","proto":"HTTP/2.0","method":"GET","host":"kitap.rorcun.com","uri":"/bildirimler/akis","headers":{"Sec-Fetch-Mode":["cors"],"Sec-Ch-Ua-Platform":["\"Android\""],"Cookie":["REDACTED"],"Accept-Encoding":["gzip, deflate, br, zstd"],"Priority":["u=1, i"],"X-Real-Ip":["88.230.49.239"],"Sec-Ch-Ua":["\"Chromium\";v=\"152\", \"Not?A_Brand\";v=\"24\", \"Google Chrome\";v=\"152\""],"Pragma":["no-cache"],"User-Agent":["Mozilla/5.0 (Linux; Android 10; K) AppleWebKit/537.36 (KHTML, like Gecko) Chrome/152.0.0.0 Mobile Safari/537.36"],"Sec-Fetch-Dest":["empty"],"Referer":["https://kitap.rorcun.com/bildirimler"],"X-Forwarded-Proto":["https"],"Via":["2.0 Caddy"],"Cache-Control":["no-cache"],"Accept-Language":["tr-TR,tr;q=0.9,en-US;q=0.8,en;q=0.7"],"Accept":["text/event-stream"],"Sec-Fetch-Site":["same-origin"],"X-Forwarded-For":["88.230.49.239"],"X-Forwarded-Host":["kitap.rorcun.com"],"Sec-Ch-Ua-Mobile":["?1"]},"tls":{"resumed":true,"version":772,"cipher_suite":4865,"proto":"h2","server_name":"kitap.rorcun.com","ech":false}},"error":"reading: context canceled"}
{"level":"warn","ts":1788287781.0763824,"logger":"http.handlers.reverse_proxy","msg":"aborting with incomplete response","upstream":"127.0.0.1:8080","duration":0.008704,"request":{"remote_ip":"88.230.49.239","remote_port":"23520","client_ip":"88.230.49.239","proto":"HTTP/2.0","method":"GET","host":"kitap.rorcun.com","uri":"/bildirimler/akis","headers":{"Sec-Ch-Ua-Mobile":["?1"],"Via":["2.0 Caddy"],"Accept-Encoding":["gzip, deflate, br, zstd"],"Cookie":["REDACTED"],"X-Real-Ip":["88.230.49.239"],"X-Forwarded-For":["88.230.49.239"],"User-Agent":["Mozilla/5.0 (Linux; Android 10; K) AppleWebKit/537.36 (KHTML, like Gecko) Chrome/152.0.0.0 Mobile Safari/537.36"],"Pragma":["no-cache"],"Cache-Control":["no-cache"],"Referer":["https://kitap.rorcun.com/istekler"],"Sec-Fetch-Mode":["cors"],"Accept-Language":["tr-TR,tr;q=0.9,en-US;q=0.8,en;q=0.7"],"Sec-Fetch-Site":["same-origin"],"Sec-Ch-Ua-Platform":["\"Android\""],"Sec-Fetch-Dest":["empty"],"Accept":["text/event-stream"],"Sec-Ch-Ua":["\"Chromium\";v=\"152\", \"Not?A_Brand\";v=\"24\", \"Google Chrome\";v=\"152\""],"X-Forwarded-Proto":["https"],"Priority":["u=1, i"],"X-Forwarded-Host":["kitap.rorcun.com"]},"tls":{"resumed":true,"version":772,"cipher_suite":4865,"proto":"h2","server_name":"kitap.rorcun.com","ech":false}},"error":"reading: context canceled"}
{"level":"warn","ts":1788287788.978938,"logger":"http.handlers.reverse_proxy","msg":"aborting with incomplete response","upstream":"127.0.0.1:8080","duration":0.0050998,"request":{"remote_ip":"88.230.49.239","remote_port":"23520","client_ip":"88.230.49.239","proto":"HTTP/2.0","method":"GET","host":"kitap.rorcun.com","uri":"/bildirimler/akis","headers":{"Via":["2.0 Caddy"],"User-Agent":["Mozilla/5.0 (Linux; Android 10; K) AppleWebKit/537.36 (KHTML, like Gecko) Chrome/152.0.0.0 Mobile Safari/537.36"],"Accept-Encoding":["gzip, deflate, br, zstd"],"Accept-Language":["tr-TR,tr;q=0.9,en-US;q=0.8,en;q=0.7"],"Sec-Fetch-Dest":["empty"],"Accept":["text/event-stream"],"X-Forwarded-Host":["kitap.rorcun.com"],"Sec-Ch-Ua":["\"Chromium\";v=\"152\", \"Not?A_Brand\";v=\"24\", \"Google Chrome\";v=\"152\""],"Cookie":["REDACTED"],"Cache-Control":["no-cache"],"Priority":["u=1, i"],"X-Real-Ip":["88.230.49.239"],"X-Forwarded-For":["88.230.49.239"],"Referer":["https://kitap.rorcun.com/takas"],"X-Forwarded-Proto":["https"],"Sec-Ch-Ua-Mobile":["?1"],"Pragma":["no-cache"],"Sec-Fetch-Mode":["cors"],"Sec-Ch-Ua-Platform":["\"Android\""],"Sec-Fetch-Site":["same-origin"]},"tls":{"resumed":true,"version":772,"cipher_suite":4865,"proto":"h2","server_name":"kitap.rorcun.com","ech":false}},"error":"reading: context canceled"}
{"level":"warn","ts":1788287792.868954,"logger":"http.handlers.reverse_proxy","msg":"aborting with incomplete response","upstream":"127.0.0.1:8080","duration":0.0069057,"request":{"remote_ip":"31.223.116.89","remote_port":"49239","client_ip":"31.223.116.89","proto":"HTTP/2.0","method":"GET","host":"kitap.rorcun.com","uri":"/bildirimler/akis","headers":{"User-Agent":["Mozilla/5.0 (Windows NT 10.0; Win64; x64) AppleWebKit/537.36 (KHTML, like Gecko) Chrome/151.0.0.0 Safari/537.36 OPR/135.0.0.0"],"Priority":["u=1, i"],"Accept-Language":["tr,en-US;q=0.9,en;q=0.8,id;q=0.7,th;q=0.6,ru;q=0.5,da;q=0.4"],"Pragma":["no-cache"],"X-Forwarded-Proto":["https"],"Accept-Encoding":["gzip, deflate, br, zstd"],"Sec-Ch-Ua":["\"Not=A?Brand\";v=\"99\", \"Opera\";v=\"135\", \"Chromium\";v=\"151\""],"Cookie":["REDACTED"],"X-Forwarded-Host":["kitap.rorcun.com"],"Via":["2.0 Caddy"],"Sec-Ch-Ua-Mobile":["?0"],"Sec-Fetch-Dest":["empty"],"Sec-Ch-Ua-Platform":["\"Windows\""],"Referer":["https://kitap.rorcun.com/bagislarim"],"Sec-Fetch-Site":["same-origin"],"Accept":["text/event-stream"],"X-Real-Ip":["31.223.116.89"],"Sec-Fetch-Mode":["cors"],"X-Forwarded-For":["31.223.116.89"],"Cache-Control":["no-cache"]},"tls":{"resumed":true,"version":772,"cipher_suite":4865,"proto":"h2","server_name":"kitap.rorcun.com","ech":false}},"error":"reading: context canceled"}
{"level":"warn","ts":1788287794.1335547,"logger":"http.handlers.reverse_proxy","msg":"aborting with incomplete response","upstream":"127.0.0.1:8080","duration":0.0056751,"request":{"remote_ip":"88.230.49.239","remote_port":"23520","client_ip":"88.230.49.239","proto":"HTTP/2.0","method":"GET","host":"kitap.rorcun.com","uri":"/bildirimler/akis","headers":{"User-Agent":["Mozilla/5.0 (Linux; Android 10; K) AppleWebKit/537.36 (KHTML, like Gecko) Chrome/152.0.0.0 Mobile Safari/537.36"],"Accept-Encoding":["gzip, deflate, br, zstd"],"Cookie":["REDACTED"],"X-Forwarded-For":["88.230.49.239"],"X-Forwarded-Proto":["https"],"Priority":["u=1, i"],"X-Forwarded-Host":["kitap.rorcun.com"],"Sec-Ch-Ua-Platform":["\"Android\""],"X-Real-Ip":["88.230.49.239"],"Referer":["https://kitap.rorcun.com/profil"],"Sec-Ch-Ua-Mobile":["?1"],"Pragma":["no-cache"],"Accept":["text/event-stream"],"Sec-Ch-Ua":["\"Chromium\";v=\"152\", \"Not?A_Brand\";v=\"24\", \"Google Chrome\";v=\"152\""],"Sec-Fetch-Dest":["empty"],"Cache-Control":["no-cache"],"Sec-Fetch-Site":["same-origin"],"Via":["2.0 Caddy"],"Sec-Fetch-Mode":["cors"],"Accept-Language":["tr-TR,tr;q=0.9,en-US;q=0.8,en;q=0.7"]},"tls":{"resumed":true,"version":772,"cipher_suite":4865,"proto":"h2","server_name":"kitap.rorcun.com","ech":false}},"error":"reading: context canceled"}
{"level":"warn","ts":1788287794.9254413,"logger":"http.handlers.reverse_proxy","msg":"aborting with incomplete response","upstream":"127.0.0.1:8080","duration":0.0073259,"request":{"remote_ip":"31.223.116.89","remote_port":"49239","client_ip":"31.223.116.89","proto":"HTTP/2.0","method":"GET","host":"kitap.rorcun.com","uri":"/bildirimler/akis","headers":{"Accept-Language":["tr,en-US;q=0.9,en;q=0.8,id;q=0.7,th;q=0.6,ru;q=0.5,da;q=0.4"],"Sec-Fetch-Dest":["empty"],"X-Forwarded-For":["31.223.116.89"],"X-Forwarded-Proto":["https"],"Accept-Encoding":["gzip, deflate, br, zstd"],"Sec-Fetch-Site":["same-origin"],"Sec-Fetch-Mode":["cors"],"Referer":["https://kitap.rorcun.com/mesajlar"],"Pragma":["no-cache"],"Sec-Ch-Ua":["\"Not=A?Brand\";v=\"99\", \"Opera\";v=\"135\", \"Chromium\";v=\"151\""],"X-Forwarded-Host":["kitap.rorcun.com"],"Cookie":["REDACTED"],"Priority":["u=1, i"],"Accept":["text/event-stream"],"Sec-Ch-Ua-Mobile":["?0"],"Via":["2.0 Caddy"],"Sec-Ch-Ua-Platform":["\"Windows\""],"X-Real-Ip":["31.223.116.89"],"User-Agent":["Mozilla/5.0 (Windows NT 10.0; Win64; x64) AppleWebKit/537.36 (KHTML, like Gecko) Chrome/151.0.0.0 Safari/537.36 OPR/135.0.0.0"],"Cache-Control":["no-cache"]},"tls":{"resumed":true,"version":772,"cipher_suite":4865,"proto":"h2","server_name":"kitap.rorcun.com","ech":false}},"error":"reading: context canceled"}
{"level":"warn","ts":1788287797.3701847,"logger":"http.handlers.reverse_proxy","msg":"aborting with incomplete response","upstream":"127.0.0.1:8080","duration":0.0075392,"request":{"remote_ip":"31.223.116.89","remote_port":"49239","client_ip":"31.223.116.89","proto":"HTTP/2.0","method":"GET","host":"kitap.rorcun.com","uri":"/bildirimler/akis","headers":{"Cookie":["REDACTED"],"Sec-Fetch-Dest":["empty"],"Accept-Language":["tr,en-US;q=0.9,en;q=0.8,id;q=0.7,th;q=0.6,ru;q=0.5,da;q=0.4"],"Sec-Ch-Ua":["\"Not=A?Brand\";v=\"99\", \"Opera\";v=\"135\", \"Chromium\";v=\"151\""],"X-Forwarded-For":["31.223.116.89"],"X-Real-Ip":["31.223.116.89"],"Sec-Ch-Ua-Platform":["\"Windows\""],"User-Agent":["Mozilla/5.0 (Windows NT 10.0; Win64; x64) AppleWebKit/537.36 (KHTML, like Gecko) Chrome/151.0.0.0 Safari/537.36 OPR/135.0.0.0"],"Priority":["u=1, i"],"Accept":["text/event-stream"],"Pragma":["no-cache"],"X-Forwarded-Host":["kitap.rorcun.com"],"Accept-Encoding":["gzip, deflate, br, zstd"],"Sec-Ch-Ua-Mobile":["?0"],"Sec-Fetch-Mode":["cors"],"Cache-Control":["no-cache"],"Via":["2.0 Caddy"],"Sec-Fetch-Site":["same-origin"],"X-Forwarded-Proto":["https"],"Referer":["https://kitap.rorcun.com/mesajlar/3"]},"tls":{"resumed":true,"version":772,"cipher_suite":4865,"proto":"h2","server_name":"kitap.rorcun.com","ech":false}},"error":"reading: context canceled"}
{"level":"warn","ts":1788287797.3701847,"logger":"http.handlers.reverse_proxy","msg":"aborting with incomplete response","upstream":"127.0.0.1:8080","duration":0.008667,"request":{"remote_ip":"31.223.116.89","remote_port":"49239","client_ip":"31.223.116.89","proto":"HTTP/2.0","method":"GET","host":"kitap.rorcun.com","uri":"/mesajlar/3/akis","headers":{"Via":["2.0 Caddy"],"User-Agent":["Mozilla/5.0 (Windows NT 10.0; Win64; x64) AppleWebKit/537.36 (KHTML, like Gecko) Chrome/151.0.0.0 Safari/537.36 OPR/135.0.0.0"],"Sec-Fetch-Dest":["empty"],"Sec-Fetch-Mode":["cors"],"Priority":["u=1, i"],"X-Real-Ip":["31.223.116.89"],"X-Forwarded-Host":["kitap.rorcun.com"],"Accept-Language":["tr,en-US;q=0.9,en;q=0.8,id;q=0.7,th;q=0.6,ru;q=0.5,da;q=0.4"],"Sec-Ch-Ua-Mobile":["?0"],"Pragma":["no-cache"],"Sec-Ch-Ua":["\"Not=A?Brand\";v=\"99\", \"Opera\";v=\"135\", \"Chromium\";v=\"151\""],"Sec-Ch-Ua-Platform":["\"Windows\""],"Sec-Fetch-Site":["same-origin"],"Cookie":["REDACTED"],"Referer":["https://kitap.rorcun.com/mesajlar/3"],"Cache-Control":["no-cache"],"X-Forwarded-For":["31.223.116.89"],"X-Forwarded-Proto":["https"],"Accept-Encoding":["gzip, deflate, br, zstd"],"Accept":["text/event-stream"]},"tls":{"resumed":true,"version":772,"cipher_suite":4865,"proto":"h2","server_name":"kitap.rorcun.com","ech":false}},"error":"reading: context canceled"}
{"level":"warn","ts":1788287799.55319,"logger":"http.handlers.reverse_proxy","msg":"aborting with incomplete response","upstream":"127.0.0.1:8080","duration":0.0097038,"request":{"remote_ip":"31.223.116.89","remote_port":"49239","client_ip":"31.223.116.89","proto":"HTTP/2.0","method":"GET","host":"kitap.rorcun.com","uri":"/bildirimler/akis","headers":{"X-Forwarded-For":["31.223.116.89"],"Via":["2.0 Caddy"],"User-Agent":["Mozilla/5.0 (Windows NT 10.0; Win64; x64) AppleWebKit/537.36 (KHTML, like Gecko) Chrome/151.0.0.0 Safari/537.36 OPR/135.0.0.0"],"Cache-Control":["no-cache"],"Accept-Language":["tr,en-US;q=0.9,en;q=0.8,id;q=0.7,th;q=0.6,ru;q=0.5,da;q=0.4"],"Priority":["u=1, i"],"X-Real-Ip":["31.223.116.89"],"Pragma":["no-cache"],"Accept-Encoding":["gzip, deflate, br, zstd"],"X-Forwarded-Host":["kitap.rorcun.com"],"Sec-Ch-Ua-Platform":["\"Windows\""],"Sec-Fetch-Dest":["empty"],"Cookie":["REDACTED"],"Sec-Fetch-Mode":["cors"],"Sec-Ch-Ua":["\"Not=A?Brand\";v=\"99\", \"Opera\";v=\"135\", \"Chromium\";v=\"151\""],"Sec-Fetch-Site":["same-origin"],"Referer":["https://kitap.rorcun.com/mesajlar/3"],"X-Forwarded-Proto":["https"],"Sec-Ch-Ua-Mobile":["?0"],"Accept":["text/event-stream"]},"tls":{"resumed":true,"version":772,"cipher_suite":4865,"proto":"h2","server_name":"kitap.rorcun.com","ech":false}},"error":"reading: context canceled"}
{"level":"warn","ts":1788287799.55319,"logger":"http.handlers.reverse_proxy","msg":"aborting with incomplete response","upstream":"127.0.0.1:8080","duration":0.0113852,"request":{"remote_ip":"31.223.116.89","remote_port":"49239","client_ip":"31.223.116.89","proto":"HTTP/2.0","method":"GET","host":"kitap.rorcun.com","uri":"/mesajlar/3/akis","headers":{"Sec-Ch-Ua-Mobile":["?0"],"X-Forwarded-For":["31.223.116.89"],"X-Forwarded-Host":["kitap.rorcun.com"],"Sec-Fetch-Dest":["empty"],"Cache-Control":["no-cache"],"Sec-Fetch-Mode":["cors"],"Referer":["https://kitap.rorcun.com/mesajlar/3"],"Sec-Ch-Ua-Platform":["\"Windows\""],"X-Real-Ip":["31.223.116.89"],"Sec-Fetch-Site":["same-origin"],"Via":["2.0 Caddy"],"Pragma":["no-cache"],"Accept-Encoding":["gzip, deflate, br, zstd"],"Accept":["text/event-stream"],"Priority":["u=1, i"],"Sec-Ch-Ua":["\"Not=A?Brand\";v=\"99\", \"Opera\";v=\"135\", \"Chromium\";v=\"151\""],"X-Forwarded-Proto":["https"],"Cookie":["REDACTED"],"User-Agent":["Mozilla/5.0 (Windows NT 10.0; Win64; x64) AppleWebKit/537.36 (KHTML, like Gecko) Chrome/151.0.0.0 Safari/537.36 OPR/135.0.0.0"],"Accept-Language":["tr,en-US;q=0.9,en;q=0.8,id;q=0.7,th;q=0.6,ru;q=0.5,da;q=0.4"]},"tls":{"resumed":true,"version":772,"cipher_suite":4865,"proto":"h2","server_name":"kitap.rorcun.com","ech":false}},"error":"reading: context canceled"}
{"level":"warn","ts":1788287801.1855068,"logger":"http.handlers.reverse_proxy","msg":"aborting with incomplete response","upstream":"127.0.0.1:8080","duration":0.0097776,"request":{"remote_ip":"31.223.116.89","remote_port":"49239","client_ip":"31.223.116.89","proto":"HTTP/2.0","method":"GET","host":"kitap.rorcun.com","uri":"/bildirimler/akis","headers":{"Accept-Language":["tr,en-US;q=0.9,en;q=0.8,id;q=0.7,th;q=0.6,ru;q=0.5,da;q=0.4"],"Sec-Fetch-Mode":["cors"],"Accept-Encoding":["gzip, deflate, br, zstd"],"X-Forwarded-Proto":["https"],"Sec-Ch-Ua-Platform":["\"Windows\""],"Sec-Fetch-Dest":["empty"],"Cache-Control":["no-cache"],"X-Forwarded-For":["31.223.116.89"],"User-Agent":["Mozilla/5.0 (Windows NT 10.0; Win64; x64) AppleWebKit/537.36 (KHTML, like Gecko) Chrome/151.0.0.0 Safari/537.36 OPR/135.0.0.0"],"Sec-Ch-Ua-Mobile":["?0"],"Priority":["u=1, i"],"Via":["2.0 Caddy"],"Sec-Fetch-Site":["same-origin"],"Sec-Ch-Ua":["\"Not=A?Brand\";v=\"99\", \"Opera\";v=\"135\", \"Chromium\";v=\"151\""],"X-Forwarded-Host":["kitap.rorcun.com"],"Cookie":["REDACTED"],"Referer":["https://kitap.rorcun.com/mesajlar/3"],"X-Real-Ip":["31.223.116.89"],"Pragma":["no-cache"],"Accept":["text/event-stream"]},"tls":{"resumed":true,"version":772,"cipher_suite":4865,"proto":"h2","server_name":"kitap.rorcun.com","ech":false}},"error":"reading: context canceled"}
{"level":"warn","ts":1788287801.1855068,"logger":"http.handlers.reverse_proxy","msg":"aborting with incomplete response","upstream":"127.0.0.1:8080","duration":0.0078997,"request":{"remote_ip":"31.223.116.89","remote_port":"49239","client_ip":"31.223.116.89","proto":"HTTP/2.0","method":"GET","host":"kitap.rorcun.com","uri":"/mesajlar/3/akis","headers":{"User-Agent":["Mozilla/5.0 (Windows NT 10.0; Win64; x64) AppleWebKit/537.36 (KHTML, like Gecko) Chrome/151.0.0.0 Safari/537.36 OPR/135.0.0.0"],"Accept-Encoding":["gzip, deflate, br, zstd"],"Cookie":["REDACTED"],"X-Forwarded-For":["31.223.116.89"],"Sec-Fetch-Site":["same-origin"],"Sec-Fetch-Mode":["cors"],"X-Forwarded-Proto":["https"],"X-Forwarded-Host":["kitap.rorcun.com"],"Accept":["text/event-stream"],"Sec-Fetch-Dest":["empty"],"Referer":["https://kitap.rorcun.com/mesajlar/3"],"Via":["2.0 Caddy"],"Sec-Ch-Ua":["\"Not=A?Brand\";v=\"99\", \"Opera\";v=\"135\", \"Chromium\";v=\"151\""],"Sec-Ch-Ua-Platform":["\"Windows\""],"Pragma":["no-cache"],"Priority":["u=1, i"],"Accept-Language":["tr,en-US;q=0.9,en;q=0.8,id;q=0.7,th;q=0.6,ru;q=0.5,da;q=0.4"],"Sec-Ch-Ua-Mobile":["?0"],"X-Real-Ip":["31.223.116.89"],"Cache-Control":["no-cache"]},"tls":{"resumed":true,"version":772,"cipher_suite":4865,"proto":"h2","server_name":"kitap.rorcun.com","ech":false}},"error":"reading: context canceled"}
{"level":"warn","ts":1788287802.4782748,"logger":"http.handlers.reverse_proxy","msg":"aborting with incomplete response","upstream":"127.0.0.1:8080","duration":0.0055052,"request":{"remote_ip":"88.230.49.239","remote_port":"23520","client_ip":"88.230.49.239","proto":"HTTP/2.0","method":"GET","host":"kitap.rorcun.com","uri":"/bildirimler/akis","headers":{"Sec-Fetch-Mode":["cors"],"Sec-Fetch-Dest":["empty"],"Referer":["https://kitap.rorcun.com/bagislarim"],"X-Forwarded-Proto":["https"],"X-Forwarded-For":["88.230.49.239"],"User-Agent":["Mozilla/5.0 (Linux; Android 10; K) AppleWebKit/537.36 (KHTML, like Gecko) Chrome/152.0.0.0 Mobile Safari/537.36"],"Pragma":["no-cache"],"Cache-Control":["no-cache"],"Priority":["u=1, i"],"X-Real-Ip":["88.230.49.239"],"Sec-Ch-Ua-Platform":["\"Android\""],"Accept":["text/event-stream"],"Sec-Fetch-Site":["same-origin"],"Accept-Language":["tr-TR,tr;q=0.9,en-US;q=0.8,en;q=0.7"],"X-Forwarded-Host":["kitap.rorcun.com"],"Sec-Ch-Ua":["\"Chromium\";v=\"152\", \"Not?A_Brand\";v=\"24\", \"Google Chrome\";v=\"152\""],"Accept-Encoding":["gzip, deflate, br, zstd"],"Sec-Ch-Ua-Mobile":["?1"],"Via":["2.0 Caddy"],"Cookie":["REDACTED"]},"tls":{"resumed":true,"version":772,"cipher_suite":4865,"proto":"h2","server_name":"kitap.rorcun.com","ech":false}},"error":"reading: context canceled"}
{"level":"warn","ts":1788287815.2554073,"logger":"http.handlers.reverse_proxy","msg":"aborting with incomplete response","upstream":"127.0.0.1:8080","duration":0.0050745,"request":{"remote_ip":"88.230.49.239","remote_port":"23520","client_ip":"88.230.49.239","proto":"HTTP/2.0","method":"GET","host":"kitap.rorcun.com","uri":"/bildirimler/akis","headers":{"X-Forwarded-Host":["kitap.rorcun.com"],"X-Real-Ip":["88.230.49.239"],"Sec-Fetch-Mode":["cors"],"X-Forwarded-Proto":["https"],"Sec-Fetch-Dest":["empty"],"Accept-Language":["tr-TR,tr;q=0.9,en-US;q=0.8,en;q=0.7"],"Cookie":["REDACTED"],"Sec-Ch-Ua-Mobile":["?1"],"X-Forwarded-For":["88.230.49.239"],"Referer":["https://kitap.rorcun.com/bildirimler"],"Sec-Ch-Ua-Platform":["\"Android\""],"Cache-Control":["no-cache"],"Accept-Encoding":["gzip, deflate, br, zstd"],"Priority":["u=1, i"],"Accept":["text/event-stream"],"Sec-Fetch-Site":["same-origin"],"Pragma":["no-cache"],"Sec-Ch-Ua":["\"Chromium\";v=\"152\", \"Not?A_Brand\";v=\"24\", \"Google Chrome\";v=\"152\""],"Via":["2.0 Caddy"],"User-Agent":["Mozilla/5.0 (Linux; Android 10; K) AppleWebKit/537.36 (KHTML, like Gecko) Chrome/152.0.0.0 Mobile Safari/537.36"]},"tls":{"resumed":true,"version":772,"cipher_suite":4865,"proto":"h2","server_name":"kitap.rorcun.com","ech":false}},"error":"reading: context canceled"}
{"level":"warn","ts":1788287816.6320322,"logger":"http.handlers.reverse_proxy","msg":"aborting with incomplete response","upstream":"127.0.0.1:8080","duration":0.0072542,"request":{"remote_ip":"31.223.116.89","remote_port":"49239","client_ip":"31.223.116.89","proto":"HTTP/2.0","method":"GET","host":"kitap.rorcun.com","uri":"/bildirimler/akis","headers":{"Accept-Language":["tr,en-US;q=0.9,en;q=0.8,id;q=0.7,th;q=0.6,ru;q=0.5,da;q=0.4"],"Pragma":["no-cache"],"Sec-Fetch-Site":["same-origin"],"Via":["2.0 Caddy"],"Sec-Ch-Ua-Mobile":["?0"],"X-Forwarded-Proto":["https"],"Accept":["text/event-stream"],"Sec-Ch-Ua":["\"Not=A?Brand\";v=\"99\", \"Opera\";v=\"135\", \"Chromium\";v=\"151\""],"X-Forwarded-Host":["kitap.rorcun.com"],"Sec-Fetch-Dest":["empty"],"Sec-Fetch-Mode":["cors"],"X-Forwarded-For":["31.223.116.89"],"Cache-Control":["no-cache"],"X-Real-Ip":["31.223.116.89"],"User-Agent":["Mozilla/5.0 (Windows NT 10.0; Win64; x64) AppleWebKit/537.36 (KHTML, like Gecko) Chrome/151.0.0.0 Safari/537.36 OPR/135.0.0.0"],"Accept-Encoding":["gzip, deflate, br, zstd"],"Priority":["u=1, i"],"Referer":["https://kitap.rorcun.com/mesajlar/3"],"Cookie":["REDACTED"],"Sec-Ch-Ua-Platform":["\"Windows\""]},"tls":{"resumed":true,"version":772,"cipher_suite":4865,"proto":"h2","server_name":"kitap.rorcun.com","ech":false}},"error":"reading: context canceled"}
{"level":"warn","ts":1788287816.6320322,"logger":"http.handlers.reverse_proxy","msg":"aborting with incomplete response","upstream":"127.0.0.1:8080","duration":0.0096238,"request":{"remote_ip":"31.223.116.89","remote_port":"49239","client_ip":"31.223.116.89","proto":"HTTP/2.0","method":"GET","host":"kitap.rorcun.com","uri":"/mesajlar/3/akis","headers":{"Sec-Fetch-Site":["same-origin"],"X-Forwarded-Host":["kitap.rorcun.com"],"Cache-Control":["no-cache"],"Sec-Ch-Ua":["\"Not=A?Brand\";v=\"99\", \"Opera\";v=\"135\", \"Chromium\";v=\"151\""],"Priority":["u=1, i"],"Sec-Ch-Ua-Platform":["\"Windows\""],"Pragma":["no-cache"],"Sec-Ch-Ua-Mobile":["?0"],"Referer":["https://kitap.rorcun.com/mesajlar/3"],"X-Real-Ip":["31.223.116.89"],"Accept":["text/event-stream"],"X-Forwarded-Proto":["https"],"Via":["2.0 Caddy"],"Cookie":["REDACTED"],"X-Forwarded-For":["31.223.116.89"],"Sec-Fetch-Mode":["cors"],"Accept-Encoding":["gzip, deflate, br, zstd"],"Sec-Fetch-Dest":["empty"],"Accept-Language":["tr,en-US;q=0.9,en;q=0.8,id;q=0.7,th;q=0.6,ru;q=0.5,da;q=0.4"],"User-Agent":["Mozilla/5.0 (Windows NT 10.0; Win64; x64) AppleWebKit/537.36 (KHTML, like Gecko) Chrome/151.0.0.0 Safari/537.36 OPR/135.0.0.0"]},"tls":{"resumed":true,"version":772,"cipher_suite":4865,"proto":"h2","server_name":"kitap.rorcun.com","ech":false}},"error":"reading: context canceled"}
{"level":"warn","ts":1788287817.9344213,"logger":"http.handlers.reverse_proxy","msg":"aborting with incomplete response","upstream":"127.0.0.1:8080","duration":0.0066521,"request":{"remote_ip":"31.223.116.89","remote_port":"49239","client_ip":"31.223.116.89","proto":"HTTP/2.0","method":"GET","host":"kitap.rorcun.com","uri":"/bildirimler/akis","headers":{"Sec-Fetch-Dest":["empty"],"Accept-Language":["tr,en-US;q=0.9,en;q=0.8,id;q=0.7,th;q=0.6,ru;q=0.5,da;q=0.4"],"Referer":["https://kitap.rorcun.com/istekler"],"Via":["2.0 Caddy"],"Sec-Ch-Ua-Platform":["\"Windows\""],"X-Forwarded-Proto":["https"],"X-Forwarded-Host":["kitap.rorcun.com"],"Sec-Ch-Ua-Mobile":["?0"],"Priority":["u=1, i"],"X-Real-Ip":["31.223.116.89"],"Accept-Encoding":["gzip, deflate, br, zstd"],"Sec-Fetch-Site":["same-origin"],"X-Forwarded-For":["31.223.116.89"],"Sec-Fetch-Mode":["cors"],"Accept":["text/event-stream"],"Cache-Control":["no-cache"],"Pragma":["no-cache"],"User-Agent":["Mozilla/5.0 (Windows NT 10.0; Win64; x64) AppleWebKit/537.36 (KHTML, like Gecko) Chrome/151.0.0.0 Safari/537.36 OPR/135.0.0.0"],"Cookie":["REDACTED"],"Sec-Ch-Ua":["\"Not=A?Brand\";v=\"99\", \"Opera\";v=\"135\", \"Chromium\";v=\"151\""]},"tls":{"resumed":true,"version":772,"cipher_suite":4865,"proto":"h2","server_name":"kitap.rorcun.com","ech":false}},"error":"reading: context canceled"}
{"level":"warn","ts":1788288158.9217272,"logger":"http.handlers.reverse_proxy","msg":"aborting with incomplete response","upstream":"127.0.0.1:8080","duration":0.0076899,"request":{"remote_ip":"31.223.116.89","remote_port":"49239","client_ip":"31.223.116.89","proto":"HTTP/2.0","method":"GET","host":"kitap.rorcun.com","uri":"/bildirimler/akis","headers":{"Pragma":["no-cache"],"Sec-Fetch-Site":["same-origin"],"X-Forwarded-Host":["kitap.rorcun.com"],"Sec-Ch-Ua":["\"Not=A?Brand\";v=\"99\", \"Opera\";v=\"135\", \"Chromium\";v=\"151\""],"Sec-Fetch-Dest":["empty"],"X-Forwarded-For":["31.223.116.89"],"Sec-Fetch-Mode":["cors"],"Cache-Control":["no-cache"],"Accept":["text/event-stream"],"Cookie":["REDACTED"],"Accept-Encoding":["gzip, deflate, br, zstd"],"User-Agent":["Mozilla/5.0 (Windows NT 10.0; Win64; x64) AppleWebKit/537.36 (KHTML, like Gecko) Chrome/151.0.0.0 Safari/537.36 OPR/135.0.0.0"],"Via":["2.0 Caddy"],"X-Real-Ip":["31.223.116.89"],"Priority":["u=1, i"],"Accept-Language":["tr,en-US;q=0.9,en;q=0.8,id;q=0.7,th;q=0.6,ru;q=0.5,da;q=0.4"],"Sec-Ch-Ua-Mobile":["?0"],"Sec-Ch-Ua-Platform":["\"Windows\""],"Referer":["https://kitap.rorcun.com/bagislarim"],"X-Forwarded-Proto":["https"]},"tls":{"resumed":true,"version":772,"cipher_suite":4865,"proto":"h2","server_name":"kitap.rorcun.com","ech":false}},"error":"reading: context canceled"}
{"level":"warn","ts":1788288159.5152452,"logger":"http.handlers.reverse_proxy","msg":"aborting with incomplete response","upstream":"127.0.0.1:8080","duration":0.008155,"request":{"remote_ip":"31.223.116.89","remote_port":"49239","client_ip":"31.223.116.89","proto":"HTTP/2.0","method":"GET","host":"kitap.rorcun.com","uri":"/bildirimler/akis","headers":{"Sec-Ch-Ua-Platform":["\"Windows\""],"Referer":["https://kitap.rorcun.com/bagislarim"],"Sec-Fetch-Site":["same-origin"],"X-Forwarded-Host":["kitap.rorcun.com"],"Pragma":["no-cache"],"Via":["2.0 Caddy"],"Cache-Control":["no-cache"],"Cookie":["REDACTED"],"Sec-Ch-Ua-Mobile":["?0"],"User-Agent":["Mozilla/5.0 (Windows NT 10.0; Win64; x64) AppleWebKit/537.36 (KHTML, like Gecko) Chrome/151.0.0.0 Safari/537.36 OPR/135.0.0.0"],"Priority":["u=1, i"],"Sec-Fetch-Dest":["empty"],"Sec-Fetch-Mode":["cors"],"X-Forwarded-Proto":["https"],"Accept-Encoding":["gzip, deflate, br, zstd"],"Accept":["text/event-stream"],"Accept-Language":["tr,en-US;q=0.9,en;q=0.8,id;q=0.7,th;q=0.6,ru;q=0.5,da;q=0.4"],"Sec-Ch-Ua":["\"Not=A?Brand\";v=\"99\", \"Opera\";v=\"135\", \"Chromium\";v=\"151\""],"X-Forwarded-For":["31.223.116.89"],"X-Real-Ip":["31.223.116.89"]},"tls":{"resumed":true,"version":772,"cipher_suite":4865,"proto":"h2","server_name":"kitap.rorcun.com","ech":false}},"error":"reading: context canceled"}
{"level":"warn","ts":1788288161.5977256,"logger":"http.handlers.reverse_proxy","msg":"aborting with incomplete response","upstream":"127.0.0.1:8080","duration":0.0095016,"request":{"remote_ip":"31.223.116.89","remote_port":"49239","client_ip":"31.223.116.89","proto":"HTTP/2.0","method":"GET","host":"kitap.rorcun.com","uri":"/bildirimler/akis","headers":{"Cookie":["REDACTED"],"Sec-Fetch-Site":["same-origin"],"Priority":["u=1, i"],"Sec-Ch-Ua-Platform":["\"Windows\""],"X-Real-Ip":["31.223.116.89"],"Referer":["https://kitap.rorcun.com/kesfet"],"Pragma":["no-cache"],"Via":["2.0 Caddy"],"Sec-Ch-Ua-Mobile":["?0"],"Cache-Control":["no-cache"],"Sec-Ch-Ua":["\"Not=A?Brand\";v=\"99\", \"Opera\";v=\"135\", \"Chromium\";v=\"151\""],"X-Forwarded-Proto":["https"],"Accept":["text/event-stream"],"X-Forwarded-For":["31.223.116.89"],"X-Forwarded-Host":["kitap.rorcun.com"],"Accept-Encoding":["gzip, deflate, br, zstd"],"User-Agent":["Mozilla/5.0 (Windows NT 10.0; Win64; x64) AppleWebKit/537.36 (KHTML, like Gecko) Chrome/151.0.0.0 Safari/537.36 OPR/135.0.0.0"],"Accept-Language":["tr,en-US;q=0.9,en;q=0.8,id;q=0.7,th;q=0.6,ru;q=0.5,da;q=0.4"],"Sec-Fetch-Dest":["empty"],"Sec-Fetch-Mode":["cors"]},"tls":{"resumed":true,"version":772,"cipher_suite":4865,"proto":"h2","server_name":"kitap.rorcun.com","ech":false}},"error":"reading: context canceled"}
{"level":"warn","ts":1788288162.0781534,"logger":"http.handlers.reverse_proxy","msg":"aborting with incomplete response","upstream":"127.0.0.1:8080","duration":0.0074069,"request":{"remote_ip":"31.223.116.89","remote_port":"49239","client_ip":"31.223.116.89","proto":"HTTP/2.0","method":"GET","host":"kitap.rorcun.com","uri":"/bildirimler/akis","headers":{"X-Forwarded-Proto":["https"],"Priority":["u=1, i"],"Cache-Control":["no-cache"],"Sec-Ch-Ua":["\"Not=A?Brand\";v=\"99\", \"Opera\";v=\"135\", \"Chromium\";v=\"151\""],"Sec-Fetch-Site":["same-origin"],"Pragma":["no-cache"],"Referer":["https://kitap.rorcun.com/panom"],"Via":["2.0 Caddy"],"Accept-Encoding":["gzip, deflate, br, zstd"],"User-Agent":["Mozilla/5.0 (Windows NT 10.0; Win64; x64) AppleWebKit/537.36 (KHTML, like Gecko) Chrome/151.0.0.0 Safari/537.36 OPR/135.0.0.0"],"Sec-Fetch-Mode":["cors"],"X-Real-Ip":["31.223.116.89"],"X-Forwarded-Host":["kitap.rorcun.com"],"Accept":["text/event-stream"],"Accept-Language":["tr,en-US;q=0.9,en;q=0.8,id;q=0.7,th;q=0.6,ru;q=0.5,da;q=0.4"],"Sec-Fetch-Dest":["empty"],"Sec-Ch-Ua-Mobile":["?0"],"Cookie":["REDACTED"],"Sec-Ch-Ua-Platform":["\"Windows\""],"X-Forwarded-For":["31.223.116.89"]},"tls":{"resumed":true,"version":772,"cipher_suite":4865,"proto":"h2","server_name":"kitap.rorcun.com","ech":false}},"error":"reading: context canceled"}
{"level":"warn","ts":1788288162.528317,"logger":"http.handlers.reverse_proxy","msg":"aborting with incomplete response","upstream":"127.0.0.1:8080","duration":0.0071593,"request":{"remote_ip":"31.223.116.89","remote_port":"49239","client_ip":"31.223.116.89","proto":"HTTP/2.0","method":"GET","host":"kitap.rorcun.com","uri":"/bildirimler/akis","headers":{"Via":["2.0 Caddy"],"Sec-Ch-Ua":["\"Not=A?Brand\";v=\"99\", \"Opera\";v=\"135\", \"Chromium\";v=\"151\""],"Pragma":["no-cache"],"Accept-Encoding":["gzip, deflate, br, zstd"],"X-Forwarded-For":["31.223.116.89"],"Sec-Fetch-Site":["same-origin"],"Priority":["u=1, i"],"Referer":["https://kitap.rorcun.com/mesajlar"],"Cookie":["REDACTED"],"User-Agent":["Mozilla/5.0 (Windows NT 10.0; Win64; x64) AppleWebKit/537.36 (KHTML, like Gecko) Chrome/151.0.0.0 Safari/537.36 OPR/135.0.0.0"],"Sec-Ch-Ua-Mobile":["?0"],"Sec-Fetch-Mode":["cors"],"Accept":["text/event-stream"],"Sec-Fetch-Dest":["empty"],"X-Forwarded-Host":["kitap.rorcun.com"],"Cache-Control":["no-cache"],"Accept-Language":["tr,en-US;q=0.9,en;q=0.8,id;q=0.7,th;q=0.6,ru;q=0.5,da;q=0.4"],"X-Forwarded-Proto":["https"],"Sec-Ch-Ua-Platform":["\"Windows\""],"X-Real-Ip":["31.223.116.89"]},"tls":{"resumed":true,"version":772,"cipher_suite":4865,"proto":"h2","server_name":"kitap.rorcun.com","ech":false}},"error":"reading: context canceled"}
{"level":"warn","ts":1788288794.3574193,"logger":"http.handlers.reverse_proxy","msg":"aborting with incomplete response","upstream":"127.0.0.1:8080","duration":0.006771,"request":{"remote_ip":"31.223.116.89","remote_port":"52352","client_ip":"31.223.116.89","proto":"HTTP/2.0","method":"GET","host":"kitap.rorcun.com","uri":"/bildirimler/akis","headers":{"Cache-Control":["no-cache"],"Referer":["https://kitap.rorcun.com/bildirimler"],"Sec-Ch-Ua":["\"Chromium\";v=\"152\", \"Not?A_Brand\";v=\"24\", \"Google Chrome\";v=\"152\""],"Sec-Fetch-Mode":["cors"],"Sec-Fetch-Site":["same-origin"],"X-Real-Ip":["31.223.116.89"],"Pragma":["no-cache"],"Cookie":["REDACTED"],"X-Forwarded-Proto":["https"],"Accept":["text/event-stream"],"User-Agent":["Mozilla/5.0 (Windows NT 10.0; Win64; x64) AppleWebKit/537.36 (KHTML, like Gecko) Chrome/152.0.0.0 Safari/537.36"],"Via":["2.0 Caddy"],"X-Forwarded-For":["31.223.116.89"],"Sec-Fetch-Dest":["empty"],"Accept-Language":["tr-TR,tr;q=0.9,en-US;q=0.8,en;q=0.7"],"Sec-Ch-Ua-Platform":["\"Windows\""],"Sec-Ch-Ua-Mobile":["?0"],"Accept-Encoding":["gzip, deflate, br, zstd"],"X-Forwarded-Host":["kitap.rorcun.com"],"Priority":["u=1, i"]},"tls":{"resumed":true,"version":772,"cipher_suite":4865,"proto":"h2","server_name":"kitap.rorcun.com","ech":false}},"error":"reading: context canceled"}
{"level":"info","ts":1788290538.5815587,"logger":"http.acme_client","msg":"got renewal info","names":["rorcun.com"],"window_start":1793265166,"window_end":1793420616,"selected_time":1793349777,"recheck_after":1788309490.5815587,"explanation_url":""}
{"level":"info","ts":1788290538.587497,"logger":"tls.cache.maintenance","msg":"updated and stored ACME renewal information","identifiers":["rorcun.com"],"cert_hash":"6888b21f6a8c1e555613837727f7876e77b8a7a30b76a216f1ce9f899392ac12","ari_unique_id":"uyDKRwv-1-Wc-Y8JKqOMN0WxvNg.BjdzJcm8izJ3NuJIpKOv3qoY","cert_expiry":1795933721,"selected_time":1793339452,"next_update":1788309490.5815587,"explanation_url":""}
{"level":"warn","ts":1788291767.486919,"logger":"http.handlers.reverse_proxy","msg":"aborting with incomplete response","upstream":"127.0.0.1:8080","duration":0.0070194,"request":{"remote_ip":"31.223.116.89","remote_port":"49239","client_ip":"31.223.116.89","proto":"HTTP/2.0","method":"GET","host":"kitap.rorcun.com","uri":"/bildirimler/akis","headers":{"X-Forwarded-Host":["kitap.rorcun.com"],"Accept-Encoding":["gzip, deflate, br, zstd"],"X-Forwarded-For":["31.223.116.89"],"User-Agent":["Mozilla/5.0 (Windows NT 10.0; Win64; x64) AppleWebKit/537.36 (KHTML, like Gecko) Chrome/151.0.0.0 Safari/537.36 OPR/135.0.0.0"],"Cache-Control":["no-cache"],"Via":["2.0 Caddy"],"Accept":["text/event-stream"],"Sec-Fetch-Mode":["cors"],"Sec-Ch-Ua-Mobile":["?0"],"Pragma":["no-cache"],"Priority":["u=1, i"],"Sec-Fetch-Dest":["empty"],"Accept-Language":["tr,en-US;q=0.9,en;q=0.8,id;q=0.7,th;q=0.6,ru;q=0.5,da;q=0.4"],"Sec-Fetch-Site":["same-origin"],"Cookie":["REDACTED"],"X-Forwarded-Proto":["https"],"X-Real-Ip":["31.223.116.89"],"Referer":["https://kitap.rorcun.com/takas"],"Sec-Ch-Ua":["\"Not=A?Brand\";v=\"99\", \"Opera\";v=\"135\", \"Chromium\";v=\"151\""],"Sec-Ch-Ua-Platform":["\"Windows\""]},"tls":{"resumed":true,"version":772,"cipher_suite":4865,"proto":"h2","server_name":"kitap.rorcun.com","ech":false}},"error":"reading: unexpected EOF"}
{"level":"info","ts":1788293538.574815,"logger":"http.acme_client","msg":"got renewal info","names":["agent.rorcun.com"],"window_start":1793195192,"window_end":1793350641,"selected_time":1793240937,"recheck_after":1788316508.574815,"explanation_url":""}
{"level":"info","ts":1788293538.5813208,"logger":"tls.cache.maintenance","msg":"updated and stored ACME renewal information","identifiers":["agent.rorcun.com"],"cert_hash":"cced208ae08cfff5a61cf0a89ebe6be6576fb8db659e3ee524acd92eaea807c2","ari_unique_id":"uVnyjs8i8IbTN0j_dhQYuoLYVYc.BR6aT3RgVzpK3SKFmSRMFm8y","cert_expiry":1795863747,"selected_time":1793240649,"next_update":1788316508.574815,"explanation_url":""}
{"level":"info","ts":1788295338.5794616,"logger":"http.acme_client","msg":"got renewal info","names":["kitap.rorcun.com"],"window_start":1792626120,"window_end":1792781570,"selected_time":1792764620,"recheck_after":1788320877.5794616,"explanation_url":""}
{"level":"info","ts":1788295338.5848413,"logger":"tls.cache.maintenance","msg":"updated and stored ACME renewal information","identifiers":["kitap.rorcun.com"],"cert_hash":"fd0e8ad1bdbc174e847d4fc116ba575b4e8e2567d97e05095a85b34073590464","ari_unique_id":"uyDKRwv-1-Wc-Y8JKqOMN0WxvNg.BlnYk7Ci4YCBHKKKKFSmGLjw","cert_expiry":1795294675,"selected_time":1792672397,"next_update":1788320877.5794616,"explanation_url":""}
{"level":"info","ts":1788295338.817204,"logger":"http.acme_client","msg":"got renewal info","names":["irem.rorcun.com"],"window_start":1793037983,"window_end":1793193433,"selected_time":1793051048,"recheck_after":1788320391.817204,"explanation_url":""}
{"level":"info","ts":1788295338.8225493,"logger":"tls.cache.maintenance","msg":"updated and stored ACME renewal information","identifiers":["irem.rorcun.com"],"cert_hash":"bf7195d079318f23840257fc2ba78e4d762b5222b517dc6a98af79385f417a63","ari_unique_id":"uVnyjs8i8IbTN0j_dhQYuoLYVYc.BkM8SZoTVtf8gaehWtwdtpHg","cert_expiry":1795706538,"selected_time":1793051049,"next_update":1788320391.817204,"explanation_url":""}
{"level":"info","ts":1788297738.770504,"logger":"http.acme_client","msg":"got renewal info","names":["www.rorcun.com"],"window_start":1793302677,"window_end":1793458126,"selected_time":1793324155,"recheck_after":1788315321.770504,"explanation_url":""}
{"level":"info","ts":1788297738.7769468,"logger":"tls.cache.maintenance","msg":"updated and stored ACME renewal information","identifiers":["www.rorcun.com"],"cert_hash":"73952c7a219362a9e387ef0353e59f97eb7bc19d98d4930dadd395cf2cace839","ari_unique_id":"uyDKRwv-1-Wc-Y8JKqOMN0WxvNg.BV8EoYnMc4u4wsxV1K3bGIp_","cert_expiry":1795971232,"selected_time":1793377226,"next_update":1788315321.770504,"explanation_url":""}
{"level":"info","ts":1788297739.0002162,"logger":"http.acme_client","msg":"got renewal info","names":["api.rorcun.com"],"window_start":1793104682,"window_end":1793260132,"selected_time":1793157773,"recheck_after":1788320890.0002162,"explanation_url":""}
{"level":"info","ts":1788297739.0042865,"logger":"tls.cache.maintenance","msg":"updated and stored ACME renewal information","identifiers":["api.rorcun.com"],"cert_hash":"9785f01e4e654c2061c7f84a8f4a4244d0dbb5804c8004428768f2cb2ab7e49c","ari_unique_id":"uVnyjs8i8IbTN0j_dhQYuoLYVYc.BtW5j5Uaevo1KHP636o4COOm","cert_expiry":1795773237,"selected_time":1793165676,"next_update":1788320890.0002162,"explanation_url":""}
{"level":"info","ts":1788309738.5033374,"logger":"http.acme_client","msg":"got renewal info","names":["rorcun.com"],"window_start":1793265166,"window_end":1793420616,"selected_time":1793394654,"recheck_after":1788328673.5033374,"explanation_url":""}
{"level":"info","ts":1788309738.5076413,"logger":"tls.cache.maintenance","msg":"updated and stored ACME renewal information","identifiers":["rorcun.com"],"cert_hash":"6888b21f6a8c1e555613837727f7876e77b8a7a30b76a216f1ce9f899392ac12","ari_unique_id":"uyDKRwv-1-Wc-Y8JKqOMN0WxvNg.BjdzJcm8izJ3NuJIpKOv3qoY","cert_expiry":1795933721,"selected_time":1793339452,"next_update":1788328673.5033374,"explanation_url":""}
{"level":"info","ts":1788315749.7552652,"logger":"http.acme_client","msg":"got renewal info","names":["www.rorcun.com"],"window_start":1793302677,"window_end":1793458126,"selected_time":1793448318,"recheck_after":1788334488.7552652,"explanation_url":""}
{"level":"info","ts":1788315749.757945,"logger":"tls.cache.maintenance","msg":"updated and stored ACME renewal information","identifiers":["www.rorcun.com"],"cert_hash":"73952c7a219362a9e387ef0353e59f97eb7bc19d98d4930dadd395cf2cace839","ari_unique_id":"uyDKRwv-1-Wc-Y8JKqOMN0WxvNg.BV8EoYnMc4u4wsxV1K3bGIp_","cert_expiry":1795971232,"selected_time":1793377226,"next_update":1788334488.7552652,"explanation_url":""}
{"level":"info","ts":1788316938.556224,"logger":"http.acme_client","msg":"got renewal info","names":["agent.rorcun.com"],"window_start":1793195192,"window_end":1793350641,"selected_time":1793233964,"recheck_after":1788337137.556224,"explanation_url":""}
{"level":"info","ts":1788316938.5645266,"logger":"tls.cache.maintenance","msg":"updated and stored ACME renewal information","identifiers":["agent.rorcun.com"],"cert_hash":"cced208ae08cfff5a61cf0a89ebe6be6576fb8db659e3ee524acd92eaea807c2","ari_unique_id":"uVnyjs8i8IbTN0j_dhQYuoLYVYc.BR6aT3RgVzpK3SKFmSRMFm8y","cert_expiry":1795863747,"selected_time":1793240649,"next_update":1788337137.556224,"explanation_url":""}
{"level":"info","ts":1788320538.539454,"logger":"http.acme_client","msg":"got renewal info","names":["irem.rorcun.com"],"window_start":1793037983,"window_end":1793193433,"selected_time":1793113175,"recheck_after":1788340684.539454,"explanation_url":""}
{"level":"info","ts":1788320538.5489972,"logger":"tls.cache.maintenance","msg":"updated and stored ACME renewal information","identifiers":["irem.rorcun.com"],"cert_hash":"bf7195d079318f23840257fc2ba78e4d762b5222b517dc6a98af79385f417a63","ari_unique_id":"uVnyjs8i8IbTN0j_dhQYuoLYVYc.BkM8SZoTVtf8gaehWtwdtpHg","cert_expiry":1795706538,"selected_time":1793051049,"next_update":1788340684.539454,"explanation_url":""}
{"level":"info","ts":1788321138.582584,"logger":"http.acme_client","msg":"got renewal info","names":["api.rorcun.com"],"window_start":1793104682,"window_end":1793260132,"selected_time":1793196286,"recheck_after":1788341320.582584,"explanation_url":""}
{"level":"info","ts":1788321138.5947025,"logger":"tls.cache.maintenance","msg":"updated and stored ACME renewal information","identifiers":["api.rorcun.com"],"cert_hash":"9785f01e4e654c2061c7f84a8f4a4244d0dbb5804c8004428768f2cb2ab7e49c","ari_unique_id":"uVnyjs8i8IbTN0j_dhQYuoLYVYc.BtW5j5Uaevo1KHP636o4COOm","cert_expiry":1795773237,"selected_time":1793165676,"next_update":1788341320.582584,"explanation_url":""}
{"level":"info","ts":1788321138.8380604,"logger":"http.acme_client","msg":"got renewal info","names":["kitap.rorcun.com"],"window_start":1792626120,"window_end":1792781570,"selected_time":1792723987,"recheck_after":1788345727.8380604,"explanation_url":""}
{"level":"info","ts":1788321138.8455353,"logger":"tls.cache.maintenance","msg":"updated and stored ACME renewal information","identifiers":["kitap.rorcun.com"],"cert_hash":"fd0e8ad1bdbc174e847d4fc116ba575b4e8e2567d97e05095a85b34073590464","ari_unique_id":"uyDKRwv-1-Wc-Y8JKqOMN0WxvNg.BlnYk7Ci4YCBHKKKKFSmGLjw","cert_expiry":1795294675,"selected_time":1792672397,"next_update":1788345727.8380604,"explanation_url":""}
{"level":"info","ts":1788328938.50933,"logger":"http.acme_client","msg":"got renewal info","names":["rorcun.com"],"window_start":1793265166,"window_end":1793420616,"selected_time":1793395139,"recheck_after":1788354212.50933,"explanation_url":""}
{"level":"info","ts":1788328938.51893,"logger":"tls.cache.maintenance","msg":"updated and stored ACME renewal information","identifiers":["rorcun.com"],"cert_hash":"6888b21f6a8c1e555613837727f7876e77b8a7a30b76a216f1ce9f899392ac12","ari_unique_id":"uyDKRwv-1-Wc-Y8JKqOMN0WxvNg.BjdzJcm8izJ3NuJIpKOv3qoY","cert_expiry":1795933721,"selected_time":1793339452,"next_update":1788354212.50933,"explanation_url":""}
{"level":"info","ts":1788333971.2966526,"msg":"shutting down","signal":"SIGINT"}
{"level":"warn","ts":1788333971.2966526,"msg":"exiting; byeee!! 👋","signal":"SIGINT"}
{"level":"info","ts":1788333971.2966526,"logger":"http","msg":"servers shutting down with eternal grace period"}
{"level":"info","ts":1788333971.3035944,"logger":"admin","msg":"stopped previous server","address":"localhost:2019"}
{"level":"info","ts":1788333971.3035944,"msg":"shutdown complete","signal":"SIGINT","exit_code":0}
{"level":"info","ts":1788334017.8328388,"msg":"maxprocs: Leaving GOMAXPROCS=28: CPU quota undefined"}
{"level":"info","ts":1788334017.8328388,"msg":"GOMEMLIMIT is updated","GOMEMLIMIT":77089462272,"previous":9223372036854775807}
{"level":"info","ts":1788334017.8328388,"msg":"using config from file","file":"C:\\Project\\LocalAgentApi-WebU - OpenCode\\caddy\\Caddyfile"}
{"level":"info","ts":1788334017.8328388,"msg":"adapted config to JSON","adapter":"caddyfile"}
{"level":"warn","ts":1788334017.8328388,"msg":"Caddyfile input is not formatted; run 'caddy fmt --overwrite' to fix inconsistencies","adapter":"caddyfile","file":"C:\\Project\\LocalAgentApi-WebU - OpenCode\\caddy\\Caddyfile","line":18}
{"level":"info","ts":1788334017.8383756,"logger":"admin","msg":"admin endpoint started","address":"localhost:2019","enforce_origin":false,"origins":["//localhost:2019","//[::1]:2019","//127.0.0.1:2019"]}
{"level":"info","ts":1788334017.8383756,"logger":"tls.cache.maintenance","msg":"started background certificate maintenance","cache":"0x3f74fa832480"}
{"level":"info","ts":1788334017.8383756,"logger":"http.auto_https","msg":"server is listening only on the HTTPS port but has no TLS connection policies; adding one to enable TLS","server_name":"srv0","https_port":443}
{"level":"info","ts":1788334017.8383756,"logger":"http.auto_https","msg":"enabling automatic HTTP->HTTPS redirects","server_name":"srv0"}
{"level":"info","ts":1788334017.8454485,"logger":"http","msg":"enabling HTTP/3 listener","addr":":443"}
{"level":"info","ts":1788334017.8454485,"logger":"http.log","msg":"server running","name":"srv0","protocols":["h1","h2","h3"]}
{"level":"warn","ts":1788334017.8459773,"logger":"http","msg":"HTTP/2 skipped because it requires TLS","network":"tcp","addr":":80"}
{"level":"warn","ts":1788334017.8459773,"logger":"http","msg":"HTTP/3 skipped because it requires TLS","network":"tcp","addr":":80"}
{"level":"info","ts":1788334017.8459773,"logger":"http.log","msg":"server running","name":"remaining_auto_https_redirects","protocols":["h1","h2","h3"]}
{"level":"info","ts":1788334017.8459773,"logger":"http","msg":"enabling automatic TLS certificate management","domains":["rorcun.com","www.rorcun.com","api.rorcun.com","agent.rorcun.com","kitap.rorcun.com","irem.rorcun.com"]}
{"level":"info","ts":1788334017.8465276,"msg":"autosaved config (load with --resume flag)","file":"C:\\WINDOWS\\system32\\config\\systemprofile\\AppData\\Roaming\\Caddy\\autosave.json"}
{"level":"info","ts":1788334017.8465276,"msg":"serving initial configuration"}
{"level":"info","ts":1788334017.8491535,"logger":"tls","msg":"cleaning storage unit","storage":"FileStorage:C:/Project/LocalAgentApi-WebU - OpenCode/caddy/data"}
{"level":"info","ts":1788334017.853783,"logger":"tls","msg":"finished cleaning storage units"}
{"level":"info","ts":1788334618.7957022,"logger":"http.acme_client","msg":"got renewal info","names":["www.rorcun.com"],"window_start":1793302677,"window_end":1793458126,"selected_time":1793427791,"recheck_after":1788356287.7951813,"explanation_url":""}
{"level":"info","ts":1788334618.8007147,"logger":"tls.cache.maintenance","msg":"updated and stored ACME renewal information","identifiers":["www.rorcun.com"],"cert_hash":"73952c7a219362a9e387ef0353e59f97eb7bc19d98d4930dadd395cf2cace839","ari_unique_id":"uyDKRwv-1-Wc-Y8JKqOMN0WxvNg.BV8EoYnMc4u4wsxV1K3bGIp_","cert_expiry":1795971232,"selected_time":1793377226,"next_update":1788356287.7951813,"explanation_url":""}
{"level":"info","ts":1788337618.6221292,"logger":"http.acme_client","msg":"got renewal info","names":["agent.rorcun.com"],"window_start":1793195192,"window_end":1793350641,"selected_time":1793233799,"recheck_after":1788356515.6221292,"explanation_url":""}
{"level":"info","ts":1788337618.6286962,"logger":"tls.cache.maintenance","msg":"updated and stored ACME renewal information","identifiers":["agent.rorcun.com"],"cert_hash":"cced208ae08cfff5a61cf0a89ebe6be6576fb8db659e3ee524acd92eaea807c2","ari_unique_id":"uVnyjs8i8IbTN0j_dhQYuoLYVYc.BR6aT3RgVzpK3SKFmSRMFm8y","cert_expiry":1795863747,"selected_time":1793240649,"next_update":1788356515.6221292,"explanation_url":""}
{"level":"info","ts":1788341218.6029103,"logger":"http.acme_client","msg":"got renewal info","names":["irem.rorcun.com"],"window_start":1793037983,"window_end":1793193433,"selected_time":1793072651,"recheck_after":1788360314.6029103,"explanation_url":""}
{"level":"info","ts":1788341218.6059937,"logger":"tls.cache.maintenance","msg":"updated and stored ACME renewal information","identifiers":["irem.rorcun.com"],"cert_hash":"bf7195d079318f23840257fc2ba78e4d762b5222b517dc6a98af79385f417a63","ari_unique_id":"uVnyjs8i8IbTN0j_dhQYuoLYVYc.BkM8SZoTVtf8gaehWtwdtpHg","cert_expiry":1795706538,"selected_time":1793051049,"next_update":1788360314.6029103,"explanation_url":""}
{"level":"info","ts":1788341818.5239437,"logger":"http.acme_client","msg":"got renewal info","names":["api.rorcun.com"],"window_start":1793104682,"window_end":1793260132,"selected_time":1793221080,"recheck_after":1788359785.5239437,"explanation_url":""}
{"level":"info","ts":1788341818.5287952,"logger":"tls.cache.maintenance","msg":"updated and stored ACME renewal information","identifiers":["api.rorcun.com"],"cert_hash":"9785f01e4e654c2061c7f84a8f4a4244d0dbb5804c8004428768f2cb2ab7e49c","ari_unique_id":"uVnyjs8i8IbTN0j_dhQYuoLYVYc.BtW5j5Uaevo1KHP636o4COOm","cert_expiry":1795773237,"selected_time":1793165676,"next_update":1788359785.5239437,"explanation_url":""}
{"level":"info","ts":1788346018.5703318,"logger":"http.acme_client","msg":"got renewal info","names":["kitap.rorcun.com"],"window_start":1792626120,"window_end":1792781570,"selected_time":1792761066,"recheck_after":1788369391.5703318,"explanation_url":""}
{"level":"info","ts":1788346018.5759015,"logger":"tls.cache.maintenance","msg":"updated and stored ACME renewal information","identifiers":["kitap.rorcun.com"],"cert_hash":"fd0e8ad1bdbc174e847d4fc116ba575b4e8e2567d97e05095a85b34073590464","ari_unique_id":"uyDKRwv-1-Wc-Y8JKqOMN0WxvNg.BlnYk7Ci4YCBHKKKKFSmGLjw","cert_expiry":1795294675,"selected_time":1792672397,"next_update":1788369391.5703318,"explanation_url":""}
{"level":"info","ts":1788354418.6085472,"logger":"http.acme_client","msg":"got renewal info","names":["rorcun.com"],"window_start":1793265166,"window_end":1793420616,"selected_time":1793267077,"recheck_after":1788372173.6085472,"explanation_url":""}
{"level":"info","ts":1788354418.6119401,"logger":"tls.cache.maintenance","msg":"updated and stored ACME renewal information","identifiers":["rorcun.com"],"cert_hash":"6888b21f6a8c1e555613837727f7876e77b8a7a30b76a216f1ce9f899392ac12","ari_unique_id":"uyDKRwv-1-Wc-Y8JKqOMN0WxvNg.BjdzJcm8izJ3NuJIpKOv3qoY","cert_expiry":1795933721,"selected_time":1793339452,"next_update":1788372173.6085472,"explanation_url":""}
{"level":"info","ts":1788356818.637752,"logger":"http.acme_client","msg":"got renewal info","names":["www.rorcun.com"],"window_start":1793302677,"window_end":1793458126,"selected_time":1793305876,"recheck_after":1788376211.637752,"explanation_url":""}
{"level":"info","ts":1788356818.6466599,"logger":"tls.cache.maintenance","msg":"updated and stored ACME renewal information","identifiers":["www.rorcun.com"],"cert_hash":"73952c7a219362a9e387ef0353e59f97eb7bc19d98d4930dadd395cf2cace839","ari_unique_id":"uyDKRwv-1-Wc-Y8JKqOMN0WxvNg.BV8EoYnMc4u4wsxV1K3bGIp_","cert_expiry":1795971232,"selected_time":1793377226,"next_update":1788376211.637752,"explanation_url":""}
{"level":"info","ts":1788356818.88314,"logger":"http.acme_client","msg":"got renewal info","names":["agent.rorcun.com"],"window_start":1793195192,"window_end":1793350641,"selected_time":1793289126,"recheck_after":1788379006.88314,"explanation_url":""}
{"level":"info","ts":1788356818.8934927,"logger":"tls.cache.maintenance","msg":"updated and stored ACME renewal information","identifiers":["agent.rorcun.com"],"cert_hash":"cced208ae08cfff5a61cf0a89ebe6be6576fb8db659e3ee524acd92eaea807c2","ari_unique_id":"uVnyjs8i8IbTN0j_dhQYuoLYVYc.BR6aT3RgVzpK3SKFmSRMFm8y","cert_expiry":1795863747,"selected_time":1793240649,"next_update":1788379006.88314,"explanation_url":""}
{"level":"info","ts":1788359818.4734614,"logger":"http.acme_client","msg":"got renewal info","names":["api.rorcun.com"],"window_start":1793104682,"window_end":1793260132,"selected_time":1793107339,"recheck_after":1788379937.4734614,"explanation_url":""}
{"level":"info","ts":1788359818.4826846,"logger":"tls.cache.maintenance","msg":"updated and stored ACME renewal information","identifiers":["api.rorcun.com"],"cert_hash":"9785f01e4e654c2061c7f84a8f4a4244d0dbb5804c8004428768f2cb2ab7e49c","ari_unique_id":"uVnyjs8i8IbTN0j_dhQYuoLYVYc.BtW5j5Uaevo1KHP636o4COOm","cert_expiry":1795773237,"selected_time":1793165676,"next_update":1788379937.4734614,"explanation_url":""}
{"level":"info","ts":1788360418.534188,"logger":"http.acme_client","msg":"got renewal info","names":["irem.rorcun.com"],"window_start":1793037983,"window_end":1793193433,"selected_time":1793096178,"recheck_after":1788384164.534188,"explanation_url":""}
{"level":"info","ts":1788360418.543759,"logger":"tls.cache.maintenance","msg":"updated and stored ACME renewal information","identifiers":["irem.rorcun.com"],"cert_hash":"bf7195d079318f23840257fc2ba78e4d762b5222b517dc6a98af79385f417a63","ari_unique_id":"uVnyjs8i8IbTN0j_dhQYuoLYVYc.BkM8SZoTVtf8gaehWtwdtpHg","cert_expiry":1795706538,"selected_time":1793051049,"next_update":1788384164.534188,"explanation_url":""}
{"level":"info","ts":1788369418.5581524,"logger":"http.acme_client","msg":"got renewal info","names":["kitap.rorcun.com"],"window_start":1792626120,"window_end":1792781570,"selected_time":1792646926,"recheck_after":1788387806.5581524,"explanation_url":""}
{"level":"info","ts":1788369418.5662284,"logger":"tls.cache.maintenance","msg":"updated and stored ACME renewal information","identifiers":["kitap.rorcun.com"],"cert_hash":"fd0e8ad1bdbc174e847d4fc116ba575b4e8e2567d97e05095a85b34073590464","ari_unique_id":"uyDKRwv-1-Wc-Y8JKqOMN0WxvNg.BlnYk7Ci4YCBHKKKKFSmGLjw","cert_expiry":1795294675,"selected_time":1792672397,"next_update":1788387806.5581524,"explanation_url":""}
{"level":"info","ts":1788372418.6317427,"logger":"http.acme_client","msg":"got renewal info","names":["rorcun.com"],"window_start":1793265166,"window_end":1793420616,"selected_time":1793307000,"recheck_after":1788393761.6317427,"explanation_url":""}
{"level":"info","ts":1788372418.6367514,"logger":"tls.cache.maintenance","msg":"updated and stored ACME renewal information","identifiers":["rorcun.com"],"cert_hash":"6888b21f6a8c1e555613837727f7876e77b8a7a30b76a216f1ce9f899392ac12","ari_unique_id":"uyDKRwv-1-Wc-Y8JKqOMN0WxvNg.BjdzJcm8izJ3NuJIpKOv3qoY","cert_expiry":1795933721,"selected_time":1793339452,"next_update":1788393761.6317427,"explanation_url":""}
{"level":"info","ts":1788376618.5551732,"logger":"http.acme_client","msg":"got renewal info","names":["www.rorcun.com"],"window_start":1793302677,"window_end":1793458126,"selected_time":1793389948,"recheck_after":1788396624.5551732,"explanation_url":""}
{"level":"info","ts":1788376618.5594954,"logger":"tls.cache.maintenance","msg":"updated and stored ACME renewal information","identifiers":["www.rorcun.com"],"cert_hash":"73952c7a219362a9e387ef0353e59f97eb7bc19d98d4930dadd395cf2cace839","ari_unique_id":"uyDKRwv-1-Wc-Y8JKqOMN0WxvNg.BV8EoYnMc4u4wsxV1K3bGIp_","cert_expiry":1795971232,"selected_time":1793377226,"next_update":1788396624.5551732,"explanation_url":""}
{"level":"info","ts":1788379018.7292144,"logger":"http.acme_client","msg":"got renewal info","names":["agent.rorcun.com"],"window_start":1793195192,"window_end":1793350641,"selected_time":1793300170,"recheck_after":1788402446.7292144,"explanation_url":""}
{"level":"info","ts":1788379018.7378812,"logger":"tls.cache.maintenance","msg":"updated and stored ACME renewal information","identifiers":["agent.rorcun.com"],"cert_hash":"cced208ae08cfff5a61cf0a89ebe6be6576fb8db659e3ee524acd92eaea807c2","ari_unique_id":"uVnyjs8i8IbTN0j_dhQYuoLYVYc.BR6aT3RgVzpK3SKFmSRMFm8y","cert_expiry":1795863747,"selected_time":1793240649,"next_update":1788402446.7292144,"explanation_url":""}
{"level":"info","ts":1788380218.710218,"logger":"http.acme_client","msg":"got renewal info","names":["api.rorcun.com"],"window_start":1793104682,"window_end":1793260132,"selected_time":1793116457,"recheck_after":1788398414.710218,"explanation_url":""}
{"level":"info","ts":1788380218.7180536,"logger":"tls.cache.maintenance","msg":"updated and stored ACME renewal information","identifiers":["api.rorcun.com"],"cert_hash":"9785f01e4e654c2061c7f84a8f4a4244d0dbb5804c8004428768f2cb2ab7e49c","ari_unique_id":"uVnyjs8i8IbTN0j_dhQYuoLYVYc.BtW5j5Uaevo1KHP636o4COOm","cert_expiry":1795773237,"selected_time":1793165676,"next_update":1788398414.710218,"explanation_url":""}
{"level":"info","ts":1788384418.6171432,"logger":"http.acme_client","msg":"got renewal info","names":["irem.rorcun.com"],"window_start":1793037983,"window_end":1793193433,"selected_time":1793073792,"recheck_after":1788408950.6171432,"explanation_url":""}
{"level":"info","ts":1788384418.6224108,"logger":"tls.cache.maintenance","msg":"updated and stored ACME renewal information","identifiers":["irem.rorcun.com"],"cert_hash":"bf7195d079318f23840257fc2ba78e4d762b5222b517dc6a98af79385f417a63","ari_unique_id":"uVnyjs8i8IbTN0j_dhQYuoLYVYc.BkM8SZoTVtf8gaehWtwdtpHg","cert_expiry":1795706538,"selected_time":1793051049,"next_update":1788408950.6171432,"explanation_url":""}
{"level":"info","ts":1788388018.50036,"logger":"http.acme_client","msg":"got renewal info","names":["kitap.rorcun.com"],"window_start":1792626120,"window_end":1792781570,"selected_time":1792629280,"recheck_after":1788408981.50036,"explanation_url":""}
{"level":"info","ts":1788388018.5045924,"logger":"tls.cache.maintenance","msg":"updated and stored ACME renewal information","identifiers":["kitap.rorcun.com"],"cert_hash":"fd0e8ad1bdbc174e847d4fc116ba575b4e8e2567d97e05095a85b34073590464","ari_unique_id":"uyDKRwv-1-Wc-Y8JKqOMN0WxvNg.BlnYk7Ci4YCBHKKKKFSmGLjw","cert_expiry":1795294675,"selected_time":1792672397,"next_update":1788408981.50036,"explanation_url":""}
{"level":"warn","ts":1788391517.5096648,"logger":"http.handlers.reverse_proxy","msg":"aborting with incomplete response","upstream":"127.0.0.1:8080","duration":0.0354587,"request":{"remote_ip":"31.223.116.89","remote_port":"51434","client_ip":"31.223.116.89","proto":"HTTP/2.0","method":"GET","host":"kitap.rorcun.com","uri":"/bildirimler/akis","headers":{"Sec-Fetch-Site":["same-origin"],"Accept-Language":["tr,en-US;q=0.9,en;q=0.8,id;q=0.7,th;q=0.6,ru;q=0.5,da;q=0.4"],"X-Forwarded-For":["31.223.116.89"],"Sec-Fetch-Dest":["empty"],"Sec-Ch-Ua-Platform":["\"Windows\""],"Sec-Ch-Ua":["\"Not=A?Brand\";v=\"99\", \"Opera\";v=\"135\", \"Chromium\";v=\"151\""],"Cookie":["REDACTED"],"X-Forwarded-Proto":["https"],"Pragma":["no-cache"],"Sec-Ch-Ua-Mobile":["?0"],"Priority":["u=1, i"],"Accept-Encoding":["gzip, deflate, br, zstd"],"X-Real-Ip":["31.223.116.89"],"Via":["2.0 Caddy"],"User-Agent":["Mozilla/5.0 (Windows NT 10.0; Win64; x64) AppleWebKit/537.36 (KHTML, like Gecko) Chrome/151.0.0.0 Safari/537.36 OPR/135.0.0.0"],"Sec-Fetch-Mode":["cors"],"X-Forwarded-Host":["kitap.rorcun.com"],"Referer":["https://kitap.rorcun.com/panom"],"Cache-Control":["no-cache"],"Accept":["text/event-stream"]},"tls":{"resumed":true,"version":772,"cipher_suite":4865,"proto":"h2","server_name":"kitap.rorcun.com","ech":false}},"error":"reading: context canceled"}
{"level":"warn","ts":1788391518.3261912,"logger":"http.handlers.reverse_proxy","msg":"aborting with incomplete response","upstream":"127.0.0.1:8080","duration":0.0135296,"request":{"remote_ip":"31.223.116.89","remote_port":"51434","client_ip":"31.223.116.89","proto":"HTTP/2.0","method":"GET","host":"kitap.rorcun.com","uri":"/bildirimler/akis","headers":{"Sec-Fetch-Site":["same-origin"],"X-Forwarded-Host":["kitap.rorcun.com"],"Via":["2.0 Caddy"],"Sec-Fetch-Mode":["cors"],"X-Forwarded-Proto":["https"],"Pragma":["no-cache"],"Accept-Language":["tr,en-US;q=0.9,en;q=0.8,id;q=0.7,th;q=0.6,ru;q=0.5,da;q=0.4"],"Accept-Encoding":["gzip, deflate, br, zstd"],"Priority":["u=1, i"],"Referer":["https://kitap.rorcun.com/mesajlar"],"Sec-Ch-Ua-Platform":["\"Windows\""],"Sec-Fetch-Dest":["empty"],"X-Real-Ip":["31.223.116.89"],"Cache-Control":["no-cache"],"Sec-Ch-Ua-Mobile":["?0"],"Accept":["text/event-stream"],"X-Forwarded-For":["31.223.116.89"],"User-Agent":["Mozilla/5.0 (Windows NT 10.0; Win64; x64) AppleWebKit/537.36 (KHTML, like Gecko) Chrome/151.0.0.0 Safari/537.36 OPR/135.0.0.0"],"Cookie":["REDACTED"],"Sec-Ch-Ua":["\"Not=A?Brand\";v=\"99\", \"Opera\";v=\"135\", \"Chromium\";v=\"151\""]},"tls":{"resumed":true,"version":772,"cipher_suite":4865,"proto":"h2","server_name":"kitap.rorcun.com","ech":false}},"error":"reading: context canceled"}
{"level":"warn","ts":1788391519.0827217,"logger":"http.handlers.reverse_proxy","msg":"aborting with incomplete response","upstream":"127.0.0.1:8080","duration":0.0137314,"request":{"remote_ip":"31.223.116.89","remote_port":"51434","client_ip":"31.223.116.89","proto":"HTTP/2.0","method":"GET","host":"kitap.rorcun.com","uri":"/bildirimler/akis","headers":{"User-Agent":["Mozilla/5.0 (Windows NT 10.0; Win64; x64) AppleWebKit/537.36 (KHTML, like Gecko) Chrome/151.0.0.0 Safari/537.36 OPR/135.0.0.0"],"Accept-Encoding":["gzip, deflate, br, zstd"],"Priority":["u=1, i"],"Sec-Fetch-Site":["same-origin"],"Cache-Control":["no-cache"],"Sec-Fetch-Dest":["empty"],"Accept-Language":["tr,en-US;q=0.9,en;q=0.8,id;q=0.7,th;q=0.6,ru;q=0.5,da;q=0.4"],"Pragma":["no-cache"],"Sec-Ch-Ua":["\"Not=A?Brand\";v=\"99\", \"Opera\";v=\"135\", \"Chromium\";v=\"151\""],"X-Forwarded-For":["31.223.116.89"],"Cookie":["REDACTED"],"Sec-Ch-Ua-Mobile":["?0"],"X-Forwarded-Proto":["https"],"X-Forwarded-Host":["kitap.rorcun.com"],"X-Real-Ip":["31.223.116.89"],"Sec-Ch-Ua-Platform":["\"Windows\""],"Accept":["text/event-stream"],"Referer":["https://kitap.rorcun.com/takas"],"Via":["2.0 Caddy"],"Sec-Fetch-Mode":["cors"]},"tls":{"resumed":true,"version":772,"cipher_suite":4865,"proto":"h2","server_name":"kitap.rorcun.com","ech":false}},"error":"reading: context canceled"}
{"level":"warn","ts":1788391519.5318997,"logger":"http.handlers.reverse_proxy","msg":"aborting with incomplete response","upstream":"127.0.0.1:8080","duration":0.012572,"request":{"remote_ip":"31.223.116.89","remote_port":"51434","client_ip":"31.223.116.89","proto":"HTTP/2.0","method":"GET","host":"kitap.rorcun.com","uri":"/bildirimler/akis","headers":{"X-Forwarded-For":["31.223.116.89"],"Via":["2.0 Caddy"],"Pragma":["no-cache"],"Cookie":["REDACTED"],"Sec-Fetch-Mode":["cors"],"Sec-Fetch-Dest":["empty"],"Sec-Ch-Ua-Platform":["\"Windows\""],"Referer":["https://kitap.rorcun.com/aldiklarim"],"Accept-Encoding":["gzip, deflate, br, zstd"],"Sec-Ch-Ua":["\"Not=A?Brand\";v=\"99\", \"Opera\";v=\"135\", \"Chromium\";v=\"151\""],"Cache-Control":["no-cache"],"Accept-Language":["tr,en-US;q=0.9,en;q=0.8,id;q=0.7,th;q=0.6,ru;q=0.5,da;q=0.4"],"X-Forwarded-Proto":["https"],"Priority":["u=1, i"],"X-Real-Ip":["31.223.116.89"],"X-Forwarded-Host":["kitap.rorcun.com"],"Sec-Fetch-Site":["same-origin"],"Sec-Ch-Ua-Mobile":["?0"],"User-Agent":["Mozilla/5.0 (Windows NT 10.0; Win64; x64) AppleWebKit/537.36 (KHTML, like Gecko) Chrome/151.0.0.0 Safari/537.36 OPR/135.0.0.0"],"Accept":["text/event-stream"]},"tls":{"resumed":true,"version":772,"cipher_suite":4865,"proto":"h2","server_name":"kitap.rorcun.com","ech":false}},"error":"reading: context canceled"}
{"level":"warn","ts":1788391521.1559098,"logger":"http.handlers.reverse_proxy","msg":"aborting with incomplete response","upstream":"127.0.0.1:8080","duration":0.0126864,"request":{"remote_ip":"31.223.116.89","remote_port":"51434","client_ip":"31.223.116.89","proto":"HTTP/2.0","method":"GET","host":"kitap.rorcun.com","uri":"/bildirimler/akis","headers":{"User-Agent":["Mozilla/5.0 (Windows NT 10.0; Win64; x64) AppleWebKit/537.36 (KHTML, like Gecko) Chrome/151.0.0.0 Safari/537.36 OPR/135.0.0.0"],"X-Forwarded-For":["31.223.116.89"],"Pragma":["no-cache"],"Cache-Control":["no-cache"],"Sec-Ch-Ua-Platform":["\"Windows\""],"Via":["2.0 Caddy"],"Cookie":["REDACTED"],"Sec-Fetch-Mode":["cors"],"Accept-Encoding":["gzip, deflate, br, zstd"],"Accept":["text/event-stream"],"Sec-Fetch-Dest":["empty"],"Accept-Language":["tr,en-US;q=0.9,en;q=0.8,id;q=0.7,th;q=0.6,ru;q=0.5,da;q=0.4"],"X-Forwarded-Proto":["https"],"Sec-Ch-Ua-Mobile":["?0"],"Priority":["u=1, i"],"Referer":["https://kitap.rorcun.com/takas"],"Sec-Ch-Ua":["\"Not=A?Brand\";v=\"99\", \"Opera\";v=\"135\", \"Chromium\";v=\"151\""],"Sec-Fetch-Site":["same-origin"],"X-Forwarded-Host":["kitap.rorcun.com"],"X-Real-Ip":["31.223.116.89"]},"tls":{"resumed":true,"version":772,"cipher_suite":4865,"proto":"h2","server_name":"kitap.rorcun.com","ech":false}},"error":"reading: context canceled"}
{"level":"info","ts":1788394018.4740758,"logger":"http.acme_client","msg":"got renewal info","names":["rorcun.com"],"window_start":1793265166,"window_end":1793420616,"selected_time":1793287031,"recheck_after":1788412131.4740758,"explanation_url":""}
{"level":"info","ts":1788394018.4768703,"logger":"tls.cache.maintenance","msg":"updated and stored ACME renewal information","identifiers":["rorcun.com"],"cert_hash":"6888b21f6a8c1e555613837727f7876e77b8a7a30b76a216f1ce9f899392ac12","ari_unique_id":"uyDKRwv-1-Wc-Y8JKqOMN0WxvNg.BjdzJcm8izJ3NuJIpKOv3qoY","cert_expiry":1795933721,"selected_time":1793339452,"next_update":1788412131.4740758,"explanation_url":""}
{"level":"warn","ts":1788395125.3911657,"logger":"http.handlers.reverse_proxy","msg":"aborting with incomplete response","upstream":"127.0.0.1:8080","duration":0.010833,"request":{"remote_ip":"31.223.116.89","remote_port":"51434","client_ip":"31.223.116.89","proto":"HTTP/2.0","method":"GET","host":"kitap.rorcun.com","uri":"/bildirimler/akis","headers":{"Priority":["u=1, i"],"Referer":["https://kitap.rorcun.com/takas/kitaplarim"],"X-Real-Ip":["31.223.116.89"],"Sec-Fetch-Site":["same-origin"],"Sec-Ch-Ua-Mobile":["?0"],"Via":["2.0 Caddy"],"Cache-Control":["no-cache"],"Sec-Ch-Ua":["\"Not=A?Brand\";v=\"99\", \"Opera\";v=\"135\", \"Chromium\";v=\"151\""],"X-Forwarded-Proto":["https"],"Accept-Encoding":["gzip, deflate, br, zstd"],"X-Forwarded-For":["31.223.116.89"],"Accept-Language":["tr,en-US;q=0.9,en;q=0.8,id;q=0.7,th;q=0.6,ru;q=0.5,da;q=0.4"],"User-Agent":["Mozilla/5.0 (Windows NT 10.0; Win64; x64) AppleWebKit/537.36 (KHTML, like Gecko) Chrome/151.0.0.0 Safari/537.36 OPR/135.0.0.0"],"X-Forwarded-Host":["kitap.rorcun.com"],"Sec-Ch-Ua-Platform":["\"Windows\""],"Pragma":["no-cache"],"Sec-Fetch-Mode":["cors"],"Cookie":["REDACTED"],"Accept":["text/event-stream"],"Sec-Fetch-Dest":["empty"]},"tls":{"resumed":true,"version":772,"cipher_suite":4865,"proto":"h2","server_name":"kitap.rorcun.com","ech":false}},"error":"reading: unexpected EOF"}
{"level":"info","ts":1788397018.4703922,"logger":"http.acme_client","msg":"got renewal info","names":["www.rorcun.com"],"window_start":1793302677,"window_end":1793458126,"selected_time":1793305474,"recheck_after":1788418200.4703922,"explanation_url":""}
{"level":"info","ts":1788397018.4777358,"logger":"tls.cache.maintenance","msg":"updated and stored ACME renewal information","identifiers":["www.rorcun.com"],"cert_hash":"73952c7a219362a9e387ef0353e59f97eb7bc19d98d4930dadd395cf2cace839","ari_unique_id":"uyDKRwv-1-Wc-Y8JKqOMN0WxvNg.BV8EoYnMc4u4wsxV1K3bGIp_","cert_expiry":1795971232,"selected_time":1793377226,"next_update":1788418200.4703922,"explanation_url":""}
{"level":"info","ts":1788398818.5222895,"logger":"http.acme_client","msg":"got renewal info","names":["api.rorcun.com"],"window_start":1793104682,"window_end":1793260132,"selected_time":1793106016,"recheck_after":1788417543.5222895,"explanation_url":""}
{"level":"info","ts":1788398818.524891,"logger":"tls.cache.maintenance","msg":"updated and stored ACME renewal information","identifiers":["api.rorcun.com"],"cert_hash":"9785f01e4e654c2061c7f84a8f4a4244d0dbb5804c8004428768f2cb2ab7e49c","ari_unique_id":"uVnyjs8i8IbTN0j_dhQYuoLYVYc.BtW5j5Uaevo1KHP636o4COOm","cert_expiry":1795773237,"selected_time":1793165676,"next_update":1788417543.5222895,"explanation_url":""}
{"level":"info","ts":1788403018.5670643,"logger":"http.acme_client","msg":"got renewal info","names":["agent.rorcun.com"],"window_start":1793195192,"window_end":1793350641,"selected_time":1793313720,"recheck_after":1788428627.5670643,"explanation_url":""}
{"level":"info","ts":1788403018.5734022,"logger":"tls.cache.maintenance","msg":"updated and stored ACME renewal information","identifiers":["agent.rorcun.com"],"cert_hash":"cced208ae08cfff5a61cf0a89ebe6be6576fb8db659e3ee524acd92eaea807c2","ari_unique_id":"uVnyjs8i8IbTN0j_dhQYuoLYVYc.BR6aT3RgVzpK3SKFmSRMFm8y","cert_expiry":1795863747,"selected_time":1793240649,"next_update":1788428627.5670643,"explanation_url":""}
{"level":"info","ts":1788409018.6081612,"logger":"http.acme_client","msg":"got renewal info","names":["kitap.rorcun.com"],"window_start":1792626120,"window_end":1792781570,"selected_time":1792627310,"recheck_after":1788430484.6081612,"explanation_url":""}
{"level":"info","ts":1788409018.611221,"logger":"tls.cache.maintenance","msg":"updated and stored ACME renewal information","identifiers":["kitap.rorcun.com"],"cert_hash":"fd0e8ad1bdbc174e847d4fc116ba575b4e8e2567d97e05095a85b34073590464","ari_unique_id":"uyDKRwv-1-Wc-Y8JKqOMN0WxvNg.BlnYk7Ci4YCBHKKKKFSmGLjw","cert_expiry":1795294675,"selected_time":1792672397,"next_update":1788430484.6081612,"explanation_url":""}
{"level":"info","ts":1788409018.8412201,"logger":"http.acme_client","msg":"got renewal info","names":["irem.rorcun.com"],"window_start":1793037983,"window_end":1793193433,"selected_time":1793164086,"recheck_after":1788432506.8412201,"explanation_url":""}
{"level":"info","ts":1788409018.8461337,"logger":"tls.cache.maintenance","msg":"updated and stored ACME renewal information","identifiers":["irem.rorcun.com"],"cert_hash":"bf7195d079318f23840257fc2ba78e4d762b5222b517dc6a98af79385f417a63","ari_unique_id":"uVnyjs8i8IbTN0j_dhQYuoLYVYc.BkM8SZoTVtf8gaehWtwdtpHg","cert_expiry":1795706538,"selected_time":1793051049,"next_update":1788432506.8412201,"explanation_url":""}
{"level":"info","ts":1788412618.529146,"logger":"http.acme_client","msg":"got renewal info","names":["rorcun.com"],"window_start":1793265166,"window_end":1793420616,"selected_time":1793327628,"recheck_after":1788436680.529146,"explanation_url":""}
{"level":"info","ts":1788412618.5363383,"logger":"tls.cache.maintenance","msg":"updated and stored ACME renewal information","identifiers":["rorcun.com"],"cert_hash":"6888b21f6a8c1e555613837727f7876e77b8a7a30b76a216f1ce9f899392ac12","ari_unique_id":"uyDKRwv-1-Wc-Y8JKqOMN0WxvNg.BjdzJcm8izJ3NuJIpKOv3qoY","cert_expiry":1795933721,"selected_time":1793339452,"next_update":1788436680.529146,"explanation_url":""}
{"level":"info","ts":1788418018.5590727,"logger":"http.acme_client","msg":"got renewal info","names":["api.rorcun.com"],"window_start":1793104682,"window_end":1793260132,"selected_time":1793177283,"recheck_after":1788442586.5590727,"explanation_url":""}
{"level":"info","ts":1788418018.563446,"logger":"tls.cache.maintenance","msg":"updated and stored ACME renewal information","identifiers":["api.rorcun.com"],"cert_hash":"9785f01e4e654c2061c7f84a8f4a4244d0dbb5804c8004428768f2cb2ab7e49c","ari_unique_id":"uVnyjs8i8IbTN0j_dhQYuoLYVYc.BtW5j5Uaevo1KHP636o4COOm","cert_expiry":1795773237,"selected_time":1793165676,"next_update":1788442586.5590727,"explanation_url":""}
{"level":"info","ts":1788418618.4619844,"logger":"http.acme_client","msg":"got renewal info","names":["www.rorcun.com"],"window_start":1793302677,"window_end":1793458126,"selected_time":1793409456,"recheck_after":1788439422.4619844,"explanation_url":""}
{"level":"info","ts":1788418618.468989,"logger":"tls.cache.maintenance","msg":"updated and stored ACME renewal information","identifiers":["www.rorcun.com"],"cert_hash":"73952c7a219362a9e387ef0353e59f97eb7bc19d98d4930dadd395cf2cace839","ari_unique_id":"uyDKRwv-1-Wc-Y8JKqOMN0WxvNg.BV8EoYnMc4u4wsxV1K3bGIp_","cert_expiry":1795971232,"selected_time":1793377226,"next_update":1788439422.4619844,"explanation_url":""}
{"level":"info","ts":1788420417.8748071,"logger":"tls","msg":"cleaning storage unit","storage":"FileStorage:C:/Project/LocalAgentApi-WebU - OpenCode/caddy/data"}
{"level":"info","ts":1788420417.9049656,"logger":"tls","msg":"finished cleaning storage units"}
{"level":"info","ts":1788428818.7172084,"logger":"http.acme_client","msg":"got renewal info","names":["agent.rorcun.com"],"window_start":1793195192,"window_end":1793350641,"selected_time":1793228422,"recheck_after":1788453305.7172084,"explanation_url":""}
{"level":"info","ts":1788428818.7233057,"logger":"tls.cache.maintenance","msg":"updated and stored ACME renewal information","identifiers":["agent.rorcun.com"],"cert_hash":"cced208ae08cfff5a61cf0a89ebe6be6576fb8db659e3ee524acd92eaea807c2","ari_unique_id":"uVnyjs8i8IbTN0j_dhQYuoLYVYc.BR6aT3RgVzpK3SKFmSRMFm8y","cert_expiry":1795863747,"selected_time":1793240649,"next_update":1788453305.7172084,"explanation_url":""}
{"level":"info","ts":1788429946.7858975,"msg":"shutting down","signal":"SIGINT"}
{"level":"warn","ts":1788429946.7858975,"msg":"exiting; byeee!! 👋","signal":"SIGINT"}
{"level":"info","ts":1788429946.795883,"logger":"http","msg":"servers shutting down with eternal grace period"}
{"level":"info","ts":1788429946.8143191,"logger":"admin","msg":"stopped previous server","address":"localhost:2019"}
{"level":"info","ts":1788429946.8143191,"msg":"shutdown complete","signal":"SIGINT","exit_code":0}
{"level":"info","ts":1788429992.9047122,"msg":"maxprocs: Leaving GOMAXPROCS=28: CPU quota undefined"}
{"level":"info","ts":1788429992.9047122,"msg":"GOMEMLIMIT is updated","GOMEMLIMIT":77089462272,"previous":9223372036854775807}
{"level":"info","ts":1788429992.9047122,"msg":"using config from file","file":"C:\\Project\\LocalAgentApi-WebU - OpenCode\\caddy\\Caddyfile"}
{"level":"info","ts":1788429992.9047122,"msg":"adapted config to JSON","adapter":"caddyfile"}
{"level":"warn","ts":1788429992.9047122,"msg":"Caddyfile input is not formatted; run 'caddy fmt --overwrite' to fix inconsistencies","adapter":"caddyfile","file":"C:\\Project\\LocalAgentApi-WebU - OpenCode\\caddy\\Caddyfile","line":18}
{"level":"info","ts":1788429992.9154222,"logger":"admin","msg":"admin endpoint started","address":"localhost:2019","enforce_origin":false,"origins":["//localhost:2019","//[::1]:2019","//127.0.0.1:2019"]}
{"level":"info","ts":1788429992.9164617,"logger":"tls.cache.maintenance","msg":"started background certificate maintenance","cache":"0x2af3ec5d0380"}
{"level":"info","ts":1788429992.9164617,"logger":"http.auto_https","msg":"server is listening only on the HTTPS port but has no TLS connection policies; adding one to enable TLS","server_name":"srv0","https_port":443}
{"level":"info","ts":1788429992.916992,"logger":"http.auto_https","msg":"enabling automatic HTTP->HTTPS redirects","server_name":"srv0"}
{"level":"info","ts":1788429992.9211502,"logger":"http","msg":"enabling HTTP/3 listener","addr":":443"}
{"level":"info","ts":1788429992.9211502,"logger":"http.log","msg":"server running","name":"srv0","protocols":["h1","h2","h3"]}
{"level":"warn","ts":1788429992.921669,"logger":"http","msg":"HTTP/2 skipped because it requires TLS","network":"tcp","addr":":80"}
{"level":"warn","ts":1788429992.921669,"logger":"http","msg":"HTTP/3 skipped because it requires TLS","network":"tcp","addr":":80"}
{"level":"info","ts":1788429992.921669,"logger":"http.log","msg":"server running","name":"remaining_auto_https_redirects","protocols":["h1","h2","h3"]}
{"level":"info","ts":1788429992.921669,"logger":"http","msg":"enabling automatic TLS certificate management","domains":["agent.rorcun.com","kitap.rorcun.com","irem.rorcun.com","rorcun.com","www.rorcun.com","api.rorcun.com"]}
{"level":"info","ts":1788429992.9221845,"msg":"autosaved config (load with --resume flag)","file":"C:\\WINDOWS\\system32\\config\\systemprofile\\AppData\\Roaming\\Caddy\\autosave.json"}
{"level":"info","ts":1788429992.9221845,"msg":"serving initial configuration"}
{"level":"info","ts":1788429992.9221845,"logger":"tls","msg":"storage cleaning happened too recently; skipping for now","storage":"FileStorage:C:/Project/LocalAgentApi-WebU - OpenCode/caddy/data","instance":"9047db74-d012-4a64-ac30-dbcf057dbd10","try_again":1788516392.9221845,"try_again_in":86400}
{"level":"info","ts":1788429992.9221845,"logger":"tls","msg":"finished cleaning storage units"}
{"level":"info","ts":1788430593.858243,"logger":"http.acme_client","msg":"got renewal info","names":["kitap.rorcun.com"],"window_start":1792626120,"window_end":1792781570,"selected_time":1792766782,"recheck_after":1788452820.858243,"explanation_url":""}
{"level":"info","ts":1788430593.8661308,"logger":"tls.cache.maintenance","msg":"updated and stored ACME renewal information","identifiers":["kitap.rorcun.com"],"cert_hash":"fd0e8ad1bdbc174e847d4fc116ba575b4e8e2567d97e05095a85b34073590464","ari_unique_id":"uyDKRwv-1-Wc-Y8JKqOMN0WxvNg.BlnYk7Ci4YCBHKKKKFSmGLjw","cert_expiry":1795294675,"selected_time":1792672397,"next_update":1788452820.858243,"explanation_url":""}
{"level":"info","ts":1788432993.5812428,"logger":"http.acme_client","msg":"got renewal info","names":["irem.rorcun.com"],"window_start":1793037983,"window_end":1793193433,"selected_time":1793074957,"recheck_after":1788451577.5812428,"explanation_url":""}
{"level":"info","ts":1788432993.5864892,"logger":"tls.cache.maintenance","msg":"updated and stored ACME renewal information","identifiers":["irem.rorcun.com"],"cert_hash":"bf7195d079318f23840257fc2ba78e4d762b5222b517dc6a98af79385f417a63","ari_unique_id":"uVnyjs8i8IbTN0j_dhQYuoLYVYc.BkM8SZoTVtf8gaehWtwdtpHg","cert_expiry":1795706538,"selected_time":1793051049,"next_update":1788451577.5812428,"explanation_url":""}
{"level":"info","ts":1788436460.9018424,"logger":"admin.api","msg":"received request","method":"POST","host":"localhost:2019","uri":"/load","remote_ip":"127.0.0.1","remote_port":"62091","headers":{"User-Agent":["Go-http-client/1.1"],"Content-Length":["8991"],"Caddy-Config-Source-Adapter":["caddyfile"],"Caddy-Config-Source-File":["Caddyfile"],"Content-Type":["application/json"],"Origin":["http://localhost:2019"],"Accept-Encoding":["gzip"]}}
{"level":"info","ts":1788436460.9033856,"logger":"admin","msg":"admin endpoint started","address":"localhost:2019","enforce_origin":false,"origins":["//127.0.0.1:2019","//localhost:2019","//[::1]:2019"]}
{"level":"info","ts":1788436460.9033856,"logger":"http.auto_https","msg":"server is listening only on the HTTPS port but has no TLS connection policies; adding one to enable TLS","server_name":"srv0","https_port":443}
{"level":"info","ts":1788436460.9033856,"logger":"http.auto_https","msg":"enabling automatic HTTP->HTTPS redirects","server_name":"srv0"}
{"level":"info","ts":1788436460.905423,"logger":"http","msg":"enabling HTTP/3 listener","addr":":443"}
{"level":"info","ts":1788436460.905423,"logger":"http.log","msg":"server running","name":"srv0","protocols":["h1","h2","h3"]}
{"level":"warn","ts":1788436460.905423,"logger":"http","msg":"HTTP/2 skipped because it requires TLS","network":"tcp","addr":":80"}
{"level":"warn","ts":1788436460.905423,"logger":"http","msg":"HTTP/3 skipped because it requires TLS","network":"tcp","addr":":80"}
{"level":"info","ts":1788436460.905423,"logger":"http.log","msg":"server running","name":"remaining_auto_https_redirects","protocols":["h1","h2","h3"]}
{"level":"info","ts":1788436460.905423,"logger":"http","msg":"enabling automatic TLS certificate management","domains":["api.rorcun.com","agent.rorcun.com","kitap.rorcun.com","irem.rorcun.com","rorcun.com","www.rorcun.com"]}
{"level":"info","ts":1788436460.905423,"logger":"http","msg":"servers shutting down with eternal grace period"}
{"level":"info","ts":1788436460.9059374,"msg":"autosaved config (load with --resume flag)","file":"C:\\WINDOWS\\system32\\config\\systemprofile\\AppData\\Roaming\\Caddy\\autosave.json"}
{"level":"info","ts":1788436460.9059374,"logger":"admin.api","msg":"load complete"}
{"level":"info","ts":1788436460.9074516,"logger":"admin","msg":"stopped previous server","address":"localhost:2019"}
{"level":"info","ts":1788437193.635925,"logger":"http.acme_client","msg":"got renewal info","names":["rorcun.com"],"window_start":1793265166,"window_end":1793420616,"selected_time":1793410784,"recheck_after":1788462132.635925,"explanation_url":""}
{"level":"info","ts":1788437193.6433516,"logger":"tls.cache.maintenance","msg":"updated and stored ACME renewal information","identifiers":["rorcun.com"],"cert_hash":"6888b21f6a8c1e555613837727f7876e77b8a7a30b76a216f1ce9f899392ac12","ari_unique_id":"uyDKRwv-1-Wc-Y8JKqOMN0WxvNg.BjdzJcm8izJ3NuJIpKOv3qoY","cert_expiry":1795933721,"selected_time":1793339452,"next_update":1788462132.635925,"explanation_url":""}
{"level":"info","ts":1788437331.1741316,"logger":"admin.api","msg":"received request","method":"POST","host":"localhost:2019","uri":"/load","remote_ip":"127.0.0.1","remote_port":"60708","headers":{"Accept-Encoding":["gzip"],"User-Agent":["Go-http-client/1.1"],"Content-Length":["8896"],"Caddy-Config-Source-Adapter":["caddyfile"],"Caddy-Config-Source-File":["Caddyfile"],"Content-Type":["application/json"],"Origin":["http://localhost:2019"]}}
{"level":"info","ts":1788437331.175702,"logger":"admin","msg":"admin endpoint started","address":"localhost:2019","enforce_origin":false,"origins":["//127.0.0.1:2019","//localhost:2019","//[::1]:2019"]}
{"level":"info","ts":1788437331.176216,"logger":"http.auto_https","msg":"server is listening only on the HTTPS port but has no TLS connection policies; adding one to enable TLS","server_name":"srv0","https_port":443}
{"level":"info","ts":1788437331.176216,"logger":"http.auto_https","msg":"enabling automatic HTTP->HTTPS redirects","server_name":"srv0"}
{"level":"warn","ts":1788437331.1788025,"logger":"http","msg":"HTTP/2 skipped because it requires TLS","network":"tcp","addr":":80"}
{"level":"warn","ts":1788437331.1788025,"logger":"http","msg":"HTTP/3 skipped because it requires TLS","network":"tcp","addr":":80"}
{"level":"info","ts":1788437331.1788025,"logger":"http.log","msg":"server running","name":"remaining_auto_https_redirects","protocols":["h1","h2","h3"]}
{"level":"info","ts":1788437331.1788025,"logger":"http","msg":"enabling HTTP/3 listener","addr":":443"}
{"level":"info","ts":1788437331.1788025,"logger":"http.log","msg":"server running","name":"srv0","protocols":["h1","h2","h3"]}
{"level":"info","ts":1788437331.1788025,"logger":"http","msg":"enabling automatic TLS certificate management","domains":["www.rorcun.com","api.rorcun.com","agent.rorcun.com","kitap.rorcun.com","irem.rorcun.com","rorcun.com"]}
{"level":"info","ts":1788437331.1788025,"logger":"http","msg":"servers shutting down with eternal grace period"}
{"level":"info","ts":1788437331.179308,"msg":"autosaved config (load with --resume flag)","file":"C:\\WINDOWS\\system32\\config\\systemprofile\\AppData\\Roaming\\Caddy\\autosave.json"}
{"level":"info","ts":1788437331.179308,"logger":"admin.api","msg":"load complete"}
{"level":"info","ts":1788437331.1838555,"logger":"admin","msg":"stopped previous server","address":"localhost:2019"}
{"level":"info","ts":1788439593.6076982,"logger":"http.acme_client","msg":"got renewal info","names":["www.rorcun.com"],"window_start":1793302677,"window_end":1793458126,"selected_time":1793451428,"recheck_after":1788457962.6076982,"explanation_url":""}
{"level":"info","ts":1788439593.6188078,"logger":"tls.cache.maintenance","msg":"updated and stored ACME renewal information","identifiers":["www.rorcun.com"],"cert_hash":"73952c7a219362a9e387ef0353e59f97eb7bc19d98d4930dadd395cf2cace839","ari_unique_id":"uyDKRwv-1-Wc-Y8JKqOMN0WxvNg.BV8EoYnMc4u4wsxV1K3bGIp_","cert_expiry":1795971232,"selected_time":1793377226,"next_update":1788457962.6076982,"explanation_url":""}
{"level":"info","ts":1788441430.677663,"logger":"admin.api","msg":"received request","method":"GET","host":"127.0.0.1:2019","uri":"/config/","remote_ip":"127.0.0.1","remote_port":"53932","headers":{"User-Agent":["curl/8.21.0"],"Accept":["*/*"]}}
{"level":"info","ts":1788442593.6631584,"logger":"http.acme_client","msg":"got renewal info","names":["api.rorcun.com"],"window_start":1793104682,"window_end":1793260132,"selected_time":1793146124,"recheck_after":1788460062.6631584,"explanation_url":""}
{"level":"info","ts":1788442593.6694653,"logger":"tls.cache.maintenance","msg":"updated and stored ACME renewal information","identifiers":["api.rorcun.com"],"cert_hash":"9785f01e4e654c2061c7f84a8f4a4244d0dbb5804c8004428768f2cb2ab7e49c","ari_unique_id":"uVnyjs8i8IbTN0j_dhQYuoLYVYc.BtW5j5Uaevo1KHP636o4COOm","cert_expiry":1795773237,"selected_time":1793165676,"next_update":1788460062.6631584,"explanation_url":""}
{"level":"info","ts":1788451593.6223996,"logger":"http.acme_client","msg":"got renewal info","names":["irem.rorcun.com"],"window_start":1793037983,"window_end":1793193433,"selected_time":1793059556,"recheck_after":1788473538.6223996,"explanation_url":""}
{"level":"info","ts":1788451593.6299741,"logger":"tls.cache.maintenance","msg":"updated and stored ACME renewal information","identifiers":["irem.rorcun.com"],"cert_hash":"bf7195d079318f23840257fc2ba78e4d762b5222b517dc6a98af79385f417a63","ari_unique_id":"uVnyjs8i8IbTN0j_dhQYuoLYVYc.BkM8SZoTVtf8gaehWtwdtpHg","cert_expiry":1795706538,"selected_time":1793051049,"next_update":1788473538.6223996,"explanation_url":""}
{"level":"info","ts":1788453393.6449215,"logger":"http.acme_client","msg":"got renewal info","names":["agent.rorcun.com"],"window_start":1793195192,"window_end":1793350641,"selected_time":1793282526,"recheck_after":1788472498.6449215,"explanation_url":""}
{"level":"info","ts":1788453393.6482394,"logger":"tls.cache.maintenance","msg":"updated and stored ACME renewal information","identifiers":["agent.rorcun.com"],"cert_hash":"cced208ae08cfff5a61cf0a89ebe6be6576fb8db659e3ee524acd92eaea807c2","ari_unique_id":"uVnyjs8i8IbTN0j_dhQYuoLYVYc.BR6aT3RgVzpK3SKFmSRMFm8y","cert_expiry":1795863747,"selected_time":1793240649,"next_update":1788472498.6449215,"explanation_url":""}
{"level":"info","ts":1788453393.881488,"logger":"http.acme_client","msg":"got renewal info","names":["kitap.rorcun.com"],"window_start":1792626120,"window_end":1792781570,"selected_time":1792701641,"recheck_after":1788471126.881488,"explanation_url":""}
{"level":"info","ts":1788453393.8872247,"logger":"tls.cache.maintenance","msg":"updated and stored ACME renewal information","identifiers":["kitap.rorcun.com"],"cert_hash":"fd0e8ad1bdbc174e847d4fc116ba575b4e8e2567d97e05095a85b34073590464","ari_unique_id":"uyDKRwv-1-Wc-Y8JKqOMN0WxvNg.BlnYk7Ci4YCBHKKKKFSmGLjw","cert_expiry":1795294675,"selected_time":1792672397,"next_update":1788471126.881488,"explanation_url":""}
{"level":"info","ts":1788458193.5494885,"logger":"http.acme_client","msg":"got renewal info","names":["www.rorcun.com"],"window_start":1793302677,"window_end":1793458126,"selected_time":1793356374,"recheck_after":1788481995.5494885,"explanation_url":""}
{"level":"info","ts":1788458193.5545654,"logger":"tls.cache.maintenance","msg":"updated and stored ACME renewal information","identifiers":["www.rorcun.com"],"cert_hash":"73952c7a219362a9e387ef0353e59f97eb7bc19d98d4930dadd395cf2cace839","ari_unique_id":"uyDKRwv-1-Wc-Y8JKqOMN0WxvNg.BV8EoYnMc4u4wsxV1K3bGIp_","cert_expiry":1795971232,"selected_time":1793377226,"next_update":1788481995.5494885,"explanation_url":""}
{"level":"info","ts":1788460593.534188,"logger":"http.acme_client","msg":"got renewal info","names":["api.rorcun.com"],"window_start":1793104682,"window_end":1793260132,"selected_time":1793190506,"recheck_after":1788481878.534188,"explanation_url":""}
{"level":"info","ts":1788460593.5400054,"logger":"tls.cache.maintenance","msg":"updated and stored ACME renewal information","identifiers":["api.rorcun.com"],"cert_hash":"9785f01e4e654c2061c7f84a8f4a4244d0dbb5804c8004428768f2cb2ab7e49c","ari_unique_id":"uVnyjs8i8IbTN0j_dhQYuoLYVYc.BtW5j5Uaevo1KHP636o4COOm","cert_expiry":1795773237,"selected_time":1793165676,"next_update":1788481878.534188,"explanation_url":""}
{"level":"info","ts":1788462393.608792,"logger":"http.acme_client","msg":"got renewal info","names":["rorcun.com"],"window_start":1793265166,"window_end":1793420616,"selected_time":1793352213,"recheck_after":1788483055.608792,"explanation_url":""}
{"level":"info","ts":1788462393.6140795,"logger":"tls.cache.maintenance","msg":"updated and stored ACME renewal information","identifiers":["rorcun.com"],"cert_hash":"6888b21f6a8c1e555613837727f7876e77b8a7a30b76a216f1ce9f899392ac12","ari_unique_id":"uyDKRwv-1-Wc-Y8JKqOMN0WxvNg.BjdzJcm8izJ3NuJIpKOv3qoY","cert_expiry":1795933721,"selected_time":1793339452,"next_update":1788483055.608792,"explanation_url":""}
{"level":"info","ts":1788471393.5604484,"logger":"http.acme_client","msg":"got renewal info","names":["kitap.rorcun.com"],"window_start":1792626120,"window_end":1792781570,"selected_time":1792661336,"recheck_after":1788492234.5604484,"explanation_url":""}
{"level":"info","ts":1788471393.5662887,"logger":"tls.cache.maintenance","msg":"updated and stored ACME renewal information","identifiers":["kitap.rorcun.com"],"cert_hash":"fd0e8ad1bdbc174e847d4fc116ba575b4e8e2567d97e05095a85b34073590464","ari_unique_id":"uyDKRwv-1-Wc-Y8JKqOMN0WxvNg.BlnYk7Ci4YCBHKKKKFSmGLjw","cert_expiry":1795294675,"selected_time":1792672397,"next_update":1788492234.5604484,"explanation_url":""}
{"level":"info","ts":1788472593.6133025,"logger":"http.acme_client","msg":"got renewal info","names":["agent.rorcun.com"],"window_start":1793195192,"window_end":1793350641,"selected_time":1793326632,"recheck_after":1788492866.6133025,"explanation_url":""}
{"level":"info","ts":1788472593.6179745,"logger":"tls.cache.maintenance","msg":"updated and stored ACME renewal information","identifiers":["agent.rorcun.com"],"cert_hash":"cced208ae08cfff5a61cf0a89ebe6be6576fb8db659e3ee524acd92eaea807c2","ari_unique_id":"uVnyjs8i8IbTN0j_dhQYuoLYVYc.BR6aT3RgVzpK3SKFmSRMFm8y","cert_expiry":1795863747,"selected_time":1793240649,"next_update":1788492866.6133025,"explanation_url":""}
{"level":"info","ts":1788473793.6090622,"logger":"http.acme_client","msg":"got renewal info","names":["irem.rorcun.com"],"window_start":1793037983,"window_end":1793193433,"selected_time":1793192427,"recheck_after":1788499088.6090622,"explanation_url":""}
{"level":"info","ts":1788473793.61497,"logger":"tls.cache.maintenance","msg":"updated and stored ACME renewal information","identifiers":["irem.rorcun.com"],"cert_hash":"bf7195d079318f23840257fc2ba78e4d762b5222b517dc6a98af79385f417a63","ari_unique_id":"uVnyjs8i8IbTN0j_dhQYuoLYVYc.BkM8SZoTVtf8gaehWtwdtpHg","cert_expiry":1795706538,"selected_time":1793051049,"next_update":1788499088.6090622,"explanation_url":""}
{"level":"warn","ts":1788510684.6059,"logger":"http.acme_client","msg":"HTTP request failed; retrying","url":"https://acme-v02.api.letsencrypt.org/directory","error":"performing request: Get \"https://acme-v02.api.letsencrypt.org/directory\": dial tcp: lookup acme-v02.api.letsencrypt.org: no such host"}
{"level":"info","ts":1788510688.7169824,"logger":"http.acme_client","msg":"got renewal info","names":["agent.rorcun.com"],"window_start":1793195192,"window_end":1793350641,"selected_time":1793245443,"recheck_after":1788536542.7169824,"explanation_url":""}
{"level":"info","ts":1788510688.7378654,"logger":"tls.cache.maintenance","msg":"updated and stored ACME renewal information","identifiers":["agent.rorcun.com"],"cert_hash":"cced208ae08cfff5a61cf0a89ebe6be6576fb8db659e3ee524acd92eaea807c2","ari_unique_id":"uVnyjs8i8IbTN0j_dhQYuoLYVYc.BR6aT3RgVzpK3SKFmSRMFm8y","cert_expiry":1795863747,"selected_time":1793240649,"next_update":1788536542.7169824,"explanation_url":""}
{"level":"info","ts":1788510688.9634285,"logger":"http.acme_client","msg":"got renewal info","names":["kitap.rorcun.com"],"window_start":1792626120,"window_end":1792781570,"selected_time":1792696483,"recheck_after":1788533957.9634285,"explanation_url":""}
{"level":"info","ts":1788510688.9676175,"logger":"tls.cache.maintenance","msg":"updated and stored ACME renewal information","identifiers":["kitap.rorcun.com"],"cert_hash":"fd0e8ad1bdbc174e847d4fc116ba575b4e8e2567d97e05095a85b34073590464","ari_unique_id":"uyDKRwv-1-Wc-Y8JKqOMN0WxvNg.BlnYk7Ci4YCBHKKKKFSmGLjw","cert_expiry":1795294675,"selected_time":1792672397,"next_update":1788533957.9634285,"explanation_url":""}
{"level":"info","ts":1788510689.1819737,"logger":"http.acme_client","msg":"got renewal info","names":["irem.rorcun.com"],"window_start":1793037983,"window_end":1793193433,"selected_time":1793190580,"recheck_after":1788533190.1819737,"explanation_url":""}
{"level":"info","ts":1788510689.2028537,"logger":"tls.cache.maintenance","msg":"updated and stored ACME renewal information","identifiers":["irem.rorcun.com"],"cert_hash":"bf7195d079318f23840257fc2ba78e4d762b5222b517dc6a98af79385f417a63","ari_unique_id":"uVnyjs8i8IbTN0j_dhQYuoLYVYc.BkM8SZoTVtf8gaehWtwdtpHg","cert_expiry":1795706538,"selected_time":1793051049,"next_update":1788533190.1819737,"explanation_url":""}
{"level":"info","ts":1788510689.4267945,"logger":"http.acme_client","msg":"got renewal info","names":["www.rorcun.com"],"window_start":1793302677,"window_end":1793458126,"selected_time":1793365350,"recheck_after":1788532522.4267945,"explanation_url":""}
{"level":"info","ts":1788510689.6984663,"logger":"tls.cache.maintenance","msg":"updated and stored ACME renewal information","identifiers":["www.rorcun.com"],"cert_hash":"73952c7a219362a9e387ef0353e59f97eb7bc19d98d4930dadd395cf2cace839","ari_unique_id":"uyDKRwv-1-Wc-Y8JKqOMN0WxvNg.BV8EoYnMc4u4wsxV1K3bGIp_","cert_expiry":1795971232,"selected_time":1793377226,"next_update":1788532522.4267945,"explanation_url":""}
{"level":"info","ts":1788510689.9280074,"logger":"http.acme_client","msg":"got renewal info","names":["rorcun.com"],"window_start":1793265166,"window_end":1793420616,"selected_time":1793416559,"recheck_after":1788534112.9280074,"explanation_url":""}
{"level":"info","ts":1788510689.9340632,"logger":"tls.cache.maintenance","msg":"updated and stored ACME renewal information","identifiers":["rorcun.com"],"cert_hash":"6888b21f6a8c1e555613837727f7876e77b8a7a30b76a216f1ce9f899392ac12","ari_unique_id":"uyDKRwv-1-Wc-Y8JKqOMN0WxvNg.BjdzJcm8izJ3NuJIpKOv3qoY","cert_expiry":1795933721,"selected_time":1793339452,"next_update":1788534112.9280074,"explanation_url":""}
{"level":"info","ts":1788510690.154128,"logger":"http.acme_client","msg":"got renewal info","names":["api.rorcun.com"],"window_start":1793104682,"window_end":1793260132,"selected_time":1793121524,"recheck_after":1788528743.154128,"explanation_url":""}
{"level":"info","ts":1788510690.1661987,"logger":"tls.cache.maintenance","msg":"updated and stored ACME renewal information","identifiers":["api.rorcun.com"],"cert_hash":"9785f01e4e654c2061c7f84a8f4a4244d0dbb5804c8004428768f2cb2ab7e49c","ari_unique_id":"uVnyjs8i8IbTN0j_dhQYuoLYVYc.BtW5j5Uaevo1KHP636o4COOm","cert_expiry":1795773237,"selected_time":1793165676,"next_update":1788528743.154128,"explanation_url":""}
{"level":"info","ts":1788523731.1987586,"logger":"tls","msg":"cleaning storage unit","storage":"FileStorage:C:/Project/LocalAgentApi-WebU - OpenCode/caddy/data"}
{"level":"info","ts":1788523731.251248,"logger":"tls","msg":"finished cleaning storage units"}
{"level":"info","ts":1788528993.7079475,"logger":"http.acme_client","msg":"got renewal info","names":["api.rorcun.com"],"window_start":1793104682,"window_end":1793260132,"selected_time":1793212899,"recheck_after":1788549707.7079475,"explanation_url":""}
{"level":"info","ts":1788528993.7125947,"logger":"tls.cache.maintenance","msg":"updated and stored ACME renewal information","identifiers":["api.rorcun.com"],"cert_hash":"9785f01e4e654c2061c7f84a8f4a4244d0dbb5804c8004428768f2cb2ab7e49c","ari_unique_id":"uVnyjs8i8IbTN0j_dhQYuoLYVYc.BtW5j5Uaevo1KHP636o4COOm","cert_expiry":1795773237,"selected_time":1793165676,"next_update":1788549707.7079475,"explanation_url":""}
{"level":"info","ts":1788532593.5857508,"logger":"http.acme_client","msg":"got renewal info","names":["www.rorcun.com"],"window_start":1793302677,"window_end":1793458126,"selected_time":1793395584,"recheck_after":1788555587.5857508,"explanation_url":""}
{"level":"info","ts":1788532593.5924175,"logger":"tls.cache.maintenance","msg":"updated and stored ACME renewal information","identifiers":["www.rorcun.com"],"cert_hash":"73952c7a219362a9e387ef0353e59f97eb7bc19d98d4930dadd395cf2cace839","ari_unique_id":"uyDKRwv-1-Wc-Y8JKqOMN0WxvNg.BV8EoYnMc4u4wsxV1K3bGIp_","cert_expiry":1795971232,"selected_time":1793377226,"next_update":1788555587.5857508,"explanation_url":""}
{"level":"info","ts":1788533193.6984477,"logger":"http.acme_client","msg":"got renewal info","names":["irem.rorcun.com"],"window_start":1793037983,"window_end":1793193433,"selected_time":1793139716,"recheck_after":1788551703.6984477,"explanation_url":""}
{"level":"info","ts":1788533193.703782,"logger":"tls.cache.maintenance","msg":"updated and stored ACME renewal information","identifiers":["irem.rorcun.com"],"cert_hash":"bf7195d079318f23840257fc2ba78e4d762b5222b517dc6a98af79385f417a63","ari_unique_id":"uVnyjs8i8IbTN0j_dhQYuoLYVYc.BkM8SZoTVtf8gaehWtwdtpHg","cert_expiry":1795706538,"selected_time":1793051049,"next_update":1788551703.6984477,"explanation_url":""}
{"level":"info","ts":1788534393.546742,"logger":"http.acme_client","msg":"got renewal info","names":["kitap.rorcun.com"],"window_start":1792626120,"window_end":1792781570,"selected_time":1792776907,"recheck_after":1788553678.546742,"explanation_url":""}
{"level":"info","ts":1788534393.552015,"logger":"tls.cache.maintenance","msg":"updated and stored ACME renewal information","identifiers":["kitap.rorcun.com"],"cert_hash":"fd0e8ad1bdbc174e847d4fc116ba575b4e8e2567d97e05095a85b34073590464","ari_unique_id":"uyDKRwv-1-Wc-Y8JKqOMN0WxvNg.BlnYk7Ci4YCBHKKKKFSmGLjw","cert_expiry":1795294675,"selected_time":1792672397,"next_update":1788553678.546742,"explanation_url":""}
{"level":"info","ts":1788534393.7504528,"logger":"http.acme_client","msg":"got renewal info","names":["rorcun.com"],"window_start":1793265166,"window_end":1793420616,"selected_time":1793404254,"recheck_after":1788556608.7504528,"explanation_url":""}
{"level":"info","ts":1788534393.7546685,"logger":"tls.cache.maintenance","msg":"updated and stored ACME renewal information","identifiers":["rorcun.com"],"cert_hash":"6888b21f6a8c1e555613837727f7876e77b8a7a30b76a216f1ce9f899392ac12","ari_unique_id":"uyDKRwv-1-Wc-Y8JKqOMN0WxvNg.BjdzJcm8izJ3NuJIpKOv3qoY","cert_expiry":1795933721,"selected_time":1793339452,"next_update":1788556608.7504528,"explanation_url":""}
{"level":"info","ts":1788536063.236033,"msg":"shutting down","signal":"SIGINT"}
{"level":"warn","ts":1788536063.2611227,"msg":"exiting; byeee!! 👋","signal":"SIGINT"}
{"level":"info","ts":1788536063.261627,"logger":"http","msg":"servers shutting down with eternal grace period"}
{"level":"info","ts":1788536063.261627,"logger":"admin","msg":"stopped previous server","address":"localhost:2019"}
{"level":"info","ts":1788536063.261627,"msg":"shutdown complete","signal":"SIGINT","exit_code":0}
{"level":"info","ts":1788536110.6823847,"msg":"maxprocs: Leaving GOMAXPROCS=28: CPU quota undefined"}
{"level":"info","ts":1788536110.6823847,"msg":"GOMEMLIMIT is updated","GOMEMLIMIT":77089462272,"previous":9223372036854775807}
{"level":"info","ts":1788536110.6823847,"msg":"using config from file","file":"C:\\Project\\LocalAgentApi-WebU - OpenCode\\caddy\\Caddyfile"}
{"level":"info","ts":1788536110.6823847,"msg":"adapted config to JSON","adapter":"caddyfile"}
{"level":"warn","ts":1788536110.6823847,"msg":"Caddyfile input is not formatted; run 'caddy fmt --overwrite' to fix inconsistencies","adapter":"caddyfile","file":"C:\\Project\\LocalAgentApi-WebU - OpenCode\\caddy\\Caddyfile","line":18}
{"level":"info","ts":1788536110.6870046,"logger":"admin","msg":"admin endpoint started","address":"localhost:2019","enforce_origin":false,"origins":["//localhost:2019","//[::1]:2019","//127.0.0.1:2019"]}
{"level":"info","ts":1788536110.6870046,"logger":"tls.cache.maintenance","msg":"started background certificate maintenance","cache":"0x1e487b516c00"}
{"level":"info","ts":1788536110.6870046,"logger":"http.auto_https","msg":"server is listening only on the HTTPS port but has no TLS connection policies; adding one to enable TLS","server_name":"srv0","https_port":443}
{"level":"info","ts":1788536110.6870046,"logger":"http.auto_https","msg":"enabling automatic HTTP->HTTPS redirects","server_name":"srv0"}
{"level":"info","ts":1788536110.6913335,"logger":"http","msg":"enabling HTTP/3 listener","addr":":443"}
{"level":"info","ts":1788536110.6913335,"logger":"http.log","msg":"server running","name":"srv0","protocols":["h1","h2","h3"]}
{"level":"warn","ts":1788536110.6913335,"logger":"http","msg":"HTTP/2 skipped because it requires TLS","network":"tcp","addr":":80"}
{"level":"warn","ts":1788536110.6913335,"logger":"http","msg":"HTTP/3 skipped because it requires TLS","network":"tcp","addr":":80"}
{"level":"info","ts":1788536110.6913335,"logger":"http.log","msg":"server running","name":"remaining_auto_https_redirects","protocols":["h1","h2","h3"]}
{"level":"info","ts":1788536110.6913335,"logger":"http","msg":"enabling automatic TLS certificate management","domains":["irem.rorcun.com","rorcun.com","www.rorcun.com","api.rorcun.com","agent.rorcun.com","kitap.rorcun.com"]}
{"level":"info","ts":1788536110.6964645,"msg":"autosaved config (load with --resume flag)","file":"C:\\WINDOWS\\system32\\config\\systemprofile\\AppData\\Roaming\\Caddy\\autosave.json"}
{"level":"info","ts":1788536110.6964645,"msg":"serving initial configuration"}
{"level":"info","ts":1788536110.709821,"logger":"tls","msg":"storage cleaning happened too recently; skipping for now","storage":"FileStorage:C:/Project/LocalAgentApi-WebU - OpenCode/caddy/data","instance":"9047db74-d012-4a64-ac30-dbcf057dbd10","try_again":1788622510.709821,"try_again_in":86400}
{"level":"info","ts":1788536110.709821,"logger":"tls","msg":"finished cleaning storage units"}
{"level":"info","ts":1788536711.627954,"logger":"http.acme_client","msg":"got renewal info","names":["agent.rorcun.com"],"window_start":1793195192,"window_end":1793350641,"selected_time":1793204043,"recheck_after":1788558011.6272976,"explanation_url":""}
{"level":"info","ts":1788536711.631103,"logger":"tls.cache.maintenance","msg":"updated and stored ACME renewal information","identifiers":["agent.rorcun.com"],"cert_hash":"cced208ae08cfff5a61cf0a89ebe6be6576fb8db659e3ee524acd92eaea807c2","ari_unique_id":"uVnyjs8i8IbTN0j_dhQYuoLYVYc.BR6aT3RgVzpK3SKFmSRMFm8y","cert_expiry":1795863747,"selected_time":1793240649,"next_update":1788558011.6272976,"explanation_url":""}
{"level":"info","ts":1788549911.2995934,"logger":"http.acme_client","msg":"got renewal info","names":["api.rorcun.com"],"window_start":1793104682,"window_end":1793260132,"selected_time":1793199252,"recheck_after":1788571202.2995934,"explanation_url":""}
{"level":"info","ts":1788549911.3046541,"logger":"tls.cache.maintenance","msg":"updated and stored ACME renewal information","identifiers":["api.rorcun.com"],"cert_hash":"9785f01e4e654c2061c7f84a8f4a4244d0dbb5804c8004428768f2cb2ab7e49c","ari_unique_id":"uVnyjs8i8IbTN0j_dhQYuoLYVYc.BtW5j5Uaevo1KHP636o4COOm","cert_expiry":1795773237,"selected_time":1793165676,"next_update":1788571202.2995934,"explanation_url":""}
{"level":"info","ts":1788551711.3993533,"logger":"http.acme_client","msg":"got renewal info","names":["irem.rorcun.com"],"window_start":1793037983,"window_end":1793193433,"selected_time":1793125586,"recheck_after":1788575555.3993533,"explanation_url":""}
{"level":"info","ts":1788551711.4087787,"logger":"tls.cache.maintenance","msg":"updated and stored ACME renewal information","identifiers":["irem.rorcun.com"],"cert_hash":"bf7195d079318f23840257fc2ba78e4d762b5222b517dc6a98af79385f417a63","ari_unique_id":"uVnyjs8i8IbTN0j_dhQYuoLYVYc.BkM8SZoTVtf8gaehWtwdtpHg","cert_expiry":1795706538,"selected_time":1793051049,"next_update":1788575555.3993533,"explanation_url":""}
{"level":"info","ts":1788554111.3999662,"logger":"http.acme_client","msg":"got renewal info","names":["kitap.rorcun.com"],"window_start":1792626120,"window_end":1792781570,"selected_time":1792655867,"recheck_after":1788572975.3999662,"explanation_url":""}
{"level":"info","ts":1788554111.4052768,"logger":"tls.cache.maintenance","msg":"updated and stored ACME renewal information","identifiers":["kitap.rorcun.com"],"cert_hash":"fd0e8ad1bdbc174e847d4fc116ba575b4e8e2567d97e05095a85b34073590464","ari_unique_id":"uyDKRwv-1-Wc-Y8JKqOMN0WxvNg.BlnYk7Ci4YCBHKKKKFSmGLjw","cert_expiry":1795294675,"selected_time":1792672397,"next_update":1788572975.3999662,"explanation_url":""}
{"level":"info","ts":1788555911.4334443,"logger":"http.acme_client","msg":"got renewal info","names":["www.rorcun.com"],"window_start":1793302677,"window_end":1793458126,"selected_time":1793390956,"recheck_after":1788578114.4334443,"explanation_url":""}
{"level":"info","ts":1788555911.4359987,"logger":"tls.cache.maintenance","msg":"updated and stored ACME renewal information","identifiers":["www.rorcun.com"],"cert_hash":"73952c7a219362a9e387ef0353e59f97eb7bc19d98d4930dadd395cf2cace839","ari_unique_id":"uyDKRwv-1-Wc-Y8JKqOMN0WxvNg.BV8EoYnMc4u4wsxV1K3bGIp_","cert_expiry":1795971232,"selected_time":1793377226,"next_update":1788578114.4334443,"explanation_url":""}
{"level":"info","ts":1788557111.3640125,"logger":"http.acme_client","msg":"got renewal info","names":["rorcun.com"],"window_start":1793265166,"window_end":1793420616,"selected_time":1793379776,"recheck_after":1788578577.3640125,"explanation_url":""}
{"level":"info","ts":1788557111.3703063,"logger":"tls.cache.maintenance","msg":"updated and stored ACME renewal information","identifiers":["rorcun.com"],"cert_hash":"6888b21f6a8c1e555613837727f7876e77b8a7a30b76a216f1ce9f899392ac12","ari_unique_id":"uyDKRwv-1-Wc-Y8JKqOMN0WxvNg.BjdzJcm8izJ3NuJIpKOv3qoY","cert_expiry":1795933721,"selected_time":1793339452,"next_update":1788578577.3640125,"explanation_url":""}
{"level":"info","ts":1788558311.394173,"logger":"http.acme_client","msg":"got renewal info","names":["agent.rorcun.com"],"window_start":1793195192,"window_end":1793350641,"selected_time":1793280522,"recheck_after":1788580139.394173,"explanation_url":""}
{"level":"info","ts":1788558311.3992934,"logger":"tls.cache.maintenance","msg":"updated and stored ACME renewal information","identifiers":["agent.rorcun.com"],"cert_hash":"cced208ae08cfff5a61cf0a89ebe6be6576fb8db659e3ee524acd92eaea807c2","ari_unique_id":"uVnyjs8i8IbTN0j_dhQYuoLYVYc.BR6aT3RgVzpK3SKFmSRMFm8y","cert_expiry":1795863747,"selected_time":1793240649,"next_update":1788580139.394173,"explanation_url":""}
{"level":"warn","ts":1788591139.706182,"logger":"http.acme_client","msg":"HTTP request failed; retrying","url":"https://acme-v02.api.letsencrypt.org/directory","error":"performing request: Get \"https://acme-v02.api.letsencrypt.org/directory\": dial tcp: lookup acme-v02.api.letsencrypt.org: no such host"}
{"level":"info","ts":1788591143.8526554,"logger":"http.acme_client","msg":"got renewal info","names":["kitap.rorcun.com"],"window_start":1792626120,"window_end":1792781570,"selected_time":1792648628,"recheck_after":1788609082.8526554,"explanation_url":""}
{"level":"info","ts":1788591143.8552897,"logger":"tls.cache.maintenance","msg":"updated and stored ACME renewal information","identifiers":["kitap.rorcun.com"],"cert_hash":"fd0e8ad1bdbc174e847d4fc116ba575b4e8e2567d97e05095a85b34073590464","ari_unique_id":"uyDKRwv-1-Wc-Y8JKqOMN0WxvNg.BlnYk7Ci4YCBHKKKKFSmGLjw","cert_expiry":1795294675,"selected_time":1792672397,"next_update":1788609082.8526554,"explanation_url":""}
{"level":"info","ts":1788591144.0569427,"logger":"http.acme_client","msg":"got renewal info","names":["www.rorcun.com"],"window_start":1793302677,"window_end":1793458126,"selected_time":1793368870,"recheck_after":1788613572.0569427,"explanation_url":""}
{"level":"info","ts":1788591144.0601382,"logger":"tls.cache.maintenance","msg":"updated and stored ACME renewal information","identifiers":["www.rorcun.com"],"cert_hash":"73952c7a219362a9e387ef0353e59f97eb7bc19d98d4930dadd395cf2cace839","ari_unique_id":"uyDKRwv-1-Wc-Y8JKqOMN0WxvNg.BV8EoYnMc4u4wsxV1K3bGIp_","cert_expiry":1795971232,"selected_time":1793377226,"next_update":1788613572.0569427,"explanation_url":""}
{"level":"info","ts":1788591144.284764,"logger":"http.acme_client","msg":"got renewal info","names":["api.rorcun.com"],"window_start":1793104682,"window_end":1793260132,"selected_time":1793250244,"recheck_after":1788611109.284764,"explanation_url":""}
{"level":"info","ts":1788591144.2873235,"logger":"tls.cache.maintenance","msg":"updated and stored ACME renewal information","identifiers":["api.rorcun.com"],"cert_hash":"9785f01e4e654c2061c7f84a8f4a4244d0dbb5804c8004428768f2cb2ab7e49c","ari_unique_id":"uVnyjs8i8IbTN0j_dhQYuoLYVYc.BtW5j5Uaevo1KHP636o4COOm","cert_expiry":1795773237,"selected_time":1793165676,"next_update":1788611109.284764,"explanation_url":""}
{"level":"info","ts":1788591144.503082,"logger":"http.acme_client","msg":"got renewal info","names":["rorcun.com"],"window_start":1793265166,"window_end":1793420616,"selected_time":1793273351,"recheck_after":1788613139.503082,"explanation_url":""}
{"level":"info","ts":1788591144.505711,"logger":"tls.cache.maintenance","msg":"updated and stored ACME renewal information","identifiers":["rorcun.com"],"cert_hash":"6888b21f6a8c1e555613837727f7876e77b8a7a30b76a216f1ce9f899392ac12","ari_unique_id":"uyDKRwv-1-Wc-Y8JKqOMN0WxvNg.BjdzJcm8izJ3NuJIpKOv3qoY","cert_expiry":1795933721,"selected_time":1793339452,"next_update":1788613139.503082,"explanation_url":""}
{"level":"info","ts":1788591144.708308,"logger":"http.acme_client","msg":"got renewal info","names":["irem.rorcun.com"],"window_start":1793037983,"window_end":1793193433,"selected_time":1793083184,"recheck_after":1788610574.708308,"explanation_url":""}
{"level":"info","ts":1788591144.7155817,"logger":"tls.cache.maintenance","msg":"updated and stored ACME renewal information","identifiers":["irem.rorcun.com"],"cert_hash":"bf7195d079318f23840257fc2ba78e4d762b5222b517dc6a98af79385f417a63","ari_unique_id":"uVnyjs8i8IbTN0j_dhQYuoLYVYc.BkM8SZoTVtf8gaehWtwdtpHg","cert_expiry":1795706538,"selected_time":1793051049,"next_update":1788610574.708308,"explanation_url":""}
{"level":"info","ts":1788591144.9257472,"logger":"http.acme_client","msg":"got renewal info","names":["agent.rorcun.com"],"window_start":1793195192,"window_end":1793350641,"selected_time":1793245465,"recheck_after":1788611965.9257472,"explanation_url":""}
{"level":"info","ts":1788591144.9340575,"logger":"tls.cache.maintenance","msg":"updated and stored ACME renewal information","identifiers":["agent.rorcun.com"],"cert_hash":"cced208ae08cfff5a61cf0a89ebe6be6576fb8db659e3ee524acd92eaea807c2","ari_unique_id":"uVnyjs8i8IbTN0j_dhQYuoLYVYc.BR6aT3RgVzpK3SKFmSRMFm8y","cert_expiry":1795863747,"selected_time":1793240649,"next_update":1788611965.9257472,"explanation_url":""}
{"level":"error","ts":1788591179.9187882,"logger":"http.log.error","msg":"error handling handler error","request":{"remote_ip":"31.223.116.89","remote_port":"49216","client_ip":"31.223.116.89","proto":"HTTP/2.0","method":"GET","host":"kitap.rorcun.com","uri":"/favicon.ico","headers":{"Accept":["image/avif,image/webp,image/apng,image/svg+xml,image/*,*/*;q=0.8"],"Sec-Fetch-Site":["same-origin"],"Referer":["https://kitap.rorcun.com/takas/kitaplarim"],"Cookie":["REDACTED"],"User-Agent":["Mozilla/5.0 (Windows NT 10.0; Win64; x64) AppleWebKit/537.36 (KHTML, like Gecko) Chrome/151.0.0.0 Safari/537.36 OPR/135.0.0.0"],"Accept-Language":["tr,en-US;q=0.9,en;q=0.8,id;q=0.7,th;q=0.6,ru;q=0.5,da;q=0.4"],"Priority":["u=1, i"],"Sec-Ch-Ua-Platform":["\"Windows\""],"Sec-Ch-Ua":["\"Not=A?Brand\";v=\"99\", \"Opera\";v=\"135\", \"Chromium\";v=\"151\""],"Sec-Fetch-Mode":["no-cors"],"Sec-Ch-Ua-Mobile":["?0"],"Sec-Fetch-Dest":["image"],"Accept-Encoding":["gzip, deflate, br, zstd"]},"tls":{"resumed":false,"version":772,"cipher_suite":4865,"proto":"h2","server_name":"kitap.rorcun.com","ech":false}},"duration":0.0011169,"error":"{id=xiq96049a} fileserver.(*FileServer).notFound (staticfiles.go:737): HTTP 404","first_error":{"msg":"dial tcp 127.0.0.1:8080: connectex: Hedef makine etkin olarak reddettiğinden bağlantı kurulamadı.","status":502,"err_id":"krynkq6yi","err_trace":"reverseproxy.statusError (reverseproxy.go:1626)"}}
{"level":"error","ts":1788606091.9915547,"logger":"http.log.error","msg":"error handling handler error","request":{"remote_ip":"31.223.116.89","remote_port":"56607","client_ip":"31.223.116.89","proto":"HTTP/2.0","method":"GET","host":"kitap.rorcun.com","uri":"/favicon.ico","headers":{"Sec-Fetch-Dest":["image"],"Referer":["https://kitap.rorcun.com/takas/kitaplarim"],"Accept-Encoding":["gzip, deflate, br, zstd"],"User-Agent":["Mozilla/5.0 (Windows NT 10.0; Win64; x64) AppleWebKit/537.36 (KHTML, like Gecko) Chrome/151.0.0.0 Safari/537.36 OPR/135.0.0.0"],"Sec-Ch-Ua":["\"Not=A?Brand\";v=\"99\", \"Opera\";v=\"135\", \"Chromium\";v=\"151\""],"Accept":["image/avif,image/webp,image/apng,image/svg+xml,image/*,*/*;q=0.8"],"Sec-Fetch-Mode":["no-cors"],"Accept-Language":["tr,en-US;q=0.9,en;q=0.8,id;q=0.7,th;q=0.6,ru;q=0.5,da;q=0.4"],"Cookie":["REDACTED"],"Priority":["u=1, i"],"Sec-Fetch-Site":["same-origin"],"Sec-Ch-Ua-Platform":["\"Windows\""],"Sec-Ch-Ua-Mobile":["?0"]},"tls":{"resumed":false,"version":772,"cipher_suite":4865,"proto":"h2","server_name":"kitap.rorcun.com","ech":false}},"duration":0.0010395,"error":"{id=b91y6d9kw} fileserver.(*FileServer).notFound (staticfiles.go:737): HTTP 404","first_error":{"msg":"dial tcp 127.0.0.1:8080: connectex: Hedef makine etkin olarak reddettiğinden bağlantı kurulamadı.","status":502,"err_id":"fe4784yzu","err_trace":"reverseproxy.statusError (reverseproxy.go:1626)"}}
